order_id,customer_age,customer_gender,product_category,payment_method,order_value_usd,delivery_time_days,customer_rating,returned,order_date,Age_Group,Month
1,37,Other,Home & Living,Wallet,1366.6,10,2.3,,2022-01-01,36-45,2022-01
2,41,Female,Fashion,Cash on Delivery,1175.89,6,1.8,,2022-01-02,36-45,2022-01
3,30,Other,Sports,Debit Card,1283.97,7,3.2,,2022-01-03,26-35,2022-01
4,58,Female,Electronics,Credit Card,1245.76,14,3.8,,2022-01-04,56+,2022-01
5,59,Other,Fashion,Cash on Delivery,1411.06,7,3.2,,2022-01-05,56+,2022-01
6,25,Female,Groceries,Credit Card,651.91,11,1.8,,2022-01-06,19-25,2022-01
7,56,Other,Sports,Credit Card,1420.86,3,2.8,,2022-01-07,56+,2022-01
8,40,Male,Electronics,UPI,461.72,5,3.1,,2022-01-08,36-45,2022-01
9,19,Male,Fashion,UPI,582.05,9,1.2,,2022-01-09,19-25,2022-01
10,25,Other,Electronics,Wallet,885.57,9,2.0,,2022-01-10,19-25,2022-01
11,66,Other,Groceries,Credit Card,330.89,13,3.8,,2022-01-11,56+,2022-01
12,46,Other,Fashion,Wallet,1349.1,6,3.3,,2022-01-12,46-55,2022-01
13,32,Male,Home & Living,Wallet,316.38,11,3.0,,2022-01-13,26-35,2022-01
14,37,Male,Sports,Wallet,906.24,1,4.7,,2022-01-14,36-45,2022-01
15,27,Other,Electronics,Debit Card,329.13,2,3.7,,2022-01-15,26-35,2022-01
16,48,Male,Electronics,Debit Card,642.29,6,4.9,,2022-01-16,46-55,2022-01
17,54,Other,Electronics,Wallet,1139.96,14,3.8,,2022-01-17,46-55,2022-01
18,41,Female,Beauty,Cash on Delivery,248.59,2,3.3,,2022-01-18,36-45,2022-01
19,38,Other,Groceries,Cash on Delivery,308.28,12,3.2,,2022-01-19,36-45,2022-01
20,58,Female,Beauty,UPI,524.75,11,2.7,,2022-01-20,56+,2022-01
21,44,Male,Beauty,Cash on Delivery,281.71,5,4.7,,2022-01-21,36-45,2022-01
22,27,Male,Sports,Credit Card,1147.71,6,1.6,,2022-01-22,26-35,2022-01
23,33,Male,Groceries,Credit Card,1403.31,6,2.8,,2022-01-23,26-35,2022-01
24,61,Male,Groceries,Wallet,218.1,12,1.6,,2022-01-24,56+,2022-01
25,21,Male,Home & Living,Wallet,110.4,7,2.8,,2022-01-25,19-25,2022-01
26,35,Male,Fashion,Debit Card,272.05,2,4.4,,2022-01-26,26-35,2022-01
27,66,Female,Electronics,Cash on Delivery,956.7,4,2.6,,2022-01-27,56+,2022-01
28,21,Other,Beauty,UPI,262.41,14,1.9,,2022-01-28,19-25,2022-01
29,67,Other,Home & Living,Wallet,1296.92,13,3.3,,2022-01-29,56+,2022-01
30,26,Other,Sports,Wallet,688.28,5,4.6,,2022-01-30,26-35,2022-01
31,28,Male,Sports,Wallet,1207.04,13,1.6,,2022-01-31,26-35,2022-01
32,66,Female,Fashion,Wallet,875.65,7,3.0,,2022-02-01,56+,2022-02
33,27,Male,Beauty,Debit Card,1131.92,1,4.5,,2022-02-02,26-35,2022-02
34,21,Female,Electronics,Debit Card,1256.88,2,1.8,,2022-02-03,19-25,2022-02
35,28,Male,Home & Living,Credit Card,345.32,1,4.8,,2022-02-04,26-35,2022-02
36,26,Female,Fashion,Debit Card,197.06,6,2.1,,2022-02-05,26-35,2022-02
37,38,Male,Sports,Credit Card,306.13,1,2.9,,2022-02-06,36-45,2022-02
38,27,Male,Fashion,Cash on Delivery,262.28,5,4.6,,2022-02-07,26-35,2022-02
39,52,Male,Sports,Cash on Delivery,815.2,13,2.5,,2022-02-08,46-55,2022-02
40,24,Male,Groceries,Debit Card,484.41,9,1.2,,2022-02-09,19-25,2022-02
41,23,Male,Groceries,UPI,16.04,4,1.6,,2022-02-10,19-25,2022-02
42,66,Male,Fashion,Debit Card,1151.96,5,1.2,,2022-02-11,56+,2022-02
43,42,Female,Electronics,UPI,255.0,12,3.5,,2022-02-12,36-45,2022-02
44,27,Female,Home & Living,UPI,996.2,10,1.1,,2022-02-13,26-35,2022-02
45,40,Female,Fashion,Wallet,1450.86,8,1.1,,2022-02-14,36-45,2022-02
46,55,Female,Groceries,Credit Card,1104.53,6,2.0,,2022-02-15,46-55,2022-02
47,40,Female,Fashion,Credit Card,474.63,2,2.0,,2022-02-16,36-45,2022-02
48,57,Female,Groceries,UPI,345.73,11,3.4,,2022-02-17,56+,2022-02
49,58,Other,Sports,Wallet,499.96,13,3.8,,2022-02-18,56+,2022-02
50,21,Female,Groceries,Credit Card,27.68,11,2.6,,2022-02-19,19-25,2022-02
51,36,Male,Beauty,Wallet,637.49,12,3.1,,2022-02-20,36-45,2022-02
52,41,Male,Home & Living,Wallet,1037.77,8,3.0,,2022-02-21,36-45,2022-02
53,39,Other,Electronics,Credit Card,347.86,1,2.0,,2022-02-22,36-45,2022-02
54,60,Female,Home & Living,UPI,235.28,4,4.9,,2022-02-23,56+,2022-02
55,64,Female,Fashion,UPI,1355.05,11,3.9,,2022-02-24,56+,2022-02
56,34,Other,Fashion,Credit Card,1343.78,4,4.4,,2022-02-25,26-35,2022-02
57,36,Female,Groceries,Debit Card,1083.79,5,2.4,,2022-02-26,36-45,2022-02
58,40,Other,Sports,Credit Card,328.2,2,5.0,,2022-02-27,36-45,2022-02
59,57,Other,Sports,Wallet,394.91,5,4.0,,2022-02-28,56+,2022-02
60,30,Other,Electronics,Cash on Delivery,1364.92,14,3.4,,2022-03-01,26-35,2022-03
61,41,Male,Fashion,Debit Card,807.85,12,3.1,,2022-03-02,36-45,2022-03
62,63,Male,Groceries,Cash on Delivery,209.42,1,2.1,,2022-03-03,56+,2022-03
63,63,Female,Electronics,Debit Card,660.04,5,1.6,,2022-03-04,56+,2022-03
64,44,Female,Groceries,Credit Card,669.14,7,4.9,,2022-03-05,36-45,2022-03
65,67,Female,Beauty,Wallet,1059.33,10,1.9,,2022-03-06,56+,2022-03
66,69,Other,Sports,Cash on Delivery,475.38,4,1.0,,2022-03-07,56+,2022-03
67,65,Other,Sports,Debit Card,930.07,6,1.8,,2022-03-08,56+,2022-03
68,25,Female,Groceries,UPI,396.36,4,1.2,,2022-03-09,19-25,2022-03
69,67,Male,Home & Living,UPI,548.05,1,1.6,,2022-03-10,56+,2022-03
70,47,Other,Beauty,Debit Card,673.2,6,4.9,,2022-03-11,46-55,2022-03
71,63,Female,Fashion,Credit Card,927.88,12,2.7,,2022-03-12,56+,2022-03
72,44,Female,Electronics,Debit Card,601.32,10,4.3,,2022-03-13,36-45,2022-03
73,46,Male,Groceries,Debit Card,526.43,7,4.2,,2022-03-14,46-55,2022-03
74,57,Male,Fashion,Credit Card,124.91,7,1.6,,2022-03-15,56+,2022-03
75,62,Female,Electronics,Credit Card,1313.05,9,2.3,,2022-03-16,56+,2022-03
76,22,Other,Sports,Debit Card,1335.64,4,4.2,,2022-03-17,19-25,2022-03
77,63,Other,Home & Living,Wallet,573.74,5,1.5,,2022-03-18,56+,2022-03
78,25,Other,Home & Living,Wallet,118.13,14,1.7,,2022-03-19,19-25,2022-03
79,21,Other,Beauty,Wallet,979.8,6,3.5,,2022-03-20,19-25,2022-03
80,49,Female,Groceries,Debit Card,219.26,6,1.7,,2022-03-21,46-55,2022-03
81,46,Other,Groceries,Wallet,1396.2,7,1.3,,2022-03-22,46-55,2022-03
82,24,Male,Home & Living,Debit Card,1109.26,9,1.3,,2022-03-23,19-25,2022-03
83,42,Male,Groceries,UPI,514.54,1,3.6,,2022-03-24,36-45,2022-03
84,44,Other,Sports,Wallet,363.81,5,4.6,,2022-03-25,36-45,2022-03
85,56,Female,Home & Living,Wallet,691.22,5,1.6,,2022-03-26,56+,2022-03
86,65,Male,Groceries,Wallet,693.43,7,1.8,,2022-03-27,56+,2022-03
87,47,Female,Groceries,UPI,232.85,10,3.8,,2022-03-28,46-55,2022-03
88,43,Male,Electronics,Debit Card,414.23,3,5.0,,2022-03-29,36-45,2022-03
89,52,Other,Fashion,Debit Card,952.87,5,1.4,,2022-03-30,46-55,2022-03
90,69,Female,Beauty,UPI,1114.45,1,4.9,,2022-03-31,56+,2022-03
91,49,Other,Sports,Wallet,278.2,7,4.7,,2022-04-01,46-55,2022-04
92,50,Male,Beauty,Credit Card,11.78,14,1.2,,2022-04-02,46-55,2022-04
93,52,Other,Electronics,Credit Card,136.84,2,1.2,,2022-04-03,46-55,2022-04
94,41,Male,Beauty,Debit Card,664.81,12,1.6,,2022-04-04,36-45,2022-04
95,29,Other,Sports,UPI,1121.06,10,2.4,,2022-04-05,26-35,2022-04
96,33,Other,Electronics,Credit Card,525.28,8,1.2,,2022-04-06,26-35,2022-04
97,38,Female,Fashion,Cash on Delivery,1333.77,7,2.0,,2022-04-07,36-45,2022-04
98,69,Male,Groceries,Credit Card,1120.65,9,2.1,,2022-04-08,56+,2022-04
99,24,Other,Beauty,UPI,559.99,13,3.5,,2022-04-09,19-25,2022-04
100,45,Male,Home & Living,Credit Card,940.72,3,4.7,,2022-04-10,36-45,2022-04
101,60,Other,Fashion,Wallet,905.67,3,3.5,,2022-04-11,56+,2022-04
102,34,Female,Electronics,UPI,557.05,4,4.7,,2022-04-12,26-35,2022-04
103,41,Other,Fashion,Debit Card,441.05,1,2.9,,2022-04-13,36-45,2022-04
104,20,Female,Fashion,UPI,349.89,11,3.2,,2022-04-14,19-25,2022-04
105,41,Female,Home & Living,Cash on Delivery,112.4,12,1.4,,2022-04-15,36-45,2022-04
106,35,Female,Groceries,Debit Card,74.65,8,3.3,,2022-04-16,26-35,2022-04
107,33,Male,Sports,Wallet,810.01,10,1.3,,2022-04-17,26-35,2022-04
108,34,Other,Fashion,Cash on Delivery,656.48,11,4.3,,2022-04-18,26-35,2022-04
109,24,Female,Fashion,Credit Card,444.08,2,2.6,,2022-04-19,19-25,2022-04
110,54,Male,Sports,Debit Card,11.27,13,2.5,,2022-04-20,46-55,2022-04
111,44,Female,Groceries,Wallet,833.47,3,3.0,,2022-04-21,36-45,2022-04
112,47,Other,Beauty,Credit Card,863.82,5,4.1,,2022-04-22,46-55,2022-04
113,19,Other,Home & Living,Credit Card,276.61,7,1.7,,2022-04-23,19-25,2022-04
114,68,Female,Beauty,Wallet,390.05,4,2.5,,2022-04-24,56+,2022-04
115,25,Male,Electronics,UPI,510.65,6,1.2,,2022-04-25,19-25,2022-04
116,66,Other,Fashion,Cash on Delivery,1330.65,2,2.6,,2022-04-26,56+,2022-04
117,37,Female,Sports,Credit Card,783.87,12,2.1,,2022-04-27,36-45,2022-04
118,26,Male,Sports,Wallet,1060.87,3,3.3,,2022-04-28,26-35,2022-04
119,19,Female,Fashion,UPI,927.39,8,3.6,,2022-04-29,19-25,2022-04
120,20,Other,Electronics,UPI,1375.4,9,1.8,,2022-04-30,19-25,2022-04
121,61,Female,Electronics,Wallet,870.69,14,4.5,,2022-05-01,56+,2022-05
122,59,Male,Fashion,UPI,995.35,11,1.0,,2022-05-02,56+,2022-05
123,39,Other,Groceries,Credit Card,1400.19,8,1.7,,2022-05-03,36-45,2022-05
124,51,Female,Groceries,UPI,187.48,4,4.5,,2022-05-04,46-55,2022-05
125,42,Female,Fashion,Debit Card,932.17,2,1.0,,2022-05-05,36-45,2022-05
126,64,Other,Sports,Credit Card,752.98,5,1.5,,2022-05-06,56+,2022-05
127,64,Other,Electronics,Debit Card,812.81,4,4.1,,2022-05-07,56+,2022-05
128,64,Other,Groceries,Cash on Delivery,158.19,9,2.9,,2022-05-08,56+,2022-05
129,44,Other,Sports,Credit Card,646.97,6,2.1,,2022-05-09,36-45,2022-05
130,21,Male,Electronics,Cash on Delivery,1310.57,4,3.5,,2022-05-10,19-25,2022-05
131,34,Female,Groceries,UPI,875.63,4,4.7,,2022-05-11,26-35,2022-05
132,69,Male,Sports,UPI,268.16,5,2.5,,2022-05-12,56+,2022-05
133,18,Male,Electronics,Credit Card,806.24,11,3.1,,2022-05-13,0-18,2022-05
134,49,Male,Electronics,Credit Card,1088.65,14,2.5,,2022-05-14,46-55,2022-05
135,69,Female,Beauty,Cash on Delivery,1326.63,11,2.6,,2022-05-15,56+,2022-05
136,26,Female,Fashion,Wallet,420.67,4,4.0,,2022-05-16,26-35,2022-05
137,50,Male,Beauty,Cash on Delivery,383.0,14,2.5,,2022-05-17,46-55,2022-05
138,27,Female,Fashion,Cash on Delivery,455.49,14,1.6,,2022-05-18,26-35,2022-05
139,28,Male,Home & Living,Credit Card,1000.49,7,3.4,,2022-05-19,26-35,2022-05
140,34,Female,Sports,Wallet,882.04,13,4.5,,2022-05-20,26-35,2022-05
141,21,Female,Groceries,Credit Card,1153.49,13,1.1,,2022-05-21,19-25,2022-05
142,47,Male,Home & Living,Cash on Delivery,749.95,3,3.2,,2022-05-22,46-55,2022-05
143,23,Female,Fashion,UPI,20.74,2,1.6,,2022-05-23,19-25,2022-05
144,27,Other,Fashion,Wallet,737.04,13,4.5,,2022-05-24,26-35,2022-05
145,27,Other,Electronics,Credit Card,535.07,4,5.0,,2022-05-25,26-35,2022-05
146,44,Male,Sports,UPI,551.74,9,1.2,,2022-05-26,36-45,2022-05
147,39,Other,Sports,Cash on Delivery,749.82,11,1.2,,2022-05-27,36-45,2022-05
148,39,Male,Sports,UPI,1119.47,5,3.8,,2022-05-28,36-45,2022-05
149,42,Other,Sports,Wallet,338.51,14,4.6,,2022-05-29,36-45,2022-05
150,28,Other,Electronics,Credit Card,1073.33,7,2.0,,2022-05-30,26-35,2022-05
151,21,Other,Groceries,Debit Card,569.23,8,3.0,,2022-05-31,19-25,2022-05
152,45,Female,Electronics,Cash on Delivery,958.94,5,2.3,,2022-06-01,36-45,2022-06
153,43,Female,Sports,Cash on Delivery,798.44,5,4.0,,2022-06-02,36-45,2022-06
154,53,Female,Fashion,Wallet,443.15,6,2.5,,2022-06-03,46-55,2022-06
155,62,Female,Home & Living,Debit Card,992.28,6,4.5,,2022-06-04,56+,2022-06
156,49,Other,Groceries,Wallet,1093.67,8,3.9,,2022-06-05,46-55,2022-06
157,53,Female,Sports,Cash on Delivery,1441.25,5,2.3,,2022-06-06,46-55,2022-06
158,42,Other,Sports,Cash on Delivery,1456.59,7,1.5,,2022-06-07,36-45,2022-06
159,35,Male,Fashion,Credit Card,1183.74,2,2.8,,2022-06-08,26-35,2022-06
160,44,Female,Sports,Credit Card,1303.07,3,1.8,,2022-06-09,36-45,2022-06
161,56,Male,Beauty,UPI,1450.95,3,3.8,,2022-06-10,56+,2022-06
162,23,Other,Beauty,Wallet,416.22,11,2.6,,2022-06-11,19-25,2022-06
163,53,Other,Fashion,Wallet,1034.19,5,1.5,,2022-06-12,46-55,2022-06
164,53,Other,Home & Living,Cash on Delivery,1293.29,14,3.3,,2022-06-13,46-55,2022-06
165,30,Other,Groceries,Wallet,924.92,2,3.8,,2022-06-14,26-35,2022-06
166,52,Female,Sports,Cash on Delivery,1356.23,12,2.3,,2022-06-15,46-55,2022-06
167,67,Male,Groceries,Credit Card,987.79,9,1.5,,2022-06-16,56+,2022-06
168,19,Male,Electronics,Wallet,182.66,8,1.3,,2022-06-17,19-25,2022-06
169,36,Other,Fashion,UPI,480.11,13,4.4,,2022-06-18,36-45,2022-06
170,35,Other,Electronics,Credit Card,86.93,9,2.3,,2022-06-19,26-35,2022-06
171,35,Other,Beauty,Cash on Delivery,113.76,5,3.4,,2022-06-20,26-35,2022-06
172,59,Male,Fashion,Debit Card,80.8,13,4.4,,2022-06-21,56+,2022-06
173,69,Other,Sports,Wallet,272.52,12,2.6,,2022-06-22,56+,2022-06
174,32,Male,Sports,UPI,305.76,11,4.8,,2022-06-23,26-35,2022-06
175,65,Other,Groceries,Cash on Delivery,415.93,11,1.5,,2022-06-24,56+,2022-06
176,33,Female,Beauty,UPI,137.47,7,3.3,,2022-06-25,26-35,2022-06
177,43,Other,Home & Living,Credit Card,1195.46,2,2.6,,2022-06-26,36-45,2022-06
178,51,Male,Sports,Debit Card,25.94,6,3.0,,2022-06-27,46-55,2022-06
179,46,Male,Beauty,Debit Card,1496.88,5,4.8,,2022-06-28,46-55,2022-06
180,51,Other,Groceries,Wallet,741.85,10,2.4,,2022-06-29,46-55,2022-06
181,34,Female,Electronics,UPI,241.43,6,3.2,,2022-06-30,26-35,2022-06
182,52,Male,Home & Living,Cash on Delivery,741.27,5,2.6,,2022-07-01,46-55,2022-07
183,59,Other,Home & Living,Debit Card,820.61,14,2.1,,2022-07-02,56+,2022-07
184,43,Male,Beauty,Wallet,985.39,7,1.8,,2022-07-03,36-45,2022-07
185,53,Female,Fashion,Debit Card,1451.35,10,2.3,,2022-07-04,46-55,2022-07
186,54,Other,Electronics,Debit Card,350.62,8,3.6,,2022-07-05,46-55,2022-07
187,34,Female,Groceries,Debit Card,377.3,10,4.5,,2022-07-06,26-35,2022-07
188,21,Male,Sports,Credit Card,471.74,12,3.5,,2022-07-07,19-25,2022-07
189,52,Female,Sports,Credit Card,584.46,1,4.1,,2022-07-08,46-55,2022-07
190,30,Other,Fashion,Wallet,291.97,8,3.7,,2022-07-09,26-35,2022-07
191,38,Other,Fashion,Credit Card,1274.17,3,4.3,,2022-07-10,36-45,2022-07
192,55,Male,Home & Living,Cash on Delivery,636.39,9,1.8,,2022-07-11,46-55,2022-07
193,31,Female,Beauty,Wallet,62.41,9,4.5,,2022-07-12,26-35,2022-07
194,63,Male,Beauty,Wallet,1427.49,5,3.4,,2022-07-13,56+,2022-07
195,56,Other,Electronics,Credit Card,992.47,2,3.2,,2022-07-14,56+,2022-07
196,37,Male,Fashion,Cash on Delivery,1419.9,3,2.0,,2022-07-15,36-45,2022-07
197,25,Male,Beauty,Cash on Delivery,311.37,3,3.8,,2022-07-16,19-25,2022-07
198,32,Male,Electronics,Wallet,957.09,10,2.7,,2022-07-17,26-35,2022-07
199,43,Other,Beauty,Wallet,1140.62,11,3.2,,2022-07-18,36-45,2022-07
200,48,Other,Electronics,Wallet,945.34,3,3.4,,2022-07-19,46-55,2022-07
201,24,Other,Beauty,Debit Card,132.99,13,4.4,,2022-07-20,19-25,2022-07
202,29,Female,Groceries,Wallet,1196.84,3,3.7,,2022-07-21,26-35,2022-07
203,61,Female,Fashion,Cash on Delivery,771.82,9,2.8,,2022-07-22,56+,2022-07
204,42,Other,Beauty,UPI,658.96,10,4.9,,2022-07-23,36-45,2022-07
205,22,Male,Home & Living,UPI,517.29,9,1.2,,2022-07-24,19-25,2022-07
206,28,Female,Groceries,UPI,474.41,12,4.7,,2022-07-25,26-35,2022-07
207,61,Other,Electronics,Credit Card,1411.3,4,4.9,,2022-07-26,56+,2022-07
208,47,Other,Electronics,Cash on Delivery,128.86,9,4.6,,2022-07-27,46-55,2022-07
209,65,Female,Electronics,Wallet,88.31,12,4.4,,2022-07-28,56+,2022-07
210,64,Male,Sports,Wallet,161.39,2,2.5,,2022-07-29,56+,2022-07
211,56,Other,Fashion,Credit Card,1234.42,4,3.0,,2022-07-30,56+,2022-07
212,40,Female,Home & Living,UPI,591.34,10,2.2,,2022-07-31,36-45,2022-07
213,52,Male,Groceries,Wallet,222.17,1,1.6,,2022-08-01,46-55,2022-08
214,65,Female,Sports,UPI,47.06,5,2.2,,2022-08-02,56+,2022-08
215,41,Other,Electronics,UPI,1279.84,5,1.7,,2022-08-03,36-45,2022-08
216,54,Male,Beauty,Credit Card,1414.57,6,4.0,,2022-08-04,46-55,2022-08
217,67,Male,Groceries,Wallet,645.34,3,4.9,,2022-08-05,56+,2022-08
218,38,Male,Home & Living,UPI,1054.26,14,3.1,,2022-08-06,36-45,2022-08
219,50,Other,Home & Living,Wallet,1046.87,9,4.2,,2022-08-07,46-55,2022-08
220,19,Male,Home & Living,Cash on Delivery,336.97,1,4.6,,2022-08-08,19-25,2022-08
221,36,Female,Beauty,Credit Card,817.49,8,4.1,,2022-08-09,36-45,2022-08
222,45,Other,Fashion,Credit Card,732.92,1,1.5,,2022-08-10,36-45,2022-08
223,37,Other,Groceries,Credit Card,286.88,9,2.4,,2022-08-11,36-45,2022-08
224,38,Male,Groceries,Cash on Delivery,1280.54,6,1.1,,2022-08-12,36-45,2022-08
225,63,Other,Fashion,Cash on Delivery,85.2,10,4.3,,2022-08-13,56+,2022-08
226,43,Female,Beauty,Credit Card,683.96,3,3.8,,2022-08-14,36-45,2022-08
227,19,Male,Groceries,Debit Card,1413.14,10,3.5,,2022-08-15,19-25,2022-08
228,55,Other,Home & Living,Cash on Delivery,378.58,2,2.8,,2022-08-16,46-55,2022-08
229,20,Female,Groceries,Credit Card,1155.64,11,1.2,,2022-08-17,19-25,2022-08
230,57,Other,Electronics,Cash on Delivery,31.38,11,1.6,,2022-08-18,56+,2022-08
231,68,Male,Electronics,Cash on Delivery,1177.35,13,3.6,,2022-08-19,56+,2022-08
232,31,Other,Sports,UPI,222.23,3,3.2,,2022-08-20,26-35,2022-08
233,60,Female,Fashion,Wallet,131.23,5,3.7,,2022-08-21,56+,2022-08
234,21,Other,Electronics,Cash on Delivery,1326.68,6,3.9,,2022-08-22,19-25,2022-08
235,22,Male,Electronics,UPI,1169.81,1,1.9,,2022-08-23,19-25,2022-08
236,38,Male,Fashion,Cash on Delivery,776.07,7,1.4,,2022-08-24,36-45,2022-08
237,53,Female,Groceries,UPI,1027.78,7,4.6,,2022-08-25,46-55,2022-08
238,46,Other,Groceries,UPI,306.59,8,3.7,,2022-08-26,46-55,2022-08
239,52,Male,Home & Living,Wallet,1383.78,14,3.9,,2022-08-27,46-55,2022-08
240,49,Female,Beauty,Cash on Delivery,1288.44,10,1.9,,2022-08-28,46-55,2022-08
241,30,Female,Fashion,Cash on Delivery,1200.42,8,2.3,,2022-08-29,26-35,2022-08
242,27,Female,Fashion,Cash on Delivery,358.12,9,3.4,,2022-08-30,26-35,2022-08
243,66,Male,Groceries,UPI,1489.54,7,1.8,,2022-08-31,56+,2022-08
244,68,Other,Beauty,Debit Card,923.61,13,1.3,,2022-09-01,56+,2022-09
245,36,Other,Electronics,UPI,1046.58,14,1.7,,2022-09-02,36-45,2022-09
246,63,Female,Electronics,Debit Card,557.87,4,2.6,,2022-09-03,56+,2022-09
247,28,Female,Fashion,Wallet,877.78,2,4.9,,2022-09-04,26-35,2022-09
248,54,Female,Fashion,Credit Card,511.55,13,2.2,,2022-09-05,46-55,2022-09
249,29,Male,Electronics,Wallet,1484.94,2,3.3,,2022-09-06,26-35,2022-09
250,53,Female,Electronics,Wallet,283.48,4,1.1,,2022-09-07,46-55,2022-09
251,27,Female,Fashion,Credit Card,813.91,13,4.9,,2022-09-08,26-35,2022-09
252,39,Female,Groceries,Debit Card,62.75,13,3.9,,2022-09-09,36-45,2022-09
253,41,Other,Home & Living,Credit Card,1011.48,5,1.2,,2022-09-10,36-45,2022-09
254,25,Male,Sports,Debit Card,1061.68,4,4.5,,2022-09-11,19-25,2022-09
255,64,Male,Groceries,Credit Card,38.78,1,4.9,,2022-09-12,56+,2022-09
256,66,Female,Electronics,Cash on Delivery,1189.92,4,3.5,,2022-09-13,56+,2022-09
257,62,Male,Electronics,UPI,540.57,8,4.3,,2022-09-14,56+,2022-09
258,35,Male,Sports,Wallet,1044.54,13,2.6,,2022-09-15,26-35,2022-09
259,36,Female,Groceries,Wallet,278.92,2,1.4,,2022-09-16,36-45,2022-09
260,53,Female,Fashion,UPI,162.98,14,1.1,,2022-09-17,46-55,2022-09
261,45,Other,Fashion,Wallet,931.55,6,1.2,,2022-09-18,36-45,2022-09
262,66,Female,Beauty,Debit Card,1277.2,7,2.9,,2022-09-19,56+,2022-09
263,59,Female,Sports,Debit Card,782.24,12,1.8,,2022-09-20,56+,2022-09
264,34,Other,Sports,Credit Card,1202.2,14,2.2,,2022-09-21,26-35,2022-09
265,61,Female,Beauty,Debit Card,1388.39,11,1.4,,2022-09-22,56+,2022-09
266,66,Female,Beauty,Debit Card,470.46,12,4.5,,2022-09-23,56+,2022-09
267,62,Male,Electronics,Wallet,241.23,12,1.4,,2022-09-24,56+,2022-09
268,38,Male,Groceries,Credit Card,1170.05,6,3.3,,2022-09-25,36-45,2022-09
269,61,Male,Electronics,Cash on Delivery,167.15,6,1.2,,2022-09-26,56+,2022-09
270,22,Other,Groceries,Debit Card,177.73,7,2.6,,2022-09-27,19-25,2022-09
271,51,Other,Fashion,UPI,1290.94,6,2.6,,2022-09-28,46-55,2022-09
272,18,Female,Electronics,Wallet,38.82,10,3.5,,2022-09-29,0-18,2022-09
273,68,Female,Fashion,Cash on Delivery,844.98,10,3.2,,2022-09-30,56+,2022-09
274,33,Other,Groceries,Cash on Delivery,1406.56,14,4.3,,2022-10-01,26-35,2022-10
275,53,Female,Sports,Wallet,1037.6,12,1.9,,2022-10-02,46-55,2022-10
276,26,Male,Beauty,Wallet,377.13,4,4.6,,2022-10-03,26-35,2022-10
277,46,Male,Electronics,Wallet,292.41,1,4.3,,2022-10-04,46-55,2022-10
278,31,Female,Fashion,Credit Card,816.73,11,2.0,,2022-10-05,26-35,2022-10
279,42,Female,Beauty,Wallet,1001.82,9,2.8,,2022-10-06,36-45,2022-10
280,65,Female,Fashion,Wallet,60.21,11,4.0,,2022-10-07,56+,2022-10
281,51,Male,Fashion,Credit Card,720.83,10,2.2,,2022-10-08,46-55,2022-10
282,68,Male,Electronics,Cash on Delivery,1480.86,10,2.4,,2022-10-09,56+,2022-10
283,22,Other,Fashion,Cash on Delivery,147.93,6,2.2,,2022-10-10,19-25,2022-10
284,66,Male,Sports,Wallet,661.44,2,2.9,,2022-10-11,56+,2022-10
285,30,Male,Electronics,Debit Card,170.83,4,3.2,,2022-10-12,26-35,2022-10
286,18,Other,Fashion,Debit Card,1235.64,13,4.0,,2022-10-13,0-18,2022-10
287,43,Male,Fashion,Debit Card,1486.92,1,3.6,,2022-10-14,36-45,2022-10
288,23,Other,Sports,Cash on Delivery,378.63,4,4.6,,2022-10-15,19-25,2022-10
289,25,Male,Groceries,Wallet,600.39,2,3.1,,2022-10-16,19-25,2022-10
290,58,Other,Home & Living,Wallet,203.02,7,2.9,,2022-10-17,56+,2022-10
291,49,Female,Beauty,Debit Card,634.32,4,2.8,,2022-10-18,46-55,2022-10
292,57,Female,Electronics,Wallet,517.87,5,2.8,,2022-10-19,56+,2022-10
293,46,Female,Groceries,Cash on Delivery,1368.9,7,4.9,,2022-10-20,46-55,2022-10
294,37,Female,Electronics,Wallet,1291.16,8,2.7,,2022-10-21,36-45,2022-10
295,50,Female,Groceries,Credit Card,213.3,8,3.6,,2022-10-22,46-55,2022-10
296,66,Male,Home & Living,UPI,720.43,2,3.8,,2022-10-23,56+,2022-10
297,66,Female,Beauty,Debit Card,468.12,3,3.4,,2022-10-24,56+,2022-10
298,30,Other,Sports,Credit Card,867.64,6,4.4,,2022-10-25,26-35,2022-10
299,33,Female,Beauty,Cash on Delivery,739.14,9,5.0,,2022-10-26,26-35,2022-10
300,43,Other,Electronics,UPI,1237.49,6,1.1,,2022-10-27,36-45,2022-10
301,47,Male,Electronics,Debit Card,1068.75,9,3.7,,2022-10-28,46-55,2022-10
302,67,Other,Electronics,Debit Card,362.6,14,3.3,,2022-10-29,56+,2022-10
303,61,Female,Sports,Debit Card,478.64,13,3.2,,2022-10-30,56+,2022-10
304,34,Other,Groceries,Debit Card,1199.98,13,2.5,,2022-10-31,26-35,2022-10
305,65,Female,Groceries,UPI,510.58,6,2.9,,2022-11-01,56+,2022-11
306,20,Other,Home & Living,Credit Card,828.42,13,4.1,,2022-11-02,19-25,2022-11
307,51,Male,Electronics,Wallet,784.49,9,2.2,,2022-11-03,46-55,2022-11
308,60,Female,Sports,UPI,1148.94,7,5.0,,2022-11-04,56+,2022-11
309,44,Other,Home & Living,Credit Card,201.22,4,2.1,,2022-11-05,36-45,2022-11
310,26,Female,Beauty,Wallet,373.2,7,1.7,,2022-11-06,26-35,2022-11
311,25,Other,Groceries,Credit Card,1132.51,1,4.8,,2022-11-07,19-25,2022-11
312,46,Other,Groceries,Cash on Delivery,391.36,5,4.6,,2022-11-08,46-55,2022-11
313,33,Other,Electronics,Wallet,1315.18,10,3.8,,2022-11-09,26-35,2022-11
314,30,Female,Sports,Credit Card,1385.84,2,3.7,,2022-11-10,26-35,2022-11
315,44,Female,Sports,Wallet,991.02,11,2.7,,2022-11-11,36-45,2022-11
316,65,Male,Home & Living,Debit Card,409.19,1,1.5,,2022-11-12,56+,2022-11
317,68,Female,Sports,Debit Card,1102.17,11,1.2,,2022-11-13,56+,2022-11
318,41,Male,Beauty,Cash on Delivery,526.48,2,2.1,,2022-11-14,36-45,2022-11
319,41,Other,Groceries,Cash on Delivery,247.74,10,3.1,,2022-11-15,36-45,2022-11
320,45,Male,Beauty,Cash on Delivery,1308.02,3,3.8,,2022-11-16,36-45,2022-11
321,38,Other,Home & Living,Cash on Delivery,539.5,4,3.2,,2022-11-17,36-45,2022-11
322,42,Female,Sports,UPI,295.58,3,4.5,,2022-11-18,36-45,2022-11
323,18,Male,Beauty,Cash on Delivery,24.88,8,1.5,,2022-11-19,0-18,2022-11
324,45,Other,Home & Living,Cash on Delivery,473.06,3,1.8,,2022-11-20,36-45,2022-11
325,50,Female,Electronics,Debit Card,885.74,1,3.3,,2022-11-21,46-55,2022-11
326,39,Male,Beauty,UPI,1318.93,6,1.6,,2022-11-22,36-45,2022-11
327,37,Other,Electronics,UPI,1141.1,8,4.1,,2022-11-23,36-45,2022-11
328,35,Other,Beauty,UPI,10.29,12,1.2,,2022-11-24,26-35,2022-11
329,41,Female,Fashion,Cash on Delivery,579.74,6,3.9,,2022-11-25,36-45,2022-11
330,30,Female,Sports,Debit Card,1286.82,5,4.3,,2022-11-26,26-35,2022-11
331,40,Other,Beauty,Debit Card,1376.8,14,2.4,,2022-11-27,36-45,2022-11
332,41,Other,Home & Living,Wallet,1412.63,12,3.2,,2022-11-28,36-45,2022-11
333,21,Female,Electronics,Cash on Delivery,1189.68,1,2.0,,2022-11-29,19-25,2022-11
334,26,Female,Beauty,Debit Card,1075.53,5,1.9,,2022-11-30,26-35,2022-11
335,27,Male,Groceries,Cash on Delivery,673.63,8,1.7,,2022-12-01,26-35,2022-12
336,52,Female,Home & Living,Debit Card,765.54,4,3.4,,2022-12-02,46-55,2022-12
337,53,Male,Beauty,Credit Card,1154.16,11,1.4,,2022-12-03,46-55,2022-12
338,53,Female,Groceries,Cash on Delivery,1341.77,8,2.5,,2022-12-04,46-55,2022-12
339,61,Female,Beauty,Debit Card,1152.08,9,3.0,,2022-12-05,56+,2022-12
340,47,Other,Sports,Credit Card,1440.91,12,4.0,,2022-12-06,46-55,2022-12
341,18,Other,Beauty,Debit Card,1287.89,6,3.6,,2022-12-07,0-18,2022-12
342,29,Other,Sports,Debit Card,12.12,13,3.1,,2022-12-08,26-35,2022-12
343,64,Other,Home & Living,Wallet,677.5,4,3.7,,2022-12-09,56+,2022-12
344,37,Other,Sports,Debit Card,337.42,12,2.1,,2022-12-10,36-45,2022-12
345,44,Female,Beauty,UPI,481.99,4,4.1,,2022-12-11,36-45,2022-12
346,53,Male,Beauty,Cash on Delivery,252.59,3,3.7,,2022-12-12,46-55,2022-12
347,36,Other,Sports,Wallet,1231.57,5,2.2,,2022-12-13,36-45,2022-12
348,23,Female,Sports,Debit Card,425.0,10,2.3,,2022-12-14,19-25,2022-12
349,57,Other,Beauty,Debit Card,1286.0,13,1.2,,2022-12-15,56+,2022-12
350,57,Female,Fashion,Debit Card,797.36,12,1.4,,2022-12-16,56+,2022-12
351,23,Male,Sports,Cash on Delivery,905.15,14,2.9,,2022-12-17,19-25,2022-12
352,23,Male,Sports,Debit Card,1394.85,12,3.8,,2022-12-18,19-25,2022-12
353,56,Male,Beauty,Credit Card,1019.16,8,1.3,,2022-12-19,56+,2022-12
354,25,Female,Beauty,Credit Card,918.16,10,1.3,,2022-12-20,19-25,2022-12
355,33,Female,Fashion,Debit Card,1167.14,11,1.8,,2022-12-21,26-35,2022-12
356,28,Other,Groceries,Credit Card,520.91,6,2.5,,2022-12-22,26-35,2022-12
357,52,Female,Beauty,Credit Card,1494.96,5,2.9,,2022-12-23,46-55,2022-12
358,33,Female,Beauty,Debit Card,1435.91,1,4.5,,2022-12-24,26-35,2022-12
359,31,Other,Sports,Wallet,1315.83,1,3.5,,2022-12-25,26-35,2022-12
360,33,Other,Beauty,UPI,266.1,6,1.0,,2022-12-26,26-35,2022-12
361,36,Other,Sports,Wallet,1491.85,12,2.9,,2022-12-27,36-45,2022-12
362,39,Other,Beauty,Credit Card,1342.09,5,1.8,,2022-12-28,36-45,2022-12
363,27,Female,Groceries,Cash on Delivery,164.64,8,2.2,,2022-12-29,26-35,2022-12
364,66,Female,Groceries,Cash on Delivery,8.65,9,2.5,,2022-12-30,56+,2022-12
365,27,Female,Fashion,Wallet,1399.07,11,4.9,,2022-12-31,26-35,2022-12
366,40,Male,Fashion,UPI,322.32,5,2.4,,2023-01-01,36-45,2023-01
367,44,Female,Beauty,Cash on Delivery,1047.87,5,3.7,,2023-01-02,36-45,2023-01
368,66,Male,Electronics,UPI,288.45,14,2.8,,2023-01-03,56+,2023-01
369,50,Male,Groceries,Cash on Delivery,1138.8,8,2.0,,2023-01-04,46-55,2023-01
370,31,Other,Beauty,Debit Card,1175.38,7,4.7,,2023-01-05,26-35,2023-01
371,27,Female,Groceries,Debit Card,58.7,1,2.6,,2023-01-06,26-35,2023-01
372,45,Male,Electronics,Cash on Delivery,1449.03,5,1.1,,2023-01-07,36-45,2023-01
373,45,Female,Groceries,Cash on Delivery,462.41,6,4.1,,2023-01-08,36-45,2023-01
374,26,Female,Beauty,UPI,279.19,7,2.7,,2023-01-09,26-35,2023-01
375,64,Other,Electronics,Debit Card,381.7,5,4.2,,2023-01-10,56+,2023-01
376,38,Female,Electronics,UPI,836.2,5,2.2,,2023-01-11,36-45,2023-01
377,27,Male,Electronics,UPI,737.3,4,3.5,,2023-01-12,26-35,2023-01
378,37,Female,Sports,Cash on Delivery,1429.12,3,1.2,,2023-01-13,36-45,2023-01
379,39,Female,Groceries,UPI,523.65,2,3.6,,2023-01-14,36-45,2023-01
380,40,Female,Fashion,Credit Card,20.2,2,3.3,,2023-01-15,36-45,2023-01
381,21,Female,Home & Living,Debit Card,862.47,5,4.0,,2023-01-16,19-25,2023-01
382,69,Female,Home & Living,Wallet,413.99,8,1.3,,2023-01-17,56+,2023-01
383,28,Male,Electronics,UPI,318.77,3,4.2,,2023-01-18,26-35,2023-01
384,66,Other,Fashion,Cash on Delivery,1024.0,8,2.8,,2023-01-19,56+,2023-01
385,61,Other,Fashion,UPI,1360.7,5,3.4,,2023-01-20,56+,2023-01
386,67,Female,Electronics,Cash on Delivery,949.72,8,1.8,,2023-01-21,56+,2023-01
387,63,Female,Fashion,Credit Card,359.86,10,3.5,,2023-01-22,56+,2023-01
388,68,Female,Beauty,Credit Card,920.37,2,4.7,,2023-01-23,56+,2023-01
389,31,Female,Electronics,Debit Card,1247.75,5,2.5,,2023-01-24,26-35,2023-01
390,41,Other,Beauty,UPI,1405.16,1,2.5,,2023-01-25,36-45,2023-01
391,25,Male,Electronics,Wallet,9.98,3,1.3,,2023-01-26,19-25,2023-01
392,51,Male,Fashion,UPI,227.76,11,3.3,,2023-01-27,46-55,2023-01
393,63,Male,Groceries,Credit Card,1456.56,13,3.2,,2023-01-28,56+,2023-01
394,45,Female,Electronics,Wallet,521.23,9,2.5,,2023-01-29,36-45,2023-01
395,20,Other,Electronics,Credit Card,285.26,11,3.1,,2023-01-30,19-25,2023-01
396,61,Male,Electronics,Cash on Delivery,807.5,2,2.6,,2023-01-31,56+,2023-01
397,60,Other,Beauty,UPI,361.5,13,2.3,,2023-02-01,56+,2023-02
398,31,Male,Home & Living,UPI,1043.39,4,3.1,,2023-02-02,26-35,2023-02
399,53,Male,Sports,Credit Card,1259.44,4,3.7,,2023-02-03,46-55,2023-02
400,20,Female,Groceries,UPI,546.16,6,3.8,,2023-02-04,19-25,2023-02
401,51,Female,Sports,Wallet,1475.9,9,3.6,,2023-02-05,46-55,2023-02
402,60,Female,Groceries,UPI,198.52,3,1.4,,2023-02-06,56+,2023-02
403,48,Female,Beauty,Credit Card,1004.53,2,1.0,,2023-02-07,46-55,2023-02
404,29,Female,Beauty,Credit Card,1100.88,5,4.2,,2023-02-08,26-35,2023-02
405,47,Male,Electronics,Credit Card,1249.7,2,4.3,,2023-02-09,46-55,2023-02
406,33,Female,Fashion,Wallet,1118.17,3,3.8,,2023-02-10,26-35,2023-02
407,68,Other,Beauty,UPI,537.76,4,2.2,,2023-02-11,56+,2023-02
408,29,Male,Home & Living,Wallet,203.55,12,5.0,,2023-02-12,26-35,2023-02
409,22,Female,Home & Living,Wallet,98.65,11,3.0,,2023-02-13,19-25,2023-02
410,57,Other,Fashion,UPI,998.01,1,1.6,,2023-02-14,56+,2023-02
411,50,Other,Beauty,Credit Card,605.16,11,1.9,,2023-02-15,46-55,2023-02
412,22,Other,Groceries,Debit Card,772.17,12,4.7,,2023-02-16,19-25,2023-02
413,69,Male,Home & Living,UPI,158.27,13,2.1,,2023-02-17,56+,2023-02
414,39,Male,Groceries,Cash on Delivery,1281.95,2,3.6,,2023-02-18,36-45,2023-02
415,66,Female,Sports,UPI,1215.18,5,2.6,,2023-02-19,56+,2023-02
416,55,Male,Sports,Wallet,1441.84,14,2.3,,2023-02-20,46-55,2023-02
417,37,Other,Electronics,UPI,96.42,5,4.0,,2023-02-21,36-45,2023-02
418,35,Other,Beauty,UPI,1103.02,7,1.5,,2023-02-22,26-35,2023-02
419,61,Female,Fashion,Debit Card,793.51,10,1.1,,2023-02-23,56+,2023-02
420,50,Other,Fashion,Credit Card,340.32,6,2.9,,2023-02-24,46-55,2023-02
421,57,Female,Groceries,Debit Card,1272.64,14,4.8,,2023-02-25,56+,2023-02
422,35,Other,Electronics,UPI,1448.58,3,1.2,,2023-02-26,26-35,2023-02
423,20,Other,Home & Living,Credit Card,106.56,10,4.0,,2023-02-27,19-25,2023-02
424,48,Male,Electronics,Credit Card,646.91,10,4.0,,2023-02-28,46-55,2023-02
425,69,Male,Sports,UPI,218.76,5,2.8,,2023-03-01,56+,2023-03
426,46,Male,Fashion,UPI,961.97,11,2.3,,2023-03-02,46-55,2023-03
427,60,Other,Sports,Wallet,1052.18,4,4.7,,2023-03-03,56+,2023-03
428,39,Male,Home & Living,UPI,777.19,14,4.4,,2023-03-04,36-45,2023-03
429,61,Male,Fashion,Cash on Delivery,1033.76,5,4.6,,2023-03-05,56+,2023-03
430,56,Female,Sports,Debit Card,50.31,2,2.8,,2023-03-06,56+,2023-03
431,46,Male,Groceries,Credit Card,157.27,11,2.9,,2023-03-07,46-55,2023-03
432,19,Female,Beauty,Wallet,811.91,4,1.5,,2023-03-08,19-25,2023-03
433,20,Male,Beauty,Wallet,1137.21,11,4.2,,2023-03-09,19-25,2023-03
434,24,Other,Fashion,UPI,924.93,5,2.5,,2023-03-10,19-25,2023-03
435,51,Female,Home & Living,UPI,791.69,13,1.6,,2023-03-11,46-55,2023-03
436,20,Male,Fashion,Wallet,786.37,10,3.2,,2023-03-12,19-25,2023-03
437,48,Female,Sports,Credit Card,1073.73,6,1.2,,2023-03-13,46-55,2023-03
438,39,Male,Groceries,Debit Card,188.39,6,4.2,,2023-03-14,36-45,2023-03
439,52,Female,Groceries,UPI,498.88,2,2.0,,2023-03-15,46-55,2023-03
440,47,Male,Groceries,Cash on Delivery,1068.87,10,3.6,,2023-03-16,46-55,2023-03
441,21,Male,Fashion,Debit Card,42.98,14,2.5,,2023-03-17,19-25,2023-03
442,23,Female,Home & Living,Credit Card,228.66,2,5.0,,2023-03-18,19-25,2023-03
443,34,Female,Home & Living,Wallet,1321.53,5,1.3,,2023-03-19,26-35,2023-03
444,21,Male,Groceries,Cash on Delivery,1148.51,4,3.7,,2023-03-20,19-25,2023-03
445,42,Other,Home & Living,Wallet,1019.19,14,1.4,,2023-03-21,36-45,2023-03
446,30,Female,Groceries,Cash on Delivery,373.86,10,4.2,,2023-03-22,26-35,2023-03
447,22,Female,Fashion,Credit Card,1067.59,9,3.3,,2023-03-23,19-25,2023-03
448,23,Female,Fashion,Credit Card,770.53,12,1.1,,2023-03-24,19-25,2023-03
449,41,Female,Groceries,Wallet,724.93,6,4.9,,2023-03-25,36-45,2023-03
450,44,Female,Beauty,UPI,209.8,1,4.8,,2023-03-26,36-45,2023-03
451,25,Other,Electronics,UPI,625.88,10,2.9,,2023-03-27,19-25,2023-03
452,45,Other,Fashion,Cash on Delivery,487.38,10,4.5,,2023-03-28,36-45,2023-03
453,37,Male,Groceries,Credit Card,429.69,12,2.9,,2023-03-29,36-45,2023-03
454,33,Other,Beauty,Wallet,580.05,9,1.2,,2023-03-30,26-35,2023-03
455,39,Other,Sports,Credit Card,1225.51,3,4.2,,2023-03-31,36-45,2023-03
456,53,Female,Electronics,Debit Card,509.26,10,1.0,,2023-04-01,46-55,2023-04
457,38,Male,Groceries,UPI,266.5,4,4.2,,2023-04-02,36-45,2023-04
458,66,Other,Fashion,Debit Card,326.54,5,3.4,,2023-04-03,56+,2023-04
459,42,Male,Beauty,Cash on Delivery,753.9,12,2.0,,2023-04-04,36-45,2023-04
460,41,Female,Home & Living,Debit Card,348.02,2,4.0,,2023-04-05,36-45,2023-04
461,53,Other,Fashion,UPI,1005.82,1,3.5,,2023-04-06,46-55,2023-04
462,36,Female,Fashion,UPI,1243.25,13,5.0,,2023-04-07,36-45,2023-04
463,42,Male,Sports,Credit Card,23.46,1,4.5,,2023-04-08,36-45,2023-04
464,33,Other,Fashion,Debit Card,149.46,14,3.3,,2023-04-09,26-35,2023-04
465,55,Male,Groceries,Credit Card,350.34,9,1.6,,2023-04-10,46-55,2023-04
466,58,Male,Sports,UPI,1168.56,6,4.0,,2023-04-11,56+,2023-04
467,61,Male,Fashion,UPI,1318.04,13,3.8,,2023-04-12,56+,2023-04
468,21,Other,Electronics,UPI,815.32,10,4.1,,2023-04-13,19-25,2023-04
469,66,Other,Fashion,Wallet,200.33,3,4.1,,2023-04-14,56+,2023-04
470,34,Other,Home & Living,Wallet,1246.87,8,3.6,,2023-04-15,26-35,2023-04
471,66,Other,Electronics,Wallet,1145.0,1,2.1,,2023-04-16,56+,2023-04
472,32,Male,Fashion,Debit Card,441.64,3,4.3,,2023-04-17,26-35,2023-04
473,20,Other,Electronics,Debit Card,304.96,8,2.6,,2023-04-18,19-25,2023-04
474,32,Other,Beauty,Debit Card,1411.17,7,3.7,,2023-04-19,26-35,2023-04
475,32,Female,Sports,Wallet,1439.1,12,4.9,,2023-04-20,26-35,2023-04
476,53,Female,Fashion,Wallet,1302.86,14,3.0,,2023-04-21,46-55,2023-04
477,25,Other,Electronics,UPI,105.11,13,3.6,,2023-04-22,19-25,2023-04
478,31,Female,Electronics,UPI,161.09,6,4.5,,2023-04-23,26-35,2023-04
479,47,Female,Groceries,Wallet,858.41,2,2.3,,2023-04-24,46-55,2023-04
480,63,Female,Fashion,Wallet,670.35,9,1.5,,2023-04-25,56+,2023-04
481,36,Other,Beauty,Credit Card,497.72,10,4.2,,2023-04-26,36-45,2023-04
482,19,Other,Sports,Credit Card,1397.73,7,3.9,,2023-04-27,19-25,2023-04
483,47,Other,Home & Living,Wallet,1169.38,11,4.1,,2023-04-28,46-55,2023-04
484,52,Female,Electronics,UPI,703.7,14,4.1,,2023-04-29,46-55,2023-04
485,67,Other,Home & Living,UPI,813.78,3,4.0,,2023-04-30,56+,2023-04
486,35,Female,Beauty,UPI,1346.88,9,4.8,,2023-05-01,26-35,2023-05
487,33,Female,Groceries,Credit Card,559.89,8,4.8,,2023-05-02,26-35,2023-05
488,22,Female,Home & Living,Wallet,17.76,12,4.7,,2023-05-03,19-25,2023-05
489,29,Female,Fashion,Wallet,1271.8,8,4.2,,2023-05-04,26-35,2023-05
490,21,Other,Sports,Debit Card,1259.28,14,4.3,,2023-05-05,19-25,2023-05
491,21,Female,Sports,UPI,190.4,5,2.1,,2023-05-06,19-25,2023-05
492,50,Other,Sports,Cash on Delivery,1469.01,4,3.3,,2023-05-07,46-55,2023-05
493,62,Female,Beauty,Credit Card,77.22,4,2.6,,2023-05-08,56+,2023-05
494,40,Male,Beauty,Cash on Delivery,560.59,5,4.7,,2023-05-09,36-45,2023-05
495,42,Other,Beauty,Wallet,1383.71,8,3.4,,2023-05-10,36-45,2023-05
496,34,Other,Sports,UPI,888.36,6,4.1,,2023-05-11,26-35,2023-05
497,32,Male,Sports,Cash on Delivery,683.43,10,4.5,,2023-05-12,26-35,2023-05
498,59,Female,Electronics,Debit Card,815.46,14,1.8,,2023-05-13,56+,2023-05
499,64,Other,Fashion,UPI,745.23,14,3.0,,2023-05-14,56+,2023-05
500,30,Other,Groceries,Cash on Delivery,849.19,10,4.9,,2023-05-15,26-35,2023-05
501,54,Female,Electronics,Cash on Delivery,516.24,10,4.3,,2023-05-16,46-55,2023-05
502,42,Male,Groceries,Wallet,1488.79,13,3.9,,2023-05-17,36-45,2023-05
503,64,Male,Fashion,Credit Card,1330.56,4,3.5,,2023-05-18,56+,2023-05
504,31,Male,Electronics,UPI,910.39,13,1.3,,2023-05-19,26-35,2023-05
505,44,Other,Fashion,Credit Card,1048.72,11,3.1,,2023-05-20,36-45,2023-05
506,18,Other,Sports,Credit Card,1483.31,8,3.4,,2023-05-21,0-18,2023-05
507,34,Male,Sports,Wallet,594.92,5,1.2,,2023-05-22,26-35,2023-05
508,36,Male,Fashion,Credit Card,386.74,1,4.1,,2023-05-23,36-45,2023-05
509,20,Male,Beauty,Credit Card,1061.74,9,3.3,,2023-05-24,19-25,2023-05
510,51,Other,Fashion,Credit Card,125.57,12,2.0,,2023-05-25,46-55,2023-05
511,20,Male,Sports,Cash on Delivery,937.87,9,4.7,,2023-05-26,19-25,2023-05
512,35,Female,Groceries,Cash on Delivery,1460.59,5,2.6,,2023-05-27,26-35,2023-05
513,57,Female,Home & Living,Credit Card,775.91,10,1.0,,2023-05-28,56+,2023-05
514,45,Female,Groceries,Cash on Delivery,1381.56,13,1.9,,2023-05-29,36-45,2023-05
515,61,Male,Beauty,Credit Card,655.48,10,4.9,,2023-05-30,56+,2023-05
516,36,Other,Sports,Wallet,150.07,5,1.1,,2023-05-31,36-45,2023-05
517,34,Other,Sports,Wallet,522.57,2,4.8,,2023-06-01,26-35,2023-06
518,34,Female,Beauty,Cash on Delivery,948.59,3,1.7,,2023-06-02,26-35,2023-06
519,27,Female,Home & Living,Wallet,1346.39,4,2.2,,2023-06-03,26-35,2023-06
520,31,Other,Fashion,Wallet,894.49,10,4.4,,2023-06-04,26-35,2023-06
521,45,Male,Electronics,Cash on Delivery,81.81,8,1.7,,2023-06-05,36-45,2023-06
522,40,Female,Groceries,Wallet,325.31,12,2.9,,2023-06-06,36-45,2023-06
523,24,Other,Groceries,Wallet,290.86,1,4.4,,2023-06-07,19-25,2023-06
524,40,Male,Fashion,Credit Card,855.21,2,1.4,,2023-06-08,36-45,2023-06
525,51,Other,Electronics,Cash on Delivery,1470.39,11,3.3,,2023-06-09,46-55,2023-06
526,24,Other,Sports,Cash on Delivery,644.79,2,2.2,,2023-06-10,19-25,2023-06
527,61,Male,Electronics,Debit Card,1020.38,11,3.1,,2023-06-11,56+,2023-06
528,56,Female,Beauty,Cash on Delivery,437.12,5,3.4,,2023-06-12,56+,2023-06
529,43,Male,Electronics,Debit Card,1218.01,6,4.5,,2023-06-13,36-45,2023-06
530,47,Male,Groceries,Cash on Delivery,841.13,7,3.5,,2023-06-14,46-55,2023-06
531,61,Male,Fashion,Debit Card,1122.44,13,1.6,,2023-06-15,56+,2023-06
532,33,Male,Groceries,UPI,432.3,4,4.0,,2023-06-16,26-35,2023-06
533,48,Other,Home & Living,Debit Card,1306.02,10,1.1,,2023-06-17,46-55,2023-06
534,44,Male,Electronics,Cash on Delivery,69.28,10,1.3,,2023-06-18,36-45,2023-06
535,41,Other,Fashion,Wallet,273.79,5,4.0,,2023-06-19,36-45,2023-06
536,45,Female,Beauty,Credit Card,1424.56,7,2.3,,2023-06-20,36-45,2023-06
537,38,Female,Sports,Cash on Delivery,191.32,8,2.8,,2023-06-21,36-45,2023-06
538,63,Female,Fashion,Cash on Delivery,323.5,1,3.9,,2023-06-22,56+,2023-06
539,50,Female,Beauty,Wallet,298.74,8,1.4,,2023-06-23,46-55,2023-06
540,22,Male,Home & Living,Credit Card,1078.51,9,1.8,,2023-06-24,19-25,2023-06
541,21,Male,Fashion,Debit Card,649.01,2,2.2,,2023-06-25,19-25,2023-06
542,35,Male,Home & Living,Cash on Delivery,1087.76,12,3.8,,2023-06-26,26-35,2023-06
543,26,Female,Fashion,Debit Card,221.05,6,3.5,,2023-06-27,26-35,2023-06
544,62,Other,Sports,Credit Card,651.5,9,4.2,,2023-06-28,56+,2023-06
545,39,Male,Home & Living,UPI,897.43,2,2.1,,2023-06-29,36-45,2023-06
546,44,Other,Home & Living,Cash on Delivery,545.59,9,3.8,,2023-06-30,36-45,2023-06
547,23,Female,Groceries,UPI,1080.7,13,1.2,,2023-07-01,19-25,2023-07
548,64,Female,Electronics,UPI,215.67,11,1.3,,2023-07-02,56+,2023-07
549,58,Female,Electronics,UPI,1210.9,13,4.7,,2023-07-03,56+,2023-07
550,35,Female,Home & Living,Credit Card,1411.98,6,2.4,,2023-07-04,26-35,2023-07
551,62,Other,Groceries,Wallet,674.75,4,2.7,,2023-07-05,56+,2023-07
552,53,Female,Groceries,Credit Card,57.55,13,4.0,,2023-07-06,46-55,2023-07
553,54,Other,Electronics,UPI,163.57,13,3.7,,2023-07-07,46-55,2023-07
554,33,Female,Sports,Cash on Delivery,1286.22,11,1.8,,2023-07-08,26-35,2023-07
555,24,Other,Fashion,Cash on Delivery,730.23,10,2.9,,2023-07-09,19-25,2023-07
556,21,Female,Fashion,Credit Card,57.72,5,1.9,,2023-07-10,19-25,2023-07
557,44,Female,Sports,Debit Card,996.79,4,1.1,,2023-07-11,36-45,2023-07
558,50,Other,Home & Living,Credit Card,684.67,10,2.6,,2023-07-12,46-55,2023-07
559,53,Other,Home & Living,UPI,379.1,7,1.3,,2023-07-13,46-55,2023-07
560,63,Other,Sports,Credit Card,139.76,9,1.3,,2023-07-14,56+,2023-07
561,50,Female,Home & Living,Wallet,1475.28,8,1.2,,2023-07-15,46-55,2023-07
562,36,Female,Groceries,Credit Card,1415.07,8,2.3,,2023-07-16,36-45,2023-07
563,63,Other,Groceries,Debit Card,730.0,8,4.1,,2023-07-17,56+,2023-07
564,28,Male,Groceries,Credit Card,1363.39,2,4.5,,2023-07-18,26-35,2023-07
565,51,Other,Electronics,UPI,1108.3,11,2.3,,2023-07-19,46-55,2023-07
566,58,Female,Beauty,UPI,1350.61,10,2.3,,2023-07-20,56+,2023-07
567,47,Other,Sports,Cash on Delivery,780.74,13,4.6,,2023-07-21,46-55,2023-07
568,18,Female,Groceries,Debit Card,702.22,11,4.4,,2023-07-22,0-18,2023-07
569,51,Female,Groceries,UPI,157.22,6,4.1,,2023-07-23,46-55,2023-07
570,26,Other,Home & Living,UPI,1373.07,6,1.1,,2023-07-24,26-35,2023-07
571,53,Male,Electronics,Wallet,1118.76,10,3.4,,2023-07-25,46-55,2023-07
572,22,Female,Groceries,UPI,363.03,8,3.3,,2023-07-26,19-25,2023-07
573,43,Female,Fashion,Credit Card,769.35,12,2.1,,2023-07-27,36-45,2023-07
574,28,Other,Beauty,Wallet,835.15,7,3.1,,2023-07-28,26-35,2023-07
575,31,Other,Electronics,Wallet,1312.47,4,3.9,,2023-07-29,26-35,2023-07
576,46,Male,Sports,Debit Card,867.17,11,4.2,,2023-07-30,46-55,2023-07
577,35,Other,Electronics,Wallet,74.39,3,1.9,,2023-07-31,26-35,2023-07
578,58,Male,Home & Living,Debit Card,429.15,6,3.5,,2023-08-01,56+,2023-08
579,60,Female,Beauty,Wallet,225.5,9,2.3,,2023-08-02,56+,2023-08
580,34,Male,Home & Living,Debit Card,889.71,6,3.3,,2023-08-03,26-35,2023-08
581,49,Female,Fashion,Credit Card,596.59,1,1.1,,2023-08-04,46-55,2023-08
582,43,Male,Beauty,UPI,89.89,11,4.8,,2023-08-05,36-45,2023-08
583,43,Female,Home & Living,Wallet,503.3,5,2.6,,2023-08-06,36-45,2023-08
584,36,Other,Fashion,Wallet,1139.94,11,4.4,,2023-08-07,36-45,2023-08
585,59,Other,Home & Living,Credit Card,754.12,9,4.6,,2023-08-08,56+,2023-08
586,44,Other,Home & Living,Cash on Delivery,100.88,2,3.4,,2023-08-09,36-45,2023-08
587,49,Other,Beauty,UPI,1057.11,8,4.3,,2023-08-10,46-55,2023-08
588,39,Female,Sports,Cash on Delivery,1064.43,13,4.5,,2023-08-11,36-45,2023-08
589,47,Male,Groceries,Cash on Delivery,790.6,14,4.4,,2023-08-12,46-55,2023-08
590,34,Other,Groceries,Cash on Delivery,677.98,5,1.6,,2023-08-13,26-35,2023-08
591,61,Female,Home & Living,Wallet,1453.72,12,1.3,,2023-08-14,56+,2023-08
592,28,Other,Fashion,Debit Card,1485.7,2,4.6,,2023-08-15,26-35,2023-08
593,51,Other,Fashion,Wallet,1230.16,4,4.9,,2023-08-16,46-55,2023-08
594,31,Male,Home & Living,Cash on Delivery,148.91,13,3.1,,2023-08-17,26-35,2023-08
595,31,Female,Electronics,Debit Card,804.52,14,1.2,,2023-08-18,26-35,2023-08
596,36,Male,Electronics,Wallet,949.26,8,2.1,,2023-08-19,36-45,2023-08
597,31,Other,Beauty,Credit Card,1033.75,12,1.4,,2023-08-20,26-35,2023-08
598,39,Male,Fashion,Debit Card,749.75,11,3.4,,2023-08-21,36-45,2023-08
599,25,Male,Electronics,Debit Card,665.72,5,2.9,,2023-08-22,19-25,2023-08
600,53,Male,Groceries,Debit Card,98.96,5,1.5,,2023-08-23,46-55,2023-08
601,39,Male,Beauty,UPI,1114.91,11,1.7,,2023-08-24,36-45,2023-08
602,37,Other,Sports,UPI,329.14,8,4.8,,2023-08-25,36-45,2023-08
603,68,Female,Electronics,UPI,863.8,2,3.6,,2023-08-26,56+,2023-08
604,31,Female,Electronics,Cash on Delivery,1019.17,11,3.3,,2023-08-27,26-35,2023-08
605,29,Female,Groceries,Wallet,1296.26,7,3.1,,2023-08-28,26-35,2023-08
606,49,Female,Electronics,Cash on Delivery,170.12,8,1.9,,2023-08-29,46-55,2023-08
607,53,Other,Home & Living,Cash on Delivery,1272.32,3,3.1,,2023-08-30,46-55,2023-08
608,39,Female,Home & Living,Credit Card,1049.79,8,1.2,,2023-08-31,36-45,2023-08
609,48,Male,Home & Living,UPI,730.47,6,2.8,,2023-09-01,46-55,2023-09
610,53,Other,Fashion,Debit Card,383.86,5,4.0,,2023-09-02,46-55,2023-09
611,36,Other,Home & Living,UPI,883.09,12,1.3,,2023-09-03,36-45,2023-09
612,28,Male,Sports,Cash on Delivery,306.66,2,1.0,,2023-09-04,26-35,2023-09
613,65,Male,Home & Living,Credit Card,1369.23,4,4.2,,2023-09-05,56+,2023-09
614,18,Other,Home & Living,Cash on Delivery,1383.09,9,3.7,,2023-09-06,0-18,2023-09
615,32,Male,Electronics,Debit Card,1499.37,10,4.2,,2023-09-07,26-35,2023-09
616,45,Female,Home & Living,UPI,1099.92,2,4.4,,2023-09-08,36-45,2023-09
617,47,Other,Electronics,Debit Card,828.54,4,2.5,,2023-09-09,46-55,2023-09
618,22,Male,Electronics,Credit Card,117.91,12,2.4,,2023-09-10,19-25,2023-09
619,61,Male,Sports,Debit Card,1132.7,7,4.7,,2023-09-11,56+,2023-09
620,63,Other,Electronics,Cash on Delivery,1461.91,1,2.5,,2023-09-12,56+,2023-09
621,42,Female,Beauty,Debit Card,1456.59,11,4.7,,2023-09-13,36-45,2023-09
622,28,Male,Sports,Credit Card,1146.64,4,1.4,,2023-09-14,26-35,2023-09
623,48,Other,Beauty,Cash on Delivery,590.31,9,1.6,,2023-09-15,46-55,2023-09
624,19,Other,Electronics,Debit Card,766.55,4,1.6,,2023-09-16,19-25,2023-09
625,68,Female,Sports,UPI,111.89,7,1.5,,2023-09-17,56+,2023-09
626,47,Male,Sports,UPI,5.86,8,2.4,,2023-09-18,46-55,2023-09
627,64,Male,Electronics,Debit Card,1222.42,2,2.6,,2023-09-19,56+,2023-09
628,42,Male,Groceries,UPI,925.64,14,3.1,,2023-09-20,36-45,2023-09
629,29,Male,Electronics,Wallet,676.38,9,2.8,,2023-09-21,26-35,2023-09
630,58,Other,Groceries,UPI,530.29,1,3.9,,2023-09-22,56+,2023-09
631,29,Other,Groceries,Debit Card,1184.81,4,2.3,,2023-09-23,26-35,2023-09
632,36,Other,Home & Living,Debit Card,943.56,11,3.4,,2023-09-24,36-45,2023-09
633,45,Male,Sports,Cash on Delivery,642.87,10,3.9,,2023-09-25,36-45,2023-09
634,38,Female,Groceries,Cash on Delivery,627.03,14,2.8,,2023-09-26,36-45,2023-09
635,62,Female,Home & Living,Credit Card,791.36,4,4.2,,2023-09-27,56+,2023-09
636,69,Female,Home & Living,Wallet,1102.42,10,2.7,,2023-09-28,56+,2023-09
637,47,Other,Groceries,Wallet,364.9,1,1.5,,2023-09-29,46-55,2023-09
638,47,Other,Beauty,Cash on Delivery,1027.16,3,2.8,,2023-09-30,46-55,2023-09
639,60,Female,Beauty,UPI,1097.64,2,4.0,,2023-10-01,56+,2023-10
640,22,Other,Groceries,UPI,889.28,4,2.4,,2023-10-02,19-25,2023-10
641,40,Other,Sports,UPI,584.7,2,1.1,,2023-10-03,36-45,2023-10
642,20,Other,Fashion,UPI,1268.21,7,1.3,,2023-10-04,19-25,2023-10
643,35,Female,Sports,UPI,451.57,4,4.2,,2023-10-05,26-35,2023-10
644,40,Other,Beauty,Cash on Delivery,922.34,2,1.5,,2023-10-06,36-45,2023-10
645,57,Other,Fashion,Debit Card,1179.77,12,4.1,,2023-10-07,56+,2023-10
646,47,Other,Sports,UPI,1299.34,1,2.2,,2023-10-08,46-55,2023-10
647,26,Other,Beauty,Credit Card,707.17,9,2.9,,2023-10-09,26-35,2023-10
648,36,Male,Sports,UPI,451.59,4,4.1,,2023-10-10,36-45,2023-10
649,46,Male,Home & Living,Wallet,799.73,11,2.4,,2023-10-11,46-55,2023-10
650,20,Other,Fashion,Cash on Delivery,1086.84,11,2.3,,2023-10-12,19-25,2023-10
651,59,Other,Fashion,UPI,401.53,9,5.0,,2023-10-13,56+,2023-10
652,24,Male,Home & Living,Debit Card,959.05,3,2.7,,2023-10-14,19-25,2023-10
653,50,Other,Beauty,Cash on Delivery,1196.29,12,4.9,,2023-10-15,46-55,2023-10
654,34,Male,Fashion,Wallet,1498.09,12,4.1,,2023-10-16,26-35,2023-10
655,54,Other,Sports,UPI,1444.16,13,4.2,,2023-10-17,46-55,2023-10
656,18,Female,Sports,Credit Card,736.15,11,1.7,,2023-10-18,0-18,2023-10
657,39,Male,Home & Living,Wallet,569.29,12,4.8,,2023-10-19,36-45,2023-10
658,38,Other,Beauty,Debit Card,505.65,12,4.2,,2023-10-20,36-45,2023-10
659,61,Other,Electronics,Credit Card,375.66,13,2.3,,2023-10-21,56+,2023-10
660,34,Male,Beauty,Debit Card,62.92,2,2.3,,2023-10-22,26-35,2023-10
661,61,Female,Beauty,Wallet,16.83,5,4.2,,2023-10-23,56+,2023-10
662,57,Other,Electronics,UPI,344.64,1,1.7,,2023-10-24,56+,2023-10
663,66,Female,Electronics,UPI,560.43,8,2.6,,2023-10-25,56+,2023-10
664,47,Other,Groceries,UPI,1051.99,2,2.2,,2023-10-26,46-55,2023-10
665,54,Female,Electronics,UPI,716.31,10,1.5,,2023-10-27,46-55,2023-10
666,29,Female,Beauty,Cash on Delivery,1293.32,3,4.3,,2023-10-28,26-35,2023-10
667,31,Female,Sports,Wallet,781.54,5,1.4,,2023-10-29,26-35,2023-10
668,36,Male,Beauty,Cash on Delivery,929.49,2,1.1,,2023-10-30,36-45,2023-10
669,41,Other,Fashion,Wallet,1446.63,14,2.5,,2023-10-31,36-45,2023-10
670,23,Other,Beauty,UPI,396.83,5,3.9,,2023-11-01,19-25,2023-11
671,52,Male,Groceries,Wallet,339.56,14,1.8,,2023-11-02,46-55,2023-11
672,32,Female,Fashion,Credit Card,64.29,10,3.8,,2023-11-03,26-35,2023-11
673,42,Female,Beauty,Credit Card,803.02,7,1.1,,2023-11-04,36-45,2023-11
674,32,Other,Electronics,UPI,1168.78,12,3.7,,2023-11-05,26-35,2023-11
675,26,Female,Home & Living,Debit Card,1279.24,10,1.9,,2023-11-06,26-35,2023-11
676,50,Male,Home & Living,Credit Card,466.24,11,2.0,,2023-11-07,46-55,2023-11
677,25,Other,Sports,Cash on Delivery,771.84,10,4.5,,2023-11-08,19-25,2023-11
678,55,Other,Fashion,Debit Card,1079.76,6,2.8,,2023-11-09,46-55,2023-11
679,34,Female,Electronics,Credit Card,717.91,4,2.4,,2023-11-10,26-35,2023-11
680,22,Male,Sports,Credit Card,1293.58,6,4.1,,2023-11-11,19-25,2023-11
681,39,Other,Home & Living,Credit Card,848.46,2,2.6,,2023-11-12,36-45,2023-11
682,18,Female,Beauty,Credit Card,1252.19,2,4.9,,2023-11-13,0-18,2023-11
683,25,Other,Fashion,Credit Card,1021.03,5,4.7,,2023-11-14,19-25,2023-11
684,61,Male,Sports,Wallet,1163.87,14,2.5,,2023-11-15,56+,2023-11
685,40,Male,Electronics,Credit Card,318.71,10,3.9,,2023-11-16,36-45,2023-11
686,46,Female,Beauty,Cash on Delivery,1262.32,4,3.9,,2023-11-17,46-55,2023-11
687,31,Other,Sports,Cash on Delivery,819.74,13,3.6,,2023-11-18,26-35,2023-11
688,41,Other,Sports,Wallet,271.14,13,3.0,,2023-11-19,36-45,2023-11
689,41,Female,Sports,Debit Card,1312.94,2,4.6,,2023-11-20,36-45,2023-11
690,40,Other,Sports,Wallet,682.02,9,1.6,,2023-11-21,36-45,2023-11
691,41,Male,Beauty,UPI,774.45,1,2.8,,2023-11-22,36-45,2023-11
692,63,Male,Home & Living,Wallet,199.78,13,4.1,,2023-11-23,56+,2023-11
693,52,Male,Groceries,Credit Card,1463.35,3,2.1,,2023-11-24,46-55,2023-11
694,66,Other,Beauty,Wallet,400.49,11,3.9,,2023-11-25,56+,2023-11
695,54,Female,Sports,Wallet,1238.27,1,4.8,,2023-11-26,46-55,2023-11
696,20,Other,Fashion,Credit Card,971.21,3,2.8,,2023-11-27,19-25,2023-11
697,51,Other,Beauty,UPI,734.07,13,2.0,,2023-11-28,46-55,2023-11
698,43,Male,Electronics,UPI,991.53,1,3.3,,2023-11-29,36-45,2023-11
699,68,Other,Electronics,Debit Card,1080.23,10,2.6,,2023-11-30,56+,2023-11
700,36,Female,Electronics,Debit Card,1063.04,13,5.0,,2023-12-01,36-45,2023-12
701,61,Male,Beauty,UPI,267.59,13,2.7,,2023-12-02,56+,2023-12
702,69,Female,Groceries,Credit Card,1409.67,3,4.4,,2023-12-03,56+,2023-12
703,54,Female,Groceries,Wallet,117.11,11,1.9,,2023-12-04,46-55,2023-12
704,66,Other,Beauty,Debit Card,135.65,6,2.9,,2023-12-05,56+,2023-12
705,22,Other,Sports,Wallet,420.29,8,1.8,,2023-12-06,19-25,2023-12
706,53,Other,Home & Living,Cash on Delivery,818.09,13,5.0,,2023-12-07,46-55,2023-12
707,32,Other,Electronics,Wallet,239.59,9,1.5,,2023-12-08,26-35,2023-12
708,18,Other,Sports,Cash on Delivery,341.21,10,1.7,,2023-12-09,0-18,2023-12
709,69,Female,Home & Living,Credit Card,957.62,9,3.4,,2023-12-10,56+,2023-12
710,62,Other,Fashion,UPI,908.34,1,2.6,,2023-12-11,56+,2023-12
711,20,Other,Groceries,Cash on Delivery,883.99,6,1.0,,2023-12-12,19-25,2023-12
712,60,Female,Fashion,Cash on Delivery,1405.17,10,1.1,,2023-12-13,56+,2023-12
713,69,Female,Groceries,Credit Card,1495.03,6,1.0,,2023-12-14,56+,2023-12
714,50,Male,Beauty,Wallet,632.43,1,1.8,,2023-12-15,46-55,2023-12
715,39,Other,Sports,Debit Card,1047.77,14,3.3,,2023-12-16,36-45,2023-12
716,55,Male,Fashion,UPI,1129.84,9,3.3,,2023-12-17,46-55,2023-12
717,18,Female,Sports,Credit Card,718.99,6,1.5,,2023-12-18,0-18,2023-12
718,66,Other,Sports,Debit Card,556.3,5,4.2,,2023-12-19,56+,2023-12
719,20,Male,Fashion,Credit Card,79.98,6,1.0,,2023-12-20,19-25,2023-12
720,46,Other,Beauty,Wallet,1487.22,13,4.6,,2023-12-21,46-55,2023-12
721,65,Male,Fashion,Credit Card,1265.22,2,1.8,,2023-12-22,56+,2023-12
722,60,Male,Fashion,Debit Card,1071.59,7,4.6,,2023-12-23,56+,2023-12
723,26,Male,Groceries,Cash on Delivery,940.57,11,3.6,,2023-12-24,26-35,2023-12
724,19,Other,Beauty,Credit Card,141.85,9,1.3,,2023-12-25,19-25,2023-12
725,51,Other,Fashion,Credit Card,1089.82,13,2.8,,2023-12-26,46-55,2023-12
726,69,Other,Electronics,Cash on Delivery,638.78,6,1.2,,2023-12-27,56+,2023-12
727,61,Other,Groceries,UPI,118.73,14,1.7,,2023-12-28,56+,2023-12
728,56,Female,Groceries,Cash on Delivery,914.96,6,1.1,,2023-12-29,56+,2023-12
729,30,Male,Fashion,Debit Card,141.13,2,3.8,,2023-12-30,26-35,2023-12
730,26,Male,Groceries,Cash on Delivery,554.13,2,1.2,,2023-12-31,26-35,2023-12
731,40,Other,Fashion,Credit Card,38.88,14,2.7,,2024-01-01,36-45,2024-01
732,49,Male,Groceries,Credit Card,248.31,2,3.9,,2024-01-02,46-55,2024-01
733,35,Male,Electronics,Wallet,614.85,7,2.2,,2024-01-03,26-35,2024-01
734,24,Other,Electronics,Debit Card,1080.07,3,1.8,,2024-01-04,19-25,2024-01
735,63,Other,Groceries,Credit Card,1176.1,11,1.5,,2024-01-05,56+,2024-01
736,30,Other,Fashion,Credit Card,1030.55,13,3.7,,2024-01-06,26-35,2024-01
737,48,Other,Sports,UPI,938.39,8,4.0,,2024-01-07,46-55,2024-01
738,35,Male,Electronics,Credit Card,583.44,9,3.8,,2024-01-08,26-35,2024-01
739,21,Male,Electronics,Debit Card,1369.01,5,2.8,,2024-01-09,19-25,2024-01
740,26,Female,Electronics,UPI,316.22,5,4.2,,2024-01-10,26-35,2024-01
741,52,Male,Beauty,Wallet,68.03,13,2.2,,2024-01-11,46-55,2024-01
742,47,Other,Groceries,Debit Card,836.68,5,2.5,,2024-01-12,46-55,2024-01
743,29,Female,Home & Living,Credit Card,1192.09,9,4.7,,2024-01-13,26-35,2024-01
744,40,Female,Fashion,Cash on Delivery,1100.76,7,1.5,,2024-01-14,36-45,2024-01
745,68,Other,Home & Living,Debit Card,776.8,1,2.2,,2024-01-15,56+,2024-01
746,18,Other,Home & Living,Cash on Delivery,1045.23,14,4.5,,2024-01-16,0-18,2024-01
747,38,Female,Fashion,UPI,897.47,1,3.3,,2024-01-17,36-45,2024-01
748,40,Male,Electronics,Credit Card,1452.98,4,4.8,,2024-01-18,36-45,2024-01
749,18,Other,Sports,UPI,588.95,10,4.9,,2024-01-19,0-18,2024-01
750,33,Female,Sports,UPI,478.43,3,1.6,,2024-01-20,26-35,2024-01
751,39,Other,Electronics,Credit Card,690.38,4,3.6,,2024-01-21,36-45,2024-01
752,29,Female,Beauty,Cash on Delivery,1078.43,8,1.7,,2024-01-22,26-35,2024-01
753,52,Male,Home & Living,Credit Card,836.54,6,4.9,,2024-01-23,46-55,2024-01
754,60,Male,Fashion,Cash on Delivery,943.03,10,2.6,,2024-01-24,56+,2024-01
755,62,Other,Groceries,Cash on Delivery,26.74,14,3.3,,2024-01-25,56+,2024-01
756,48,Male,Electronics,Credit Card,34.22,12,4.1,,2024-01-26,46-55,2024-01
757,69,Other,Beauty,Credit Card,183.73,6,4.3,,2024-01-27,56+,2024-01
758,19,Other,Sports,UPI,1220.24,4,4.7,,2024-01-28,19-25,2024-01
759,47,Male,Sports,Debit Card,956.7,13,2.2,,2024-01-29,46-55,2024-01
760,40,Female,Home & Living,Credit Card,730.71,3,2.7,,2024-01-30,36-45,2024-01
761,48,Female,Electronics,Wallet,663.96,12,2.5,,2024-01-31,46-55,2024-01
762,19,Other,Electronics,Cash on Delivery,532.66,7,4.1,,2024-02-01,19-25,2024-02
763,35,Female,Sports,Wallet,22.49,2,3.5,,2024-02-02,26-35,2024-02
764,37,Male,Home & Living,Credit Card,584.42,13,4.5,,2024-02-03,36-45,2024-02
765,31,Other,Electronics,Wallet,478.56,10,1.4,,2024-02-04,26-35,2024-02
766,23,Other,Fashion,Cash on Delivery,417.79,10,4.5,,2024-02-05,19-25,2024-02
767,41,Other,Fashion,Credit Card,508.7,9,1.4,,2024-02-06,36-45,2024-02
768,65,Male,Beauty,Wallet,201.09,8,4.9,,2024-02-07,56+,2024-02
769,32,Other,Fashion,Cash on Delivery,825.84,11,4.5,,2024-02-08,26-35,2024-02
770,49,Male,Electronics,Debit Card,749.42,13,2.5,,2024-02-09,46-55,2024-02
771,61,Female,Beauty,UPI,495.43,9,3.4,,2024-02-10,56+,2024-02
772,57,Other,Fashion,Credit Card,169.25,13,2.0,,2024-02-11,56+,2024-02
773,58,Male,Fashion,Debit Card,396.07,5,4.9,,2024-02-12,56+,2024-02
774,56,Male,Beauty,UPI,457.6,13,3.0,,2024-02-13,56+,2024-02
775,63,Male,Groceries,Cash on Delivery,141.68,10,2.2,,2024-02-14,56+,2024-02
776,65,Male,Beauty,Debit Card,266.03,5,2.5,,2024-02-15,56+,2024-02
777,28,Male,Fashion,UPI,1238.79,10,3.7,,2024-02-16,26-35,2024-02
778,53,Other,Home & Living,Cash on Delivery,155.53,3,2.6,,2024-02-17,46-55,2024-02
779,26,Female,Electronics,Credit Card,141.25,13,4.3,,2024-02-18,26-35,2024-02
780,26,Female,Beauty,UPI,1164.26,13,3.6,,2024-02-19,26-35,2024-02
781,39,Male,Home & Living,Credit Card,865.85,13,3.9,,2024-02-20,36-45,2024-02
782,34,Male,Fashion,UPI,440.26,10,3.0,,2024-02-21,26-35,2024-02
783,41,Other,Sports,Credit Card,530.21,10,3.8,,2024-02-22,36-45,2024-02
784,44,Male,Sports,Credit Card,616.01,2,3.6,,2024-02-23,36-45,2024-02
785,52,Female,Electronics,Wallet,1491.95,3,3.8,,2024-02-24,46-55,2024-02
786,57,Male,Sports,Wallet,86.29,14,1.9,,2024-02-25,56+,2024-02
787,29,Female,Fashion,Credit Card,1047.38,6,3.8,,2024-02-26,26-35,2024-02
788,18,Other,Groceries,Wallet,604.14,8,2.5,,2024-02-27,0-18,2024-02
789,22,Male,Groceries,Wallet,1330.2,8,1.3,,2024-02-28,19-25,2024-02
790,23,Male,Electronics,Wallet,286.21,1,4.3,,2024-02-29,19-25,2024-02
791,35,Female,Home & Living,Wallet,946.08,1,1.8,,2024-03-01,26-35,2024-03
792,47,Other,Beauty,Credit Card,789.54,2,2.5,,2024-03-02,46-55,2024-03
793,31,Male,Sports,Wallet,607.53,14,4.9,,2024-03-03,26-35,2024-03
794,53,Male,Beauty,Wallet,1105.37,11,2.8,,2024-03-04,46-55,2024-03
795,54,Other,Beauty,UPI,567.16,6,3.4,,2024-03-05,46-55,2024-03
796,46,Female,Electronics,Credit Card,1383.3,11,2.0,,2024-03-06,46-55,2024-03
797,31,Female,Sports,Cash on Delivery,269.95,13,2.5,,2024-03-07,26-35,2024-03
798,31,Female,Fashion,UPI,954.26,12,1.1,,2024-03-08,26-35,2024-03
799,41,Female,Fashion,Credit Card,395.91,10,2.5,,2024-03-09,36-45,2024-03
800,42,Other,Groceries,Credit Card,38.63,2,4.0,,2024-03-10,36-45,2024-03
801,40,Female,Fashion,Credit Card,109.76,14,1.8,,2024-03-11,36-45,2024-03
802,67,Male,Electronics,Cash on Delivery,990.91,8,3.0,,2024-03-12,56+,2024-03
803,35,Male,Sports,Wallet,1143.56,14,1.6,,2024-03-13,26-35,2024-03
804,58,Female,Sports,UPI,939.32,11,4.9,,2024-03-14,56+,2024-03
805,56,Female,Sports,UPI,874.45,5,1.5,,2024-03-15,56+,2024-03
806,69,Male,Groceries,Wallet,1047.62,13,2.5,,2024-03-16,56+,2024-03
807,23,Other,Groceries,Credit Card,6.07,14,2.3,,2024-03-17,19-25,2024-03
808,49,Male,Home & Living,Debit Card,696.1,1,4.1,,2024-03-18,46-55,2024-03
809,55,Female,Fashion,Cash on Delivery,1004.09,6,2.6,,2024-03-19,46-55,2024-03
810,65,Other,Groceries,Cash on Delivery,373.56,4,4.9,,2024-03-20,56+,2024-03
811,22,Other,Electronics,Wallet,427.93,11,4.1,,2024-03-21,19-25,2024-03
812,22,Female,Groceries,Wallet,1321.55,11,4.0,,2024-03-22,19-25,2024-03
813,57,Other,Fashion,Cash on Delivery,778.64,2,4.5,,2024-03-23,56+,2024-03
814,48,Male,Beauty,Debit Card,771.54,5,4.8,,2024-03-24,46-55,2024-03
815,40,Other,Beauty,Wallet,527.08,10,3.8,,2024-03-25,36-45,2024-03
816,37,Other,Home & Living,Wallet,889.99,2,1.5,,2024-03-26,36-45,2024-03
817,33,Female,Sports,UPI,1214.43,3,1.9,,2024-03-27,26-35,2024-03
818,46,Female,Electronics,Debit Card,1429.18,10,4.7,,2024-03-28,46-55,2024-03
819,61,Male,Beauty,Debit Card,430.27,13,1.8,,2024-03-29,56+,2024-03
820,24,Other,Beauty,Cash on Delivery,225.37,8,3.7,,2024-03-30,19-25,2024-03
821,63,Male,Sports,Cash on Delivery,995.54,11,4.7,,2024-03-31,56+,2024-03
822,52,Male,Home & Living,Wallet,942.74,6,1.1,,2024-04-01,46-55,2024-04
823,45,Female,Groceries,UPI,762.77,8,4.6,,2024-04-02,36-45,2024-04
824,47,Female,Electronics,Wallet,201.63,12,3.8,,2024-04-03,46-55,2024-04
825,39,Other,Electronics,Wallet,398.45,2,2.7,,2024-04-04,36-45,2024-04
826,63,Female,Beauty,Wallet,1206.5,12,1.8,,2024-04-05,56+,2024-04
827,44,Female,Electronics,Debit Card,744.85,11,4.6,,2024-04-06,36-45,2024-04
828,31,Other,Fashion,Debit Card,1175.94,3,2.9,,2024-04-07,26-35,2024-04
829,48,Other,Home & Living,UPI,930.43,11,4.7,,2024-04-08,46-55,2024-04
830,40,Female,Home & Living,UPI,414.91,8,1.1,,2024-04-09,36-45,2024-04
831,53,Other,Groceries,Debit Card,1269.51,1,2.2,,2024-04-10,46-55,2024-04
832,18,Female,Fashion,UPI,970.07,5,2.0,,2024-04-11,0-18,2024-04
833,38,Other,Groceries,Wallet,1384.25,13,2.0,,2024-04-12,36-45,2024-04
834,66,Female,Electronics,Wallet,1354.66,11,4.6,,2024-04-13,56+,2024-04
835,62,Other,Fashion,Cash on Delivery,1269.54,8,1.4,,2024-04-14,56+,2024-04
836,23,Other,Fashion,Credit Card,873.61,11,4.4,,2024-04-15,19-25,2024-04
837,55,Other,Fashion,Cash on Delivery,756.61,14,4.9,,2024-04-16,46-55,2024-04
838,44,Male,Beauty,Credit Card,150.49,7,2.2,,2024-04-17,36-45,2024-04
839,64,Other,Sports,Wallet,824.92,6,2.9,,2024-04-18,56+,2024-04
840,28,Male,Groceries,Credit Card,1236.17,3,4.0,,2024-04-19,26-35,2024-04
841,47,Male,Electronics,UPI,1208.81,12,1.0,,2024-04-20,46-55,2024-04
842,61,Male,Fashion,Wallet,1274.98,4,2.5,,2024-04-21,56+,2024-04
843,43,Male,Electronics,Credit Card,591.14,3,4.0,,2024-04-22,36-45,2024-04
844,28,Other,Groceries,UPI,808.22,14,1.1,,2024-04-23,26-35,2024-04
845,30,Female,Groceries,Wallet,1101.8,13,2.6,,2024-04-24,26-35,2024-04
846,68,Female,Home & Living,Wallet,1236.83,4,3.8,,2024-04-25,56+,2024-04
847,69,Female,Groceries,Wallet,903.26,11,2.3,,2024-04-26,56+,2024-04
848,24,Other,Beauty,Credit Card,617.44,13,4.0,,2024-04-27,19-25,2024-04
849,19,Other,Beauty,Wallet,763.73,14,4.3,,2024-04-28,19-25,2024-04
850,66,Male,Electronics,UPI,137.39,3,4.4,,2024-04-29,56+,2024-04
851,34,Female,Sports,Wallet,571.25,13,4.0,,2024-04-30,26-35,2024-04
852,32,Other,Home & Living,Credit Card,336.08,10,3.9,,2024-05-01,26-35,2024-05
853,20,Male,Fashion,Debit Card,385.61,14,4.8,,2024-05-02,19-25,2024-05
854,39,Other,Groceries,Credit Card,824.14,2,3.6,,2024-05-03,36-45,2024-05
855,58,Other,Electronics,Cash on Delivery,899.91,12,5.0,,2024-05-04,56+,2024-05
856,49,Male,Fashion,UPI,564.2,5,4.5,,2024-05-05,46-55,2024-05
857,44,Other,Electronics,UPI,352.47,12,3.9,,2024-05-06,36-45,2024-05
858,41,Female,Sports,Credit Card,850.7,12,4.8,,2024-05-07,36-45,2024-05
859,53,Other,Electronics,Cash on Delivery,958.82,2,4.3,,2024-05-08,46-55,2024-05
860,31,Other,Home & Living,UPI,411.36,10,2.0,,2024-05-09,26-35,2024-05
861,19,Other,Fashion,Cash on Delivery,1254.8,8,3.4,,2024-05-10,19-25,2024-05
862,56,Other,Beauty,UPI,849.43,4,3.7,,2024-05-11,56+,2024-05
863,18,Other,Home & Living,Debit Card,957.43,9,2.3,,2024-05-12,0-18,2024-05
864,48,Female,Home & Living,Wallet,1368.07,2,1.4,,2024-05-13,46-55,2024-05
865,45,Male,Fashion,Cash on Delivery,368.34,10,2.6,,2024-05-14,36-45,2024-05
866,55,Other,Beauty,Wallet,1365.82,2,3.5,,2024-05-15,46-55,2024-05
867,35,Female,Electronics,Credit Card,120.61,11,3.6,,2024-05-16,26-35,2024-05
868,27,Male,Electronics,Cash on Delivery,1489.08,13,1.8,,2024-05-17,26-35,2024-05
869,51,Male,Sports,Cash on Delivery,938.27,14,2.3,,2024-05-18,46-55,2024-05
870,55,Male,Electronics,UPI,411.13,10,4.8,,2024-05-19,46-55,2024-05
871,65,Other,Sports,Cash on Delivery,1136.05,7,2.2,,2024-05-20,56+,2024-05
872,42,Male,Groceries,Credit Card,772.56,13,4.2,,2024-05-21,36-45,2024-05
873,65,Other,Fashion,Debit Card,445.78,14,2.2,,2024-05-22,56+,2024-05
874,61,Male,Electronics,Debit Card,1380.92,4,1.3,,2024-05-23,56+,2024-05
875,29,Female,Beauty,UPI,671.52,5,1.2,,2024-05-24,26-35,2024-05
876,37,Male,Groceries,Cash on Delivery,1443.73,14,2.4,,2024-05-25,36-45,2024-05
877,69,Male,Home & Living,Debit Card,426.65,1,1.7,,2024-05-26,56+,2024-05
878,31,Other,Fashion,Cash on Delivery,587.76,1,4.7,,2024-05-27,26-35,2024-05
879,21,Male,Electronics,Wallet,646.26,14,3.8,,2024-05-28,19-25,2024-05
880,31,Other,Groceries,Cash on Delivery,228.49,14,2.0,,2024-05-29,26-35,2024-05
881,66,Other,Home & Living,UPI,776.81,1,1.5,,2024-05-30,56+,2024-05
882,50,Other,Groceries,Debit Card,280.74,7,3.6,,2024-05-31,46-55,2024-05
883,25,Female,Groceries,UPI,1135.76,6,3.7,,2024-06-01,19-25,2024-06
884,28,Other,Groceries,Wallet,1323.56,14,4.2,,2024-06-02,26-35,2024-06
885,39,Male,Beauty,Credit Card,997.83,6,1.8,,2024-06-03,36-45,2024-06
886,49,Female,Sports,Cash on Delivery,1328.8,11,3.4,,2024-06-04,46-55,2024-06
887,31,Female,Groceries,Debit Card,1006.75,1,1.4,,2024-06-05,26-35,2024-06
888,63,Male,Sports,Debit Card,622.91,10,1.6,,2024-06-06,56+,2024-06
889,68,Female,Sports,Credit Card,293.98,2,1.7,,2024-06-07,56+,2024-06
890,43,Other,Home & Living,Credit Card,1192.95,12,3.7,,2024-06-08,36-45,2024-06
891,48,Other,Sports,Wallet,1395.29,13,2.1,,2024-06-09,46-55,2024-06
892,56,Other,Groceries,Credit Card,282.41,8,1.0,,2024-06-10,56+,2024-06
893,47,Male,Beauty,UPI,767.18,11,3.1,,2024-06-11,46-55,2024-06
894,33,Male,Groceries,Debit Card,847.91,14,1.1,,2024-06-12,26-35,2024-06
895,18,Other,Fashion,Cash on Delivery,964.85,6,4.6,,2024-06-13,0-18,2024-06
896,51,Female,Sports,Cash on Delivery,394.69,8,4.6,,2024-06-14,46-55,2024-06
897,40,Male,Fashion,Credit Card,475.2,6,2.2,,2024-06-15,36-45,2024-06
898,63,Male,Groceries,Cash on Delivery,883.42,2,3.6,,2024-06-16,56+,2024-06
899,59,Male,Electronics,Cash on Delivery,1093.36,2,3.5,,2024-06-17,56+,2024-06
900,35,Female,Home & Living,Cash on Delivery,296.34,8,3.5,,2024-06-18,26-35,2024-06
901,59,Female,Sports,Wallet,947.5,9,4.5,,2024-06-19,56+,2024-06
902,34,Other,Groceries,Credit Card,310.61,13,4.1,,2024-06-20,26-35,2024-06
903,33,Male,Sports,Cash on Delivery,462.67,9,2.1,,2024-06-21,26-35,2024-06
904,45,Female,Sports,Wallet,15.64,6,3.9,,2024-06-22,36-45,2024-06
905,69,Male,Fashion,UPI,370.68,3,3.4,,2024-06-23,56+,2024-06
906,36,Male,Groceries,Credit Card,576.88,13,3.5,,2024-06-24,36-45,2024-06
907,39,Other,Home & Living,UPI,344.39,4,2.5,,2024-06-25,36-45,2024-06
908,41,Male,Electronics,Credit Card,179.28,2,4.6,,2024-06-26,36-45,2024-06
909,55,Other,Electronics,UPI,944.18,8,1.1,,2024-06-27,46-55,2024-06
910,53,Male,Sports,Debit Card,797.02,14,3.4,,2024-06-28,46-55,2024-06
911,51,Male,Sports,Wallet,478.07,6,2.4,,2024-06-29,46-55,2024-06
912,64,Other,Home & Living,Cash on Delivery,391.33,5,4.7,,2024-06-30,56+,2024-06
913,40,Other,Beauty,Cash on Delivery,630.02,5,1.4,,2024-07-01,36-45,2024-07
914,22,Other,Home & Living,UPI,313.8,2,4.3,,2024-07-02,19-25,2024-07
915,43,Other,Electronics,Cash on Delivery,354.33,12,1.2,,2024-07-03,36-45,2024-07
916,45,Female,Beauty,Credit Card,536.44,1,1.9,,2024-07-04,36-45,2024-07
917,19,Other,Electronics,Credit Card,20.51,4,1.0,,2024-07-05,19-25,2024-07
918,33,Other,Electronics,Wallet,399.61,2,1.4,,2024-07-06,26-35,2024-07
919,20,Other,Electronics,Debit Card,678.88,4,4.7,,2024-07-07,19-25,2024-07
920,36,Male,Home & Living,UPI,1225.81,6,1.9,,2024-07-08,36-45,2024-07
921,44,Male,Electronics,Wallet,635.3,7,1.3,,2024-07-09,36-45,2024-07
922,36,Male,Home & Living,Cash on Delivery,95.63,13,4.1,,2024-07-10,36-45,2024-07
923,37,Other,Fashion,Cash on Delivery,1389.4,12,4.0,,2024-07-11,36-45,2024-07
924,52,Female,Beauty,UPI,958.74,3,1.4,,2024-07-12,46-55,2024-07
925,48,Female,Groceries,Cash on Delivery,872.27,4,3.0,,2024-07-13,46-55,2024-07
926,50,Male,Fashion,Wallet,1276.4,14,3.0,,2024-07-14,46-55,2024-07
927,65,Female,Sports,UPI,1030.35,6,2.4,,2024-07-15,56+,2024-07
928,53,Female,Beauty,Credit Card,579.75,11,4.0,,2024-07-16,46-55,2024-07
929,55,Other,Groceries,Credit Card,509.54,10,1.1,,2024-07-17,46-55,2024-07
930,50,Female,Groceries,UPI,222.26,7,3.2,,2024-07-18,46-55,2024-07
931,65,Female,Home & Living,Cash on Delivery,1039.99,12,2.4,,2024-07-19,56+,2024-07
932,56,Female,Electronics,UPI,168.34,1,4.3,,2024-07-20,56+,2024-07
933,20,Other,Home & Living,Cash on Delivery,1341.39,7,4.2,,2024-07-21,19-25,2024-07
934,66,Male,Home & Living,UPI,583.69,1,3.0,,2024-07-22,56+,2024-07
935,44,Female,Fashion,Cash on Delivery,1038.03,8,1.3,,2024-07-23,36-45,2024-07
936,32,Other,Electronics,Wallet,70.48,3,4.6,,2024-07-24,26-35,2024-07
937,59,Male,Home & Living,Wallet,678.05,11,3.6,,2024-07-25,56+,2024-07
938,58,Other,Home & Living,Credit Card,445.27,5,3.6,,2024-07-26,56+,2024-07
939,57,Male,Fashion,Wallet,649.87,3,4.4,,2024-07-27,56+,2024-07
940,38,Female,Electronics,Cash on Delivery,709.88,12,1.2,,2024-07-28,36-45,2024-07
941,49,Other,Beauty,Wallet,1183.74,10,3.5,,2024-07-29,46-55,2024-07
942,41,Other,Home & Living,Debit Card,1220.11,8,4.2,,2024-07-30,36-45,2024-07
943,33,Female,Groceries,Wallet,1093.59,5,4.3,,2024-07-31,26-35,2024-07
944,39,Male,Home & Living,UPI,708.71,7,2.2,,2024-08-01,36-45,2024-08
945,68,Male,Electronics,Cash on Delivery,915.76,13,4.8,,2024-08-02,56+,2024-08
946,53,Female,Groceries,Wallet,849.17,5,3.0,,2024-08-03,46-55,2024-08
947,39,Male,Groceries,Wallet,1344.3,9,3.5,,2024-08-04,36-45,2024-08
948,25,Male,Home & Living,Credit Card,204.33,2,1.5,,2024-08-05,19-25,2024-08
949,57,Female,Sports,UPI,863.99,7,3.5,,2024-08-06,56+,2024-08
950,68,Other,Beauty,Wallet,36.29,2,3.2,,2024-08-07,56+,2024-08
951,48,Other,Fashion,Debit Card,533.47,4,3.1,,2024-08-08,46-55,2024-08
952,41,Other,Fashion,Debit Card,1203.52,3,2.4,,2024-08-09,36-45,2024-08
953,49,Male,Fashion,Cash on Delivery,253.24,2,3.1,,2024-08-10,46-55,2024-08
954,26,Male,Home & Living,Credit Card,491.26,10,4.1,,2024-08-11,26-35,2024-08
955,24,Male,Beauty,Wallet,64.3,11,4.9,,2024-08-12,19-25,2024-08
956,34,Other,Groceries,Wallet,1406.58,4,2.7,,2024-08-13,26-35,2024-08
957,43,Female,Sports,UPI,516.99,4,4.7,,2024-08-14,36-45,2024-08
958,52,Female,Groceries,UPI,1266.71,8,3.8,,2024-08-15,46-55,2024-08
959,46,Female,Home & Living,Wallet,131.13,12,2.8,,2024-08-16,46-55,2024-08
960,62,Other,Electronics,Debit Card,1291.56,4,4.2,,2024-08-17,56+,2024-08
961,66,Male,Beauty,UPI,500.57,10,3.4,,2024-08-18,56+,2024-08
962,53,Male,Sports,Cash on Delivery,370.14,1,3.7,,2024-08-19,46-55,2024-08
963,67,Male,Electronics,Cash on Delivery,307.08,9,4.4,,2024-08-20,56+,2024-08
964,39,Other,Groceries,Debit Card,668.73,4,2.5,,2024-08-21,36-45,2024-08
965,65,Male,Groceries,UPI,395.04,5,2.0,,2024-08-22,56+,2024-08
966,33,Other,Groceries,UPI,76.58,7,4.9,,2024-08-23,26-35,2024-08
967,38,Other,Home & Living,Cash on Delivery,1019.03,5,3.9,,2024-08-24,36-45,2024-08
968,64,Other,Fashion,Debit Card,1056.89,7,4.4,,2024-08-25,56+,2024-08
969,66,Female,Home & Living,UPI,980.4,4,1.9,,2024-08-26,56+,2024-08
970,49,Female,Groceries,UPI,80.21,11,2.2,,2024-08-27,46-55,2024-08
971,59,Other,Fashion,Wallet,1145.21,2,3.5,,2024-08-28,56+,2024-08
972,60,Other,Sports,Credit Card,386.93,14,3.5,,2024-08-29,56+,2024-08
973,69,Female,Electronics,UPI,918.74,6,4.6,,2024-08-30,56+,2024-08
974,69,Female,Sports,Credit Card,583.4,3,3.7,,2024-08-31,56+,2024-08
975,43,Female,Sports,Cash on Delivery,1178.64,5,3.6,,2024-09-01,36-45,2024-09
976,23,Female,Fashion,UPI,412.57,11,2.5,,2024-09-02,19-25,2024-09
977,69,Female,Home & Living,Wallet,467.38,8,4.6,,2024-09-03,56+,2024-09
978,30,Female,Groceries,Credit Card,513.44,3,4.3,,2024-09-04,26-35,2024-09
979,27,Male,Home & Living,Debit Card,902.87,9,3.3,,2024-09-05,26-35,2024-09
980,63,Female,Sports,Cash on Delivery,784.0,13,1.6,,2024-09-06,56+,2024-09
981,22,Female,Beauty,Cash on Delivery,156.18,5,3.9,,2024-09-07,19-25,2024-09
982,41,Male,Fashion,Credit Card,1240.3,9,2.7,,2024-09-08,36-45,2024-09
983,53,Female,Fashion,Debit Card,1445.15,7,1.9,,2024-09-09,46-55,2024-09
984,42,Female,Fashion,Wallet,648.16,9,4.6,,2024-09-10,36-45,2024-09
985,18,Female,Fashion,Cash on Delivery,1477.93,1,1.9,,2024-09-11,0-18,2024-09
986,38,Female,Beauty,UPI,245.4,3,1.4,,2024-09-12,36-45,2024-09
987,33,Other,Electronics,Credit Card,1207.61,6,2.0,,2024-09-13,26-35,2024-09
988,32,Male,Home & Living,UPI,1211.56,5,2.1,,2024-09-14,26-35,2024-09
989,37,Female,Sports,Wallet,1224.68,2,1.8,,2024-09-15,36-45,2024-09
990,62,Male,Beauty,Debit Card,796.52,12,4.5,,2024-09-16,56+,2024-09
991,34,Female,Fashion,Wallet,90.14,6,1.5,,2024-09-17,26-35,2024-09
992,38,Male,Home & Living,UPI,1410.86,9,4.7,,2024-09-18,36-45,2024-09
993,34,Female,Home & Living,UPI,1316.82,6,4.2,,2024-09-19,26-35,2024-09
994,50,Other,Beauty,Cash on Delivery,897.02,10,4.3,,2024-09-20,46-55,2024-09
995,67,Other,Electronics,Cash on Delivery,95.39,4,4.2,,2024-09-21,56+,2024-09
996,46,Female,Fashion,Cash on Delivery,930.78,14,3.9,,2024-09-22,46-55,2024-09
997,60,Female,Beauty,Credit Card,760.24,1,3.5,,2024-09-23,56+,2024-09
998,55,Other,Fashion,Wallet,861.14,1,1.9,,2024-09-24,46-55,2024-09
999,65,Male,Fashion,UPI,309.8,6,4.4,,2024-09-25,56+,2024-09
1000,30,Other,Beauty,Cash on Delivery,88.7,11,4.3,,2024-09-26,26-35,2024-09
1001,19,Other,Beauty,Wallet,927.35,14,3.3,,2024-09-27,19-25,2024-09
1002,45,Female,Sports,Cash on Delivery,958.67,2,4.9,,2024-09-28,36-45,2024-09
1003,20,Other,Sports,UPI,933.41,3,4.4,,2024-09-29,19-25,2024-09
1004,38,Male,Electronics,Debit Card,108.88,1,2.5,,2024-09-30,36-45,2024-09
1005,24,Other,Electronics,Credit Card,1191.48,6,2.4,,2024-10-01,19-25,2024-10
1006,24,Other,Fashion,Debit Card,1490.94,13,3.5,,2024-10-02,19-25,2024-10
1007,62,Other,Electronics,Wallet,264.24,9,2.1,,2024-10-03,56+,2024-10
1008,56,Male,Groceries,Wallet,717.0,7,3.1,,2024-10-04,56+,2024-10
1009,69,Male,Fashion,Wallet,175.58,7,1.1,,2024-10-05,56+,2024-10
1010,58,Male,Beauty,Credit Card,55.07,8,4.7,,2024-10-06,56+,2024-10
1011,69,Other,Groceries,Debit Card,345.24,1,2.7,,2024-10-07,56+,2024-10
1012,35,Male,Electronics,Wallet,1305.68,7,2.3,,2024-10-08,26-35,2024-10
1013,44,Male,Groceries,UPI,1206.39,1,4.7,,2024-10-09,36-45,2024-10
1014,60,Female,Home & Living,Cash on Delivery,1310.23,6,4.3,,2024-10-10,56+,2024-10
1015,41,Male,Beauty,Credit Card,175.51,8,1.0,,2024-10-11,36-45,2024-10
1016,66,Other,Groceries,Debit Card,97.27,7,1.2,,2024-10-12,56+,2024-10
1017,63,Other,Sports,Cash on Delivery,29.24,10,4.2,,2024-10-13,56+,2024-10
1018,44,Female,Sports,UPI,783.81,4,2.7,,2024-10-14,36-45,2024-10
1019,62,Female,Beauty,UPI,363.57,2,2.7,,2024-10-15,56+,2024-10
1020,34,Female,Sports,UPI,1129.71,4,2.1,,2024-10-16,26-35,2024-10
1021,65,Male,Fashion,Credit Card,1428.56,7,2.0,,2024-10-17,56+,2024-10
1022,25,Male,Fashion,Debit Card,819.43,10,4.3,,2024-10-18,19-25,2024-10
1023,25,Female,Sports,Credit Card,181.06,1,4.6,,2024-10-19,19-25,2024-10
1024,53,Female,Home & Living,Credit Card,106.18,2,1.1,,2024-10-20,46-55,2024-10
1025,67,Female,Home & Living,UPI,489.69,13,1.9,,2024-10-21,56+,2024-10
1026,53,Female,Beauty,UPI,345.59,14,1.4,,2024-10-22,46-55,2024-10
1027,44,Female,Home & Living,Credit Card,1243.75,5,1.4,,2024-10-23,36-45,2024-10
1028,54,Male,Fashion,Cash on Delivery,280.33,11,1.2,,2024-10-24,46-55,2024-10
1029,21,Male,Groceries,Credit Card,1000.73,4,2.5,,2024-10-25,19-25,2024-10
1030,37,Female,Beauty,Credit Card,567.81,3,4.2,,2024-10-26,36-45,2024-10
1031,56,Male,Groceries,Cash on Delivery,1294.99,1,2.9,,2024-10-27,56+,2024-10
1032,36,Male,Fashion,Wallet,228.63,4,1.2,,2024-10-28,36-45,2024-10
1033,61,Female,Electronics,Debit Card,369.47,5,4.1,,2024-10-29,56+,2024-10
1034,29,Other,Home & Living,Cash on Delivery,880.72,5,3.3,,2024-10-30,26-35,2024-10
1035,57,Female,Electronics,Cash on Delivery,1399.31,4,2.6,,2024-10-31,56+,2024-10
1036,45,Other,Beauty,Debit Card,803.31,4,1.7,,2024-11-01,36-45,2024-11
1037,21,Male,Fashion,Debit Card,427.3,8,1.4,,2024-11-02,19-25,2024-11
1038,43,Male,Home & Living,Wallet,1418.2,9,1.6,,2024-11-03,36-45,2024-11
1039,46,Other,Home & Living,UPI,228.51,5,1.7,,2024-11-04,46-55,2024-11
1040,57,Other,Beauty,Debit Card,202.47,13,4.5,,2024-11-05,56+,2024-11
1041,48,Male,Home & Living,UPI,773.33,13,2.1,,2024-11-06,46-55,2024-11
1042,31,Female,Fashion,Wallet,668.93,3,4.7,,2024-11-07,26-35,2024-11
1043,18,Male,Electronics,Debit Card,944.14,5,4.0,,2024-11-08,0-18,2024-11
1044,38,Female,Beauty,UPI,305.1,9,2.6,,2024-11-09,36-45,2024-11
1045,32,Other,Home & Living,Credit Card,676.91,10,2.1,,2024-11-10,26-35,2024-11
1046,38,Female,Fashion,Debit Card,317.6,8,3.1,,2024-11-11,36-45,2024-11
1047,52,Female,Home & Living,Debit Card,1229.92,7,4.6,,2024-11-12,46-55,2024-11
1048,40,Female,Home & Living,Wallet,983.79,2,4.1,,2024-11-13,36-45,2024-11
1049,65,Other,Sports,Debit Card,255.75,3,3.9,,2024-11-14,56+,2024-11
1050,65,Female,Fashion,Credit Card,735.07,13,2.5,,2024-11-15,56+,2024-11
1051,33,Other,Electronics,Wallet,1339.53,4,2.6,,2024-11-16,26-35,2024-11
1052,25,Other,Groceries,Credit Card,638.58,2,2.5,,2024-11-17,19-25,2024-11
1053,44,Female,Beauty,UPI,1222.76,11,2.6,,2024-11-18,36-45,2024-11
1054,25,Male,Beauty,Debit Card,226.51,3,3.8,,2024-11-19,19-25,2024-11
1055,40,Male,Groceries,UPI,806.01,8,2.5,,2024-11-20,36-45,2024-11
1056,22,Other,Home & Living,Debit Card,1256.53,13,2.1,,2024-11-21,19-25,2024-11
1057,34,Other,Groceries,Debit Card,682.37,1,4.4,,2024-11-22,26-35,2024-11
1058,54,Female,Beauty,Wallet,1310.27,10,3.1,,2024-11-23,46-55,2024-11
1059,28,Female,Electronics,Debit Card,361.72,9,1.6,,2024-11-24,26-35,2024-11
1060,53,Female,Home & Living,Wallet,369.94,10,2.1,,2024-11-25,46-55,2024-11
1061,54,Other,Beauty,UPI,1067.03,3,4.5,,2024-11-26,46-55,2024-11
1062,51,Female,Sports,Credit Card,14.48,13,1.8,,2024-11-27,46-55,2024-11
1063,25,Other,Groceries,Wallet,973.2,12,2.2,,2024-11-28,19-25,2024-11
1064,52,Other,Groceries,Debit Card,52.53,3,3.8,,2024-11-29,46-55,2024-11
1065,39,Female,Home & Living,UPI,340.01,5,4.3,,2024-11-30,36-45,2024-11
1066,40,Other,Groceries,Debit Card,873.0,14,2.3,,2024-12-01,36-45,2024-12
1067,32,Other,Electronics,Credit Card,601.09,14,1.9,,2024-12-02,26-35,2024-12
1068,31,Other,Groceries,UPI,139.44,12,4.3,,2024-12-03,26-35,2024-12
1069,21,Male,Home & Living,Debit Card,1232.71,5,2.7,,2024-12-04,19-25,2024-12
1070,37,Male,Home & Living,Wallet,1356.4,5,1.9,,2024-12-05,36-45,2024-12
1071,20,Female,Groceries,Cash on Delivery,1156.6,13,4.6,,2024-12-06,19-25,2024-12
1072,41,Female,Beauty,UPI,1016.19,8,2.9,,2024-12-07,36-45,2024-12
1073,35,Female,Fashion,Wallet,1039.79,5,3.2,,2024-12-08,26-35,2024-12
1074,56,Female,Beauty,Credit Card,1420.09,11,1.2,,2024-12-09,56+,2024-12
1075,46,Other,Beauty,Wallet,161.7,14,2.1,,2024-12-10,46-55,2024-12
1076,28,Female,Fashion,UPI,437.79,10,1.1,,2024-12-11,26-35,2024-12
1077,52,Male,Groceries,UPI,909.54,7,4.9,,2024-12-12,46-55,2024-12
1078,24,Male,Sports,Cash on Delivery,94.82,4,3.9,,2024-12-13,19-25,2024-12
1079,25,Other,Fashion,Debit Card,1365.58,10,3.7,,2024-12-14,19-25,2024-12
1080,52,Female,Fashion,Wallet,997.86,7,4.6,,2024-12-15,46-55,2024-12
1081,23,Female,Fashion,UPI,287.86,7,1.7,,2024-12-16,19-25,2024-12
1082,62,Female,Fashion,Wallet,1294.74,1,4.8,,2024-12-17,56+,2024-12
1083,47,Female,Beauty,UPI,26.92,2,2.1,,2024-12-18,46-55,2024-12
1084,62,Female,Home & Living,Cash on Delivery,1289.67,11,4.6,,2024-12-19,56+,2024-12
1085,34,Male,Home & Living,Cash on Delivery,1210.22,3,2.4,,2024-12-20,26-35,2024-12
1086,30,Female,Electronics,UPI,125.14,2,3.4,,2024-12-21,26-35,2024-12
1087,66,Other,Electronics,Credit Card,1361.34,10,3.4,,2024-12-22,56+,2024-12
1088,42,Other,Home & Living,Wallet,1486.14,13,3.9,,2024-12-23,36-45,2024-12
1089,35,Other,Groceries,UPI,354.75,1,1.9,,2024-12-24,26-35,2024-12
1090,65,Female,Beauty,Wallet,547.91,4,3.4,,2024-12-25,56+,2024-12
1091,59,Male,Electronics,Debit Card,198.89,12,4.2,,2024-12-26,56+,2024-12
1092,20,Female,Home & Living,Wallet,281.09,14,3.5,,2024-12-27,19-25,2024-12
1093,43,Male,Home & Living,Debit Card,332.88,5,2.7,,2024-12-28,36-45,2024-12
1094,18,Other,Groceries,Cash on Delivery,1025.45,4,2.1,,2024-12-29,0-18,2024-12
1095,51,Male,Electronics,UPI,1279.09,11,1.1,,2024-12-30,46-55,2024-12
1096,33,Other,Sports,Cash on Delivery,413.34,14,4.1,,2024-12-31,26-35,2024-12
1097,36,Other,Sports,UPI,27.3,10,2.3,,2025-01-01,36-45,2025-01
1098,38,Female,Beauty,Wallet,1198.68,6,2.9,,2025-01-02,36-45,2025-01
1099,47,Other,Sports,UPI,528.98,3,2.9,,2025-01-03,46-55,2025-01
1100,21,Male,Fashion,Wallet,34.34,5,4.2,,2025-01-04,19-25,2025-01
1101,20,Other,Groceries,Cash on Delivery,1215.01,8,2.8,,2025-01-05,19-25,2025-01
1102,18,Male,Home & Living,Cash on Delivery,1018.81,11,1.8,,2025-01-06,0-18,2025-01
1103,61,Other,Home & Living,Credit Card,49.83,14,1.5,,2025-01-07,56+,2025-01
1104,40,Female,Groceries,Cash on Delivery,993.17,14,1.5,,2025-01-08,36-45,2025-01
1105,22,Male,Home & Living,Credit Card,495.32,3,1.2,,2025-01-09,19-25,2025-01
1106,64,Other,Fashion,Wallet,865.64,8,2.0,,2025-01-10,56+,2025-01
1107,39,Male,Beauty,Cash on Delivery,352.75,11,4.7,,2025-01-11,36-45,2025-01
1108,31,Female,Fashion,Debit Card,906.31,5,4.4,,2025-01-12,26-35,2025-01
1109,53,Other,Beauty,Debit Card,877.9,14,3.6,,2025-01-13,46-55,2025-01
1110,25,Other,Electronics,Debit Card,1427.95,4,3.8,,2025-01-14,19-25,2025-01
1111,33,Male,Groceries,Credit Card,81.38,10,1.2,,2025-01-15,26-35,2025-01
1112,28,Female,Sports,Wallet,769.23,12,2.2,,2025-01-16,26-35,2025-01
1113,50,Female,Groceries,UPI,1272.73,4,2.2,,2025-01-17,46-55,2025-01
1114,34,Other,Electronics,Cash on Delivery,351.1,7,3.3,,2025-01-18,26-35,2025-01
1115,31,Other,Beauty,Cash on Delivery,527.47,1,3.9,,2025-01-19,26-35,2025-01
1116,46,Male,Home & Living,Cash on Delivery,754.58,3,1.2,,2025-01-20,46-55,2025-01
1117,19,Female,Groceries,UPI,205.63,12,4.8,,2025-01-21,19-25,2025-01
1118,37,Other,Fashion,Wallet,1495.8,11,3.5,,2025-01-22,36-45,2025-01
1119,50,Male,Fashion,Debit Card,663.95,3,4.2,,2025-01-23,46-55,2025-01
1120,64,Female,Groceries,Credit Card,790.14,2,2.9,,2025-01-24,56+,2025-01
1121,51,Other,Sports,UPI,611.53,9,1.2,,2025-01-25,46-55,2025-01
1122,27,Other,Beauty,UPI,23.39,4,4.7,,2025-01-26,26-35,2025-01
1123,21,Other,Fashion,Cash on Delivery,554.93,7,2.0,,2025-01-27,19-25,2025-01
1124,45,Other,Home & Living,Credit Card,577.43,9,3.9,,2025-01-28,36-45,2025-01
1125,58,Male,Fashion,Credit Card,28.98,2,3.7,,2025-01-29,56+,2025-01
1126,21,Female,Fashion,UPI,1468.13,1,1.1,,2025-01-30,19-25,2025-01
1127,27,Other,Electronics,Cash on Delivery,128.68,8,4.5,,2025-01-31,26-35,2025-01
1128,44,Male,Electronics,Debit Card,759.07,6,3.5,,2025-02-01,36-45,2025-02
1129,47,Female,Sports,Debit Card,878.86,2,2.8,,2025-02-02,46-55,2025-02
1130,39,Other,Electronics,Cash on Delivery,1318.23,5,2.9,,2025-02-03,36-45,2025-02
1131,68,Female,Electronics,Debit Card,1109.0,9,4.2,,2025-02-04,56+,2025-02
1132,36,Other,Fashion,Credit Card,1338.35,10,4.3,,2025-02-05,36-45,2025-02
1133,65,Female,Beauty,Cash on Delivery,621.79,1,4.8,,2025-02-06,56+,2025-02
1134,43,Male,Beauty,UPI,1427.87,4,1.1,,2025-02-07,36-45,2025-02
1135,47,Female,Beauty,Cash on Delivery,618.49,9,4.2,,2025-02-08,46-55,2025-02
1136,23,Male,Home & Living,Credit Card,1476.07,8,3.6,,2025-02-09,19-25,2025-02
1137,19,Other,Sports,Cash on Delivery,637.65,3,4.0,,2025-02-10,19-25,2025-02
1138,49,Other,Home & Living,Debit Card,610.55,7,3.0,,2025-02-11,46-55,2025-02
1139,65,Male,Sports,Debit Card,1069.46,12,3.2,,2025-02-12,56+,2025-02
1140,25,Other,Groceries,Cash on Delivery,862.54,5,4.7,,2025-02-13,19-25,2025-02
1141,48,Other,Fashion,Cash on Delivery,1040.61,2,3.4,,2025-02-14,46-55,2025-02
1142,44,Other,Home & Living,Wallet,538.02,10,3.9,,2025-02-15,36-45,2025-02
1143,45,Female,Home & Living,UPI,25.19,8,4.7,,2025-02-16,36-45,2025-02
1144,55,Female,Electronics,Debit Card,704.51,7,1.9,,2025-02-17,46-55,2025-02
1145,28,Male,Fashion,UPI,516.23,2,1.6,,2025-02-18,26-35,2025-02
1146,23,Female,Fashion,Cash on Delivery,890.92,4,2.5,,2025-02-19,19-25,2025-02
1147,37,Female,Beauty,Debit Card,1096.86,6,2.7,,2025-02-20,36-45,2025-02
1148,31,Other,Beauty,Credit Card,727.43,11,1.8,,2025-02-21,26-35,2025-02
1149,18,Other,Home & Living,Wallet,1138.19,1,4.9,,2025-02-22,0-18,2025-02
1150,61,Female,Electronics,Wallet,247.08,3,1.2,,2025-02-23,56+,2025-02
1151,50,Other,Groceries,Cash on Delivery,1381.03,9,3.9,,2025-02-24,46-55,2025-02
1152,69,Female,Sports,Credit Card,194.42,7,4.7,,2025-02-25,56+,2025-02
1153,48,Other,Groceries,Cash on Delivery,633.92,2,1.6,,2025-02-26,46-55,2025-02
1154,28,Female,Electronics,UPI,1045.86,13,4.4,,2025-02-27,26-35,2025-02
1155,65,Male,Beauty,Cash on Delivery,706.93,13,3.1,,2025-02-28,56+,2025-02
1156,50,Male,Beauty,Credit Card,572.39,11,3.6,,2025-03-01,46-55,2025-03
1157,68,Other,Sports,Credit Card,680.03,12,2.8,,2025-03-02,56+,2025-03
1158,37,Other,Fashion,Credit Card,1184.35,3,3.3,,2025-03-03,36-45,2025-03
1159,49,Female,Fashion,UPI,908.04,6,3.6,,2025-03-04,46-55,2025-03
1160,42,Male,Fashion,Cash on Delivery,1409.89,2,4.1,,2025-03-05,36-45,2025-03
1161,68,Other,Fashion,Credit Card,345.85,11,4.8,,2025-03-06,56+,2025-03
1162,49,Male,Electronics,Wallet,168.02,13,2.7,,2025-03-07,46-55,2025-03
1163,39,Other,Sports,Wallet,333.55,10,4.0,,2025-03-08,36-45,2025-03
1164,55,Female,Electronics,UPI,1083.33,1,3.9,,2025-03-09,46-55,2025-03
1165,55,Other,Beauty,Credit Card,735.68,13,3.8,,2025-03-10,46-55,2025-03
1166,54,Other,Fashion,UPI,611.1,14,3.5,,2025-03-11,46-55,2025-03
1167,56,Male,Sports,Debit Card,234.71,10,4.0,,2025-03-12,56+,2025-03
1168,54,Other,Beauty,Debit Card,1488.15,8,4.2,,2025-03-13,46-55,2025-03
1169,67,Female,Groceries,Wallet,1468.11,13,2.1,,2025-03-14,56+,2025-03
1170,32,Female,Groceries,Cash on Delivery,647.15,4,2.4,,2025-03-15,26-35,2025-03
1171,35,Female,Electronics,Wallet,527.35,3,1.8,,2025-03-16,26-35,2025-03
1172,27,Other,Electronics,Credit Card,465.3,4,3.4,,2025-03-17,26-35,2025-03
1173,36,Male,Sports,Cash on Delivery,1018.98,7,4.7,,2025-03-18,36-45,2025-03
1174,41,Other,Electronics,Cash on Delivery,1110.71,13,3.2,,2025-03-19,36-45,2025-03
1175,60,Female,Sports,UPI,567.19,6,4.1,,2025-03-20,56+,2025-03
1176,25,Other,Fashion,Debit Card,1465.13,12,4.7,,2025-03-21,19-25,2025-03
1177,64,Other,Groceries,UPI,1441.53,13,3.4,,2025-03-22,56+,2025-03
1178,57,Male,Groceries,UPI,94.19,6,2.3,,2025-03-23,56+,2025-03
1179,35,Other,Fashion,Wallet,629.85,7,2.3,,2025-03-24,26-35,2025-03
1180,36,Male,Sports,Debit Card,1261.33,3,1.1,,2025-03-25,36-45,2025-03
1181,48,Female,Beauty,Cash on Delivery,85.56,5,4.2,,2025-03-26,46-55,2025-03
1182,35,Other,Groceries,Credit Card,1052.37,10,1.8,,2025-03-27,26-35,2025-03
1183,35,Male,Sports,UPI,27.83,5,3.6,,2025-03-28,26-35,2025-03
1184,24,Female,Home & Living,Credit Card,334.34,6,3.3,,2025-03-29,19-25,2025-03
1185,43,Male,Home & Living,Wallet,542.68,2,4.2,,2025-03-30,36-45,2025-03
1186,34,Other,Groceries,Credit Card,108.69,2,2.1,,2025-03-31,26-35,2025-03
1187,43,Female,Home & Living,Credit Card,1031.94,3,4.4,,2025-04-01,36-45,2025-04
1188,21,Female,Groceries,UPI,757.03,10,2.7,,2025-04-02,19-25,2025-04
1189,34,Female,Fashion,Credit Card,755.54,3,1.6,,2025-04-03,26-35,2025-04
1190,69,Other,Beauty,Debit Card,174.59,9,4.3,,2025-04-04,56+,2025-04
1191,40,Other,Fashion,Wallet,1050.31,14,1.1,,2025-04-05,36-45,2025-04
1192,33,Male,Sports,Cash on Delivery,860.78,8,1.6,,2025-04-06,26-35,2025-04
1193,21,Male,Groceries,UPI,522.52,3,3.8,,2025-04-07,19-25,2025-04
1194,54,Male,Fashion,UPI,1272.63,4,1.1,,2025-04-08,46-55,2025-04
1195,45,Male,Electronics,Wallet,526.9,14,3.2,,2025-04-09,36-45,2025-04
1196,33,Female,Electronics,Credit Card,971.53,12,5.0,,2025-04-10,26-35,2025-04
1197,58,Female,Beauty,Debit Card,942.0,6,2.3,,2025-04-11,56+,2025-04
1198,24,Other,Groceries,Wallet,1089.2,1,4.2,,2025-04-12,19-25,2025-04
1199,64,Other,Fashion,UPI,242.64,1,1.9,,2025-04-13,56+,2025-04
1200,47,Female,Beauty,Credit Card,774.4,13,3.2,,2025-04-14,46-55,2025-04
1201,63,Other,Beauty,Debit Card,720.16,7,2.8,,2025-04-15,56+,2025-04
1202,60,Male,Electronics,UPI,895.1,4,3.7,,2025-04-16,56+,2025-04
1203,66,Other,Beauty,Cash on Delivery,1210.85,1,3.5,,2025-04-17,56+,2025-04
1204,23,Male,Fashion,Wallet,1121.06,6,2.3,,2025-04-18,19-25,2025-04
1205,66,Male,Fashion,UPI,1428.84,9,4.4,,2025-04-19,56+,2025-04
1206,51,Female,Electronics,UPI,768.88,2,2.3,,2025-04-20,46-55,2025-04
1207,36,Other,Beauty,Credit Card,606.62,6,2.6,,2025-04-21,36-45,2025-04
1208,33,Other,Fashion,Credit Card,635.74,11,3.1,,2025-04-22,26-35,2025-04
1209,49,Male,Fashion,UPI,1278.81,12,3.0,,2025-04-23,46-55,2025-04
1210,24,Female,Home & Living,UPI,1028.42,11,3.3,,2025-04-24,19-25,2025-04
1211,60,Other,Electronics,Debit Card,1018.05,12,4.4,,2025-04-25,56+,2025-04
1212,47,Male,Groceries,Wallet,628.18,1,4.4,,2025-04-26,46-55,2025-04
1213,18,Female,Home & Living,Cash on Delivery,79.19,8,2.3,,2025-04-27,0-18,2025-04
1214,37,Female,Sports,Credit Card,1449.78,7,1.5,,2025-04-28,36-45,2025-04
1215,43,Other,Electronics,Cash on Delivery,660.17,5,3.7,,2025-04-29,36-45,2025-04
1216,64,Other,Home & Living,Wallet,1440.63,8,3.8,,2025-04-30,56+,2025-04
1217,22,Female,Fashion,Wallet,455.3,6,2.2,,2025-05-01,19-25,2025-05
1218,56,Other,Groceries,Cash on Delivery,878.97,11,1.6,,2025-05-02,56+,2025-05
1219,64,Male,Home & Living,Wallet,341.42,14,3.6,,2025-05-03,56+,2025-05
1220,48,Female,Home & Living,Debit Card,1380.31,8,2.6,,2025-05-04,46-55,2025-05
1221,20,Female,Groceries,Credit Card,299.78,5,1.2,,2025-05-05,19-25,2025-05
1222,53,Other,Fashion,Credit Card,1103.91,9,4.2,,2025-05-06,46-55,2025-05
1223,23,Female,Beauty,Credit Card,1497.1,12,2.8,,2025-05-07,19-25,2025-05
1224,44,Other,Fashion,UPI,323.46,4,3.6,,2025-05-08,36-45,2025-05
1225,64,Male,Home & Living,Cash on Delivery,533.15,4,4.8,,2025-05-09,56+,2025-05
1226,27,Male,Fashion,Credit Card,441.66,9,3.0,,2025-05-10,26-35,2025-05
1227,25,Male,Sports,Credit Card,1415.27,10,3.9,,2025-05-11,19-25,2025-05
1228,33,Other,Fashion,Credit Card,824.67,1,1.9,,2025-05-12,26-35,2025-05
1229,51,Female,Fashion,Wallet,1252.09,3,4.7,,2025-05-13,46-55,2025-05
1230,69,Other,Electronics,Wallet,1341.2,8,5.0,,2025-05-14,56+,2025-05
1231,50,Male,Fashion,Debit Card,951.48,14,1.2,,2025-05-15,46-55,2025-05
1232,56,Male,Beauty,Cash on Delivery,884.87,8,4.7,,2025-05-16,56+,2025-05
1233,63,Male,Beauty,Credit Card,382.67,11,4.1,,2025-05-17,56+,2025-05
1234,27,Other,Beauty,UPI,736.55,3,2.2,,2025-05-18,26-35,2025-05
1235,29,Male,Groceries,Credit Card,434.05,6,3.4,,2025-05-19,26-35,2025-05
1236,46,Male,Fashion,Wallet,481.36,4,4.2,,2025-05-20,46-55,2025-05
1237,24,Other,Home & Living,Debit Card,348.98,9,1.3,,2025-05-21,19-25,2025-05
1238,32,Male,Fashion,UPI,260.23,12,1.2,,2025-05-22,26-35,2025-05
1239,35,Female,Electronics,UPI,66.41,11,2.0,,2025-05-23,26-35,2025-05
1240,50,Female,Home & Living,UPI,463.37,2,3.1,,2025-05-24,46-55,2025-05
1241,26,Other,Home & Living,UPI,551.3,7,3.0,,2025-05-25,26-35,2025-05
1242,31,Male,Beauty,UPI,688.55,1,3.2,,2025-05-26,26-35,2025-05
1243,52,Female,Fashion,Debit Card,263.3,7,2.1,,2025-05-27,46-55,2025-05
1244,45,Female,Electronics,Wallet,1038.52,5,1.8,,2025-05-28,36-45,2025-05
1245,42,Female,Home & Living,Wallet,1387.82,14,3.2,,2025-05-29,36-45,2025-05
1246,28,Female,Home & Living,Wallet,452.14,14,2.6,,2025-05-30,26-35,2025-05
1247,20,Male,Home & Living,UPI,259.32,6,1.6,,2025-05-31,19-25,2025-05
1248,35,Male,Electronics,Debit Card,1416.22,11,4.3,,2025-06-01,26-35,2025-06
1249,54,Male,Groceries,Debit Card,37.34,6,2.3,,2025-06-02,46-55,2025-06
1250,37,Other,Groceries,Wallet,1429.65,12,4.7,,2025-06-03,36-45,2025-06
1251,56,Other,Electronics,Debit Card,1034.08,3,2.7,,2025-06-04,56+,2025-06
1252,49,Other,Sports,Debit Card,1025.94,8,4.6,,2025-06-05,46-55,2025-06
1253,50,Male,Home & Living,UPI,527.44,7,1.1,,2025-06-06,46-55,2025-06
1254,52,Female,Fashion,UPI,1250.12,6,4.2,,2025-06-07,46-55,2025-06
1255,54,Male,Sports,UPI,1065.9,5,4.7,,2025-06-08,46-55,2025-06
1256,29,Other,Electronics,Wallet,923.19,12,4.9,,2025-06-09,26-35,2025-06
1257,37,Other,Sports,Credit Card,481.28,9,4.4,,2025-06-10,36-45,2025-06
1258,45,Male,Beauty,Debit Card,1401.78,8,1.8,,2025-06-11,36-45,2025-06
1259,48,Other,Home & Living,Credit Card,1337.2,2,2.9,,2025-06-12,46-55,2025-06
1260,37,Female,Fashion,Debit Card,515.44,7,4.2,,2025-06-13,36-45,2025-06
1261,28,Female,Beauty,Debit Card,1238.79,13,2.8,,2025-06-14,26-35,2025-06
1262,29,Other,Sports,Credit Card,326.39,8,4.1,,2025-06-15,26-35,2025-06
1263,43,Male,Sports,UPI,334.14,1,4.8,,2025-06-16,36-45,2025-06
1264,59,Female,Sports,Cash on Delivery,293.06,4,4.2,,2025-06-17,56+,2025-06
1265,20,Other,Home & Living,Debit Card,326.87,12,4.6,,2025-06-18,19-25,2025-06
1266,67,Male,Groceries,Wallet,865.12,12,3.5,,2025-06-19,56+,2025-06
1267,49,Male,Fashion,Wallet,948.51,5,4.2,,2025-06-20,46-55,2025-06
1268,54,Other,Electronics,Credit Card,178.99,11,3.1,,2025-06-21,46-55,2025-06
1269,18,Male,Groceries,Debit Card,891.17,1,2.4,,2025-06-22,0-18,2025-06
1270,22,Female,Electronics,Credit Card,810.09,7,1.6,,2025-06-23,19-25,2025-06
1271,30,Male,Beauty,Debit Card,259.44,11,2.9,,2025-06-24,26-35,2025-06
1272,52,Male,Electronics,Debit Card,116.06,13,1.7,,2025-06-25,46-55,2025-06
1273,60,Female,Beauty,Wallet,1252.42,6,1.4,,2025-06-26,56+,2025-06
1274,44,Male,Groceries,UPI,84.99,8,1.9,,2025-06-27,36-45,2025-06
1275,46,Male,Beauty,Cash on Delivery,923.06,6,4.2,,2025-06-28,46-55,2025-06
1276,25,Male,Groceries,Debit Card,1215.92,9,2.2,,2025-06-29,19-25,2025-06
1277,32,Female,Groceries,Cash on Delivery,605.29,10,4.2,,2025-06-30,26-35,2025-06
1278,23,Female,Fashion,Cash on Delivery,1223.84,10,4.4,,2025-07-01,19-25,2025-07
1279,18,Female,Electronics,UPI,1243.51,9,4.5,,2025-07-02,0-18,2025-07
1280,52,Female,Fashion,Debit Card,416.55,10,3.5,,2025-07-03,46-55,2025-07
1281,42,Female,Home & Living,Cash on Delivery,182.38,11,3.6,,2025-07-04,36-45,2025-07
1282,35,Male,Electronics,UPI,194.22,13,4.5,,2025-07-05,26-35,2025-07
1283,39,Male,Fashion,Cash on Delivery,1149.78,12,5.0,,2025-07-06,36-45,2025-07
1284,45,Other,Fashion,Credit Card,1122.71,12,3.6,,2025-07-07,36-45,2025-07
1285,50,Male,Beauty,Debit Card,743.58,12,2.5,,2025-07-08,46-55,2025-07
1286,52,Male,Groceries,Debit Card,411.74,12,3.4,,2025-07-09,46-55,2025-07
1287,33,Other,Fashion,Debit Card,1002.21,10,1.2,,2025-07-10,26-35,2025-07
1288,23,Other,Home & Living,Wallet,190.39,4,3.2,,2025-07-11,19-25,2025-07
1289,54,Male,Groceries,Wallet,473.44,4,3.3,,2025-07-12,46-55,2025-07
1290,25,Male,Electronics,Credit Card,1095.51,7,2.6,,2025-07-13,19-25,2025-07
1291,23,Female,Electronics,Wallet,26.6,14,1.5,,2025-07-14,19-25,2025-07
1292,55,Other,Electronics,Wallet,1279.0,4,1.7,,2025-07-15,46-55,2025-07
1293,41,Female,Home & Living,UPI,676.09,7,3.3,,2025-07-16,36-45,2025-07
1294,53,Female,Home & Living,Wallet,925.23,13,2.9,,2025-07-17,46-55,2025-07
1295,58,Other,Groceries,Cash on Delivery,493.67,1,3.3,,2025-07-18,56+,2025-07
1296,49,Male,Sports,UPI,542.36,10,3.9,,2025-07-19,46-55,2025-07
1297,38,Male,Electronics,Debit Card,80.64,11,2.9,,2025-07-20,36-45,2025-07
1298,66,Other,Fashion,Cash on Delivery,58.34,1,4.7,,2025-07-21,56+,2025-07
1299,47,Other,Fashion,UPI,191.49,12,1.8,,2025-07-22,46-55,2025-07
1300,31,Female,Groceries,Cash on Delivery,164.33,9,3.3,,2025-07-23,26-35,2025-07
1301,55,Male,Home & Living,Wallet,57.94,5,4.4,,2025-07-24,46-55,2025-07
1302,56,Male,Groceries,Wallet,309.93,10,4.2,,2025-07-25,56+,2025-07
1303,46,Female,Beauty,Debit Card,336.82,3,2.3,,2025-07-26,46-55,2025-07
1304,25,Female,Electronics,Debit Card,515.71,14,4.7,,2025-07-27,19-25,2025-07
1305,59,Other,Home & Living,UPI,916.03,3,4.7,,2025-07-28,56+,2025-07
1306,35,Male,Groceries,Debit Card,587.45,7,2.3,,2025-07-29,26-35,2025-07
1307,69,Male,Home & Living,Wallet,261.53,1,2.8,,2025-07-30,56+,2025-07
1308,40,Male,Groceries,Wallet,912.7,9,3.6,,2025-07-31,36-45,2025-07
1309,22,Male,Beauty,Debit Card,282.17,14,4.9,,2025-08-01,19-25,2025-08
1310,60,Male,Fashion,Wallet,173.44,12,4.5,,2025-08-02,56+,2025-08
1311,20,Male,Electronics,Wallet,1418.08,3,3.0,,2025-08-03,19-25,2025-08
1312,34,Other,Beauty,Credit Card,1170.74,8,2.2,,2025-08-04,26-35,2025-08
1313,63,Female,Beauty,Wallet,1142.66,13,3.1,,2025-08-05,56+,2025-08
1314,66,Female,Home & Living,Wallet,557.16,13,3.7,,2025-08-06,56+,2025-08
1315,37,Female,Home & Living,Credit Card,956.41,10,2.5,,2025-08-07,36-45,2025-08
1316,50,Other,Sports,Credit Card,570.1,10,1.2,,2025-08-08,46-55,2025-08
1317,41,Female,Groceries,UPI,558.82,7,3.4,,2025-08-09,36-45,2025-08
1318,23,Other,Fashion,Debit Card,1406.14,14,4.9,,2025-08-10,19-25,2025-08
1319,29,Female,Sports,Cash on Delivery,1450.66,6,3.2,,2025-08-11,26-35,2025-08
1320,26,Other,Fashion,Credit Card,520.19,8,4.3,,2025-08-12,26-35,2025-08
1321,55,Other,Beauty,Debit Card,699.83,3,3.0,,2025-08-13,46-55,2025-08
1322,53,Male,Sports,UPI,907.17,13,3.8,,2025-08-14,46-55,2025-08
1323,42,Female,Fashion,Wallet,1405.25,13,4.0,,2025-08-15,36-45,2025-08
1324,26,Other,Sports,Debit Card,230.66,10,4.0,,2025-08-16,26-35,2025-08
1325,37,Male,Electronics,Credit Card,470.5,7,3.5,,2025-08-17,36-45,2025-08
1326,47,Female,Home & Living,UPI,1178.01,4,2.7,,2025-08-18,46-55,2025-08
1327,35,Male,Groceries,Wallet,1251.85,3,4.2,,2025-08-19,26-35,2025-08
1328,64,Other,Beauty,Debit Card,562.66,9,1.8,,2025-08-20,56+,2025-08
1329,45,Male,Fashion,Credit Card,1255.05,4,4.5,,2025-08-21,36-45,2025-08
1330,28,Other,Electronics,Credit Card,307.74,5,2.5,,2025-08-22,26-35,2025-08
1331,47,Female,Groceries,Credit Card,1347.37,2,2.7,,2025-08-23,46-55,2025-08
1332,18,Male,Groceries,UPI,722.35,3,1.2,,2025-08-24,0-18,2025-08
1333,30,Female,Groceries,Credit Card,62.09,11,2.7,,2025-08-25,26-35,2025-08
1334,69,Other,Electronics,Wallet,432.33,12,1.8,,2025-08-26,56+,2025-08
1335,39,Male,Groceries,Wallet,584.41,3,4.9,,2025-08-27,36-45,2025-08
1336,34,Female,Beauty,Debit Card,169.86,11,3.6,,2025-08-28,26-35,2025-08
1337,63,Male,Fashion,Credit Card,1476.65,2,3.0,,2025-08-29,56+,2025-08
1338,38,Other,Electronics,Wallet,93.66,2,3.0,,2025-08-30,36-45,2025-08
1339,58,Other,Fashion,Cash on Delivery,1208.17,5,1.0,,2025-08-31,56+,2025-08
1340,58,Other,Fashion,UPI,1229.81,13,1.5,,2025-09-01,56+,2025-09
1341,27,Male,Sports,Cash on Delivery,1488.4,14,3.9,,2025-09-02,26-35,2025-09
1342,24,Other,Beauty,Wallet,472.05,9,3.4,,2025-09-03,19-25,2025-09
1343,45,Female,Home & Living,Cash on Delivery,1065.09,9,3.7,,2025-09-04,36-45,2025-09
1344,27,Female,Groceries,UPI,768.92,10,1.8,,2025-09-05,26-35,2025-09
1345,42,Female,Sports,Wallet,899.05,8,3.6,,2025-09-06,36-45,2025-09
1346,36,Other,Groceries,Credit Card,463.39,7,1.5,,2025-09-07,36-45,2025-09
1347,53,Other,Electronics,Credit Card,146.04,9,4.0,,2025-09-08,46-55,2025-09
1348,45,Female,Groceries,Credit Card,859.84,5,1.6,,2025-09-09,36-45,2025-09
1349,67,Female,Home & Living,Credit Card,1477.65,2,4.5,,2025-09-10,56+,2025-09
1350,35,Male,Electronics,Cash on Delivery,684.99,1,4.8,,2025-09-11,26-35,2025-09
1351,31,Male,Home & Living,UPI,384.66,7,4.0,,2025-09-12,26-35,2025-09
1352,64,Other,Electronics,Debit Card,1191.22,4,2.6,,2025-09-13,56+,2025-09
1353,50,Male,Sports,Wallet,332.15,14,2.5,,2025-09-14,46-55,2025-09
1354,45,Other,Fashion,Credit Card,358.84,11,2.5,,2025-09-15,36-45,2025-09
1355,47,Other,Groceries,Cash on Delivery,143.85,1,2.6,,2025-09-16,46-55,2025-09
1356,54,Female,Groceries,Cash on Delivery,228.33,10,3.0,,2025-09-17,46-55,2025-09
1357,29,Other,Fashion,Wallet,412.52,14,1.1,,2025-09-18,26-35,2025-09
1358,20,Other,Electronics,Cash on Delivery,534.35,4,4.5,,2025-09-19,19-25,2025-09
1359,47,Other,Fashion,Cash on Delivery,1138.18,3,3.8,,2025-09-20,46-55,2025-09
1360,39,Male,Fashion,Cash on Delivery,1016.02,5,1.3,,2025-09-21,36-45,2025-09
1361,48,Male,Groceries,Wallet,969.26,12,1.1,,2025-09-22,46-55,2025-09
1362,60,Male,Fashion,Credit Card,7.28,3,4.3,,2025-09-23,56+,2025-09
1363,29,Other,Beauty,Cash on Delivery,528.39,13,3.6,,2025-09-24,26-35,2025-09
1364,36,Male,Beauty,Cash on Delivery,356.77,14,3.5,,2025-09-25,36-45,2025-09
1365,22,Female,Beauty,Credit Card,41.36,8,3.5,,2025-09-26,19-25,2025-09
1366,61,Female,Electronics,Wallet,279.21,3,2.4,,2025-09-27,56+,2025-09
1367,28,Other,Fashion,Wallet,1057.78,5,2.0,,2025-09-28,26-35,2025-09
1368,68,Male,Home & Living,Wallet,861.26,12,2.9,,2025-09-29,56+,2025-09
1369,28,Male,Sports,Cash on Delivery,656.63,11,4.8,,2025-09-30,26-35,2025-09
1370,34,Male,Groceries,Debit Card,976.97,14,4.6,,2025-10-01,26-35,2025-10
1371,65,Other,Electronics,Debit Card,1427.73,7,1.3,,2025-10-02,56+,2025-10
1372,61,Male,Home & Living,Cash on Delivery,1400.29,5,3.7,,2025-10-03,56+,2025-10
1373,34,Female,Home & Living,UPI,885.95,1,4.6,,2025-10-04,26-35,2025-10
1374,29,Other,Beauty,Debit Card,260.12,8,3.6,,2025-10-05,26-35,2025-10
1375,51,Other,Fashion,Debit Card,284.77,5,3.4,,2025-10-06,46-55,2025-10
1376,48,Female,Sports,Debit Card,1471.53,3,2.1,,2025-10-07,46-55,2025-10
1377,26,Male,Groceries,Credit Card,1172.8,12,2.1,,2025-10-08,26-35,2025-10
1378,32,Female,Home & Living,Cash on Delivery,1312.51,4,3.0,,2025-10-09,26-35,2025-10
1379,43,Male,Sports,Credit Card,494.83,13,3.5,,2025-10-10,36-45,2025-10
1380,20,Other,Beauty,Debit Card,1436.83,14,2.9,,2025-10-11,19-25,2025-10
1381,49,Other,Beauty,UPI,1145.62,14,2.2,,2025-10-12,46-55,2025-10
1382,62,Other,Electronics,Cash on Delivery,1378.35,2,4.0,,2025-10-13,56+,2025-10
1383,49,Other,Electronics,Debit Card,536.76,10,1.7,,2025-10-14,46-55,2025-10
1384,57,Other,Fashion,Wallet,806.99,13,4.2,,2025-10-15,56+,2025-10
1385,22,Male,Groceries,Wallet,584.02,9,3.0,,2025-10-16,19-25,2025-10
1386,34,Other,Fashion,Wallet,1189.78,14,4.5,,2025-10-17,26-35,2025-10
1387,20,Female,Electronics,Wallet,723.25,6,4.1,,2025-10-18,19-25,2025-10
1388,37,Male,Groceries,Cash on Delivery,675.3,9,2.3,,2025-10-19,36-45,2025-10
1389,19,Female,Fashion,Cash on Delivery,302.47,9,2.5,,2025-10-20,19-25,2025-10
1390,28,Male,Sports,UPI,831.6,8,2.2,,2025-10-21,26-35,2025-10
1391,19,Other,Home & Living,Credit Card,206.78,10,2.4,,2025-10-22,19-25,2025-10
1392,27,Female,Electronics,Debit Card,341.45,11,2.5,,2025-10-23,26-35,2025-10
1393,43,Other,Beauty,Cash on Delivery,1347.15,11,3.5,,2025-10-24,36-45,2025-10
1394,18,Female,Electronics,Cash on Delivery,99.82,7,1.7,,2025-10-25,0-18,2025-10
1395,57,Other,Groceries,Debit Card,56.64,14,2.3,,2025-10-26,56+,2025-10
1396,49,Female,Sports,Credit Card,664.73,1,2.1,,2025-10-27,46-55,2025-10
1397,21,Female,Home & Living,Credit Card,535.67,12,3.6,,2025-10-28,19-25,2025-10
1398,20,Male,Home & Living,Cash on Delivery,1216.0,11,1.3,,2025-10-29,19-25,2025-10
1399,47,Female,Fashion,Credit Card,620.42,3,2.3,,2025-10-30,46-55,2025-10
1400,48,Male,Home & Living,UPI,464.41,4,1.2,,2025-10-31,46-55,2025-10
1401,21,Other,Home & Living,Wallet,669.55,11,4.4,,2025-11-01,19-25,2025-11
1402,57,Male,Home & Living,Cash on Delivery,1374.93,11,4.6,,2025-11-02,56+,2025-11
1403,37,Female,Electronics,UPI,356.15,5,2.9,,2025-11-03,36-45,2025-11
1404,66,Male,Home & Living,Cash on Delivery,363.57,12,2.8,,2025-11-04,56+,2025-11
1405,68,Male,Beauty,Debit Card,295.38,2,4.9,,2025-11-05,56+,2025-11
1406,33,Male,Sports,Cash on Delivery,424.74,8,4.7,,2025-11-06,26-35,2025-11
1407,69,Female,Sports,Credit Card,971.33,8,3.6,,2025-11-07,56+,2025-11
1408,31,Male,Fashion,Cash on Delivery,258.74,2,1.6,,2025-11-08,26-35,2025-11
1409,26,Female,Sports,Debit Card,1342.09,6,4.1,,2025-11-09,26-35,2025-11
1410,33,Other,Sports,Wallet,694.8,6,2.5,,2025-11-10,26-35,2025-11
1411,52,Male,Fashion,Debit Card,80.18,3,2.8,,2025-11-11,46-55,2025-11
1412,46,Female,Home & Living,UPI,14.2,5,4.6,,2025-11-12,46-55,2025-11
1413,27,Female,Groceries,UPI,903.79,9,2.3,,2025-11-13,26-35,2025-11
1414,37,Female,Electronics,Cash on Delivery,933.0,7,3.3,,2025-11-14,36-45,2025-11
1415,46,Other,Sports,Cash on Delivery,1477.99,4,3.2,,2025-11-15,46-55,2025-11
1416,34,Other,Groceries,UPI,702.78,1,1.2,,2025-11-16,26-35,2025-11
1417,62,Other,Electronics,UPI,996.19,8,1.4,,2025-11-17,56+,2025-11
1418,34,Other,Sports,Debit Card,138.89,5,4.6,,2025-11-18,26-35,2025-11
1419,56,Male,Fashion,Wallet,630.87,11,1.3,,2025-11-19,56+,2025-11
1420,35,Female,Sports,Debit Card,506.5,4,3.1,,2025-11-20,26-35,2025-11
1421,54,Male,Groceries,UPI,1341.51,11,2.4,,2025-11-21,46-55,2025-11
1422,67,Other,Fashion,Cash on Delivery,1319.8,2,3.9,,2025-11-22,56+,2025-11
1423,40,Male,Groceries,Cash on Delivery,351.61,2,2.9,,2025-11-23,36-45,2025-11
1424,32,Male,Electronics,Cash on Delivery,666.21,13,4.4,,2025-11-24,26-35,2025-11
1425,53,Other,Groceries,UPI,561.83,12,4.1,,2025-11-25,46-55,2025-11
1426,64,Female,Beauty,Debit Card,1114.46,9,2.6,,2025-11-26,56+,2025-11
1427,56,Female,Electronics,Cash on Delivery,638.26,5,2.0,,2025-11-27,56+,2025-11
1428,21,Male,Beauty,Credit Card,616.68,5,1.6,,2025-11-28,19-25,2025-11
1429,27,Other,Fashion,Cash on Delivery,955.56,6,3.3,,2025-11-29,26-35,2025-11
1430,68,Male,Beauty,Credit Card,490.67,9,1.7,,2025-11-30,56+,2025-11
1431,64,Other,Beauty,UPI,1174.76,5,2.6,,2025-12-01,56+,2025-12
1432,32,Male,Groceries,UPI,213.39,1,3.5,,2025-12-02,26-35,2025-12
1433,47,Female,Electronics,Debit Card,1290.04,10,3.0,,2025-12-03,46-55,2025-12
1434,68,Male,Home & Living,Debit Card,1137.24,12,4.5,,2025-12-04,56+,2025-12
1435,52,Other,Home & Living,Credit Card,847.68,14,2.9,,2025-12-05,46-55,2025-12
1436,39,Male,Electronics,Credit Card,840.61,4,3.2,,2025-12-06,36-45,2025-12
1437,44,Female,Fashion,Cash on Delivery,1215.25,14,2.8,,2025-12-07,36-45,2025-12
1438,62,Female,Sports,Credit Card,647.99,6,3.3,,2025-12-08,56+,2025-12
1439,26,Male,Groceries,UPI,1016.58,6,3.7,,2025-12-09,26-35,2025-12
1440,46,Other,Sports,UPI,1313.3,12,4.1,,2025-12-10,46-55,2025-12
1441,28,Male,Sports,Credit Card,20.75,9,1.5,,2025-12-11,26-35,2025-12
1442,41,Female,Groceries,Cash on Delivery,1428.38,11,3.2,,2025-12-12,36-45,2025-12
1443,31,Male,Beauty,Credit Card,1394.06,4,4.9,,2025-12-13,26-35,2025-12
1444,56,Male,Fashion,Credit Card,1233.97,5,2.9,,2025-12-14,56+,2025-12
1445,65,Other,Sports,Credit Card,1055.09,13,3.5,,2025-12-15,56+,2025-12
1446,57,Other,Home & Living,Debit Card,1459.85,5,2.4,,2025-12-16,56+,2025-12
1447,34,Male,Electronics,Wallet,1158.72,12,2.8,,2025-12-17,26-35,2025-12
1448,47,Female,Groceries,Cash on Delivery,477.23,2,1.2,,2025-12-18,46-55,2025-12
1449,25,Female,Fashion,UPI,1166.91,11,4.6,,2025-12-19,19-25,2025-12
1450,59,Female,Groceries,UPI,144.0,8,3.9,,2025-12-20,56+,2025-12
1451,29,Male,Electronics,UPI,1175.72,5,4.9,,2025-12-21,26-35,2025-12
1452,60,Female,Home & Living,Credit Card,125.46,14,3.0,,2025-12-22,56+,2025-12
1453,40,Male,Electronics,UPI,1075.84,11,1.9,,2025-12-23,36-45,2025-12
1454,20,Female,Sports,Credit Card,1468.64,14,1.0,,2025-12-24,19-25,2025-12
1455,36,Female,Fashion,Cash on Delivery,858.1,4,1.1,,2025-12-25,36-45,2025-12
1456,22,Female,Electronics,Wallet,1098.56,9,3.5,,2025-12-26,19-25,2025-12
1457,23,Female,Beauty,Cash on Delivery,793.27,13,1.4,,2025-12-27,19-25,2025-12
1458,47,Female,Fashion,Debit Card,828.55,12,2.4,,2025-12-28,46-55,2025-12
1459,36,Female,Sports,UPI,1259.35,3,4.9,,2025-12-29,36-45,2025-12
1460,55,Male,Groceries,Debit Card,504.55,10,3.2,,2025-12-30,46-55,2025-12
1461,55,Other,Electronics,Credit Card,996.63,14,3.4,,2025-12-31,46-55,2025-12
1462,56,Other,Home & Living,Wallet,854.03,7,4.8,,2026-01-01,56+,2026-01
1463,59,Male,Fashion,Credit Card,1203.26,1,4.3,,2026-01-02,56+,2026-01
1464,68,Female,Sports,Cash on Delivery,816.13,14,4.0,,2026-01-03,56+,2026-01
1465,47,Other,Beauty,Cash on Delivery,790.63,6,4.0,,2026-01-04,46-55,2026-01
1466,27,Male,Electronics,Credit Card,865.66,1,3.8,,2026-01-05,26-35,2026-01
1467,34,Male,Beauty,Wallet,19.02,1,1.2,,2026-01-06,26-35,2026-01
1468,55,Female,Groceries,Wallet,1440.41,14,1.2,,2026-01-07,46-55,2026-01
1469,59,Male,Home & Living,Credit Card,657.45,8,1.7,,2026-01-08,56+,2026-01
1470,50,Male,Home & Living,Cash on Delivery,1103.37,14,3.8,,2026-01-09,46-55,2026-01
1471,43,Male,Groceries,Wallet,258.78,12,3.8,,2026-01-10,36-45,2026-01
1472,61,Female,Groceries,Cash on Delivery,743.19,7,2.6,,2026-01-11,56+,2026-01
1473,43,Male,Groceries,Cash on Delivery,726.13,14,4.7,,2026-01-12,36-45,2026-01
1474,50,Other,Fashion,Credit Card,638.34,4,3.4,,2026-01-13,46-55,2026-01
1475,52,Female,Electronics,Cash on Delivery,892.71,4,3.8,,2026-01-14,46-55,2026-01
1476,65,Female,Groceries,Cash on Delivery,1286.49,14,3.9,,2026-01-15,56+,2026-01
1477,50,Male,Fashion,Cash on Delivery,491.82,5,4.4,,2026-01-16,46-55,2026-01
1478,21,Female,Groceries,Wallet,746.74,10,4.2,,2026-01-17,19-25,2026-01
1479,27,Female,Sports,Wallet,948.95,13,1.1,,2026-01-18,26-35,2026-01
1480,22,Female,Sports,Debit Card,1190.65,1,1.2,,2026-01-19,19-25,2026-01
1481,66,Female,Home & Living,Debit Card,992.06,9,1.4,,2026-01-20,56+,2026-01
1482,54,Other,Electronics,Debit Card,864.56,3,4.8,,2026-01-21,46-55,2026-01
1483,50,Male,Beauty,Debit Card,127.83,7,3.2,,2026-01-22,46-55,2026-01
1484,57,Other,Electronics,Credit Card,1088.74,10,4.3,,2026-01-23,56+,2026-01
1485,56,Other,Sports,UPI,839.49,6,3.6,,2026-01-24,56+,2026-01
1486,25,Female,Groceries,Wallet,979.53,4,4.2,,2026-01-25,19-25,2026-01
1487,59,Male,Fashion,Cash on Delivery,864.57,12,3.5,,2026-01-26,56+,2026-01
1488,44,Male,Electronics,Cash on Delivery,144.09,13,3.5,,2026-01-27,36-45,2026-01
1489,28,Female,Fashion,Cash on Delivery,204.99,5,3.6,,2026-01-28,26-35,2026-01
1490,39,Other,Groceries,Wallet,625.95,2,1.4,,2026-01-29,36-45,2026-01
1491,68,Male,Electronics,Debit Card,1397.57,5,4.1,,2026-01-30,56+,2026-01
1492,28,Female,Sports,Wallet,264.9,5,2.1,,2026-01-31,26-35,2026-01
1493,62,Female,Fashion,Cash on Delivery,113.39,10,4.4,,2026-02-01,56+,2026-02
1494,41,Male,Beauty,Debit Card,876.24,3,3.4,,2026-02-02,36-45,2026-02
1495,43,Male,Electronics,Wallet,1184.83,9,4.8,,2026-02-03,36-45,2026-02
1496,63,Female,Home & Living,UPI,824.39,2,4.5,,2026-02-04,56+,2026-02
1497,61,Male,Beauty,Wallet,843.03,5,3.0,,2026-02-05,56+,2026-02
1498,29,Female,Home & Living,Wallet,117.28,10,2.4,,2026-02-06,26-35,2026-02
1499,22,Other,Beauty,Cash on Delivery,25.15,1,3.3,,2026-02-07,19-25,2026-02
1500,44,Female,Fashion,Cash on Delivery,528.42,6,4.2,,2026-02-08,36-45,2026-02
1501,44,Male,Groceries,Credit Card,359.36,7,2.7,,2026-02-09,36-45,2026-02
1502,68,Other,Fashion,UPI,676.51,5,2.1,,2026-02-10,56+,2026-02
1503,36,Female,Sports,Wallet,699.14,5,4.3,,2026-02-11,36-45,2026-02
1504,21,Other,Sports,Credit Card,1062.37,1,4.1,,2026-02-12,19-25,2026-02
1505,26,Male,Sports,UPI,801.13,11,1.1,,2026-02-13,26-35,2026-02
1506,66,Female,Electronics,Cash on Delivery,417.33,1,3.4,,2026-02-14,56+,2026-02
1507,62,Male,Home & Living,Wallet,1248.43,14,4.0,,2026-02-15,56+,2026-02
1508,55,Female,Fashion,UPI,1076.41,5,1.0,,2026-02-16,46-55,2026-02
1509,39,Male,Groceries,Debit Card,1077.98,1,2.0,,2026-02-17,36-45,2026-02
1510,28,Other,Groceries,UPI,1428.3,6,4.1,,2026-02-18,26-35,2026-02
1511,67,Female,Beauty,Wallet,348.6,13,4.0,,2026-02-19,56+,2026-02
1512,33,Male,Sports,Credit Card,804.42,8,1.1,,2026-02-20,26-35,2026-02
1513,53,Female,Fashion,UPI,321.37,4,4.8,,2026-02-21,46-55,2026-02
1514,26,Male,Electronics,Debit Card,848.91,1,1.7,,2026-02-22,26-35,2026-02
1515,40,Other,Fashion,UPI,336.68,13,1.9,,2026-02-23,36-45,2026-02
1516,63,Male,Groceries,Debit Card,356.34,12,5.0,,2026-02-24,56+,2026-02
1517,69,Female,Sports,Wallet,1202.08,2,3.6,,2026-02-25,56+,2026-02
1518,68,Other,Home & Living,Credit Card,495.74,10,3.6,,2026-02-26,56+,2026-02
1519,36,Male,Fashion,Wallet,1202.29,3,1.9,,2026-02-27,36-45,2026-02
1520,47,Male,Sports,Wallet,631.02,9,3.4,,2026-02-28,46-55,2026-02
1521,24,Female,Sports,Cash on Delivery,626.73,9,2.2,,2026-03-01,19-25,2026-03
1522,45,Female,Sports,UPI,265.88,2,3.0,,2026-03-02,36-45,2026-03
1523,43,Male,Groceries,Debit Card,44.74,2,4.3,,2026-03-03,36-45,2026-03
1524,40,Other,Sports,Wallet,120.97,14,1.5,,2026-03-04,36-45,2026-03
1525,68,Other,Electronics,Cash on Delivery,620.98,3,3.9,,2026-03-05,56+,2026-03
1526,65,Male,Electronics,Cash on Delivery,468.54,7,4.0,,2026-03-06,56+,2026-03
1527,65,Male,Groceries,UPI,307.79,6,3.0,,2026-03-07,56+,2026-03
1528,20,Male,Groceries,Cash on Delivery,1057.28,8,2.5,,2026-03-08,19-25,2026-03
1529,63,Female,Beauty,UPI,191.92,2,4.2,,2026-03-09,56+,2026-03
1530,28,Male,Groceries,Debit Card,1432.8,6,3.0,,2026-03-10,26-35,2026-03
1531,20,Female,Home & Living,UPI,1059.5,10,2.9,,2026-03-11,19-25,2026-03
1532,52,Female,Fashion,Cash on Delivery,790.03,8,1.7,,2026-03-12,46-55,2026-03
1533,38,Female,Sports,Wallet,925.85,13,2.6,,2026-03-13,36-45,2026-03
1534,62,Other,Beauty,UPI,810.48,8,2.6,,2026-03-14,56+,2026-03
1535,48,Male,Beauty,Wallet,1241.35,14,2.6,,2026-03-15,46-55,2026-03
1536,50,Male,Beauty,Credit Card,1185.39,7,4.8,,2026-03-16,46-55,2026-03
1537,22,Other,Electronics,Credit Card,613.25,1,1.2,,2026-03-17,19-25,2026-03
1538,68,Male,Beauty,Cash on Delivery,943.07,3,2.7,,2026-03-18,56+,2026-03
1539,69,Male,Sports,Debit Card,1003.62,10,4.7,,2026-03-19,56+,2026-03
1540,35,Other,Fashion,Wallet,96.04,8,3.3,,2026-03-20,26-35,2026-03
1541,41,Other,Groceries,Wallet,1348.84,3,1.6,,2026-03-21,36-45,2026-03
1542,60,Other,Home & Living,UPI,1350.82,9,2.3,,2026-03-22,56+,2026-03
1543,54,Male,Beauty,Debit Card,14.06,6,4.6,,2026-03-23,46-55,2026-03
1544,46,Female,Sports,Cash on Delivery,101.31,11,2.3,,2026-03-24,46-55,2026-03
1545,37,Male,Home & Living,Wallet,20.29,6,4.5,,2026-03-25,36-45,2026-03
1546,64,Female,Home & Living,UPI,567.66,13,2.6,,2026-03-26,56+,2026-03
1547,41,Male,Sports,Debit Card,144.95,11,3.9,,2026-03-27,36-45,2026-03
1548,60,Female,Home & Living,Wallet,1322.44,7,3.7,,2026-03-28,56+,2026-03
1549,63,Female,Groceries,Wallet,1394.73,10,4.0,,2026-03-29,56+,2026-03
1550,36,Other,Beauty,Wallet,535.64,2,1.6,,2026-03-30,36-45,2026-03
1551,64,Other,Fashion,Cash on Delivery,1205.29,8,2.0,,2026-03-31,56+,2026-03
1552,24,Male,Fashion,Wallet,1221.49,14,1.3,,2026-04-01,19-25,2026-04
1553,57,Female,Home & Living,Cash on Delivery,1131.09,4,3.1,,2026-04-02,56+,2026-04
1554,29,Female,Sports,Credit Card,1030.81,1,4.7,,2026-04-03,26-35,2026-04
1555,48,Other,Beauty,Wallet,321.97,8,1.8,,2026-04-04,46-55,2026-04
1556,32,Other,Home & Living,Debit Card,813.14,10,5.0,,2026-04-05,26-35,2026-04
1557,65,Male,Fashion,Credit Card,360.38,10,3.4,,2026-04-06,56+,2026-04
1558,35,Other,Fashion,Debit Card,949.02,7,1.3,,2026-04-07,26-35,2026-04
1559,39,Other,Groceries,Wallet,1438.81,13,1.1,,2026-04-08,36-45,2026-04
1560,47,Other,Fashion,Cash on Delivery,566.65,5,2.6,,2026-04-09,46-55,2026-04
1561,55,Male,Home & Living,Debit Card,403.29,9,2.9,,2026-04-10,46-55,2026-04
1562,18,Male,Beauty,Wallet,239.81,5,4.2,,2026-04-11,0-18,2026-04
1563,19,Male,Fashion,UPI,1494.27,10,1.1,,2026-04-12,19-25,2026-04
1564,57,Other,Sports,Debit Card,651.1,5,1.8,,2026-04-13,56+,2026-04
1565,37,Other,Electronics,Credit Card,391.03,8,1.1,,2026-04-14,36-45,2026-04
1566,67,Other,Groceries,Cash on Delivery,358.21,9,4.9,,2026-04-15,56+,2026-04
1567,56,Other,Electronics,Cash on Delivery,1489.69,5,2.7,,2026-04-16,56+,2026-04
1568,40,Other,Home & Living,Credit Card,1202.49,13,2.2,,2026-04-17,36-45,2026-04
1569,20,Male,Groceries,Debit Card,74.79,7,4.2,,2026-04-18,19-25,2026-04
1570,53,Male,Beauty,Debit Card,335.85,8,4.3,,2026-04-19,46-55,2026-04
1571,44,Other,Home & Living,UPI,206.61,10,1.9,,2026-04-20,36-45,2026-04
1572,58,Female,Beauty,Credit Card,1156.25,12,4.1,,2026-04-21,56+,2026-04
1573,56,Other,Home & Living,Debit Card,74.81,3,2.5,,2026-04-22,56+,2026-04
1574,36,Other,Sports,Debit Card,124.4,5,2.6,,2026-04-23,36-45,2026-04
1575,40,Male,Fashion,Cash on Delivery,1068.13,11,4.2,,2026-04-24,36-45,2026-04
1576,40,Male,Beauty,Cash on Delivery,106.59,9,2.5,,2026-04-25,36-45,2026-04
1577,37,Male,Electronics,Wallet,573.5,10,1.5,,2026-04-26,36-45,2026-04
1578,36,Female,Groceries,Credit Card,493.67,11,3.3,,2026-04-27,36-45,2026-04
1579,31,Other,Sports,Cash on Delivery,1421.99,8,2.3,,2026-04-28,26-35,2026-04
1580,62,Other,Home & Living,Cash on Delivery,1237.18,8,4.7,,2026-04-29,56+,2026-04
1581,25,Female,Sports,Wallet,982.07,6,2.4,,2026-04-30,19-25,2026-04
1582,66,Male,Fashion,Cash on Delivery,789.82,1,1.8,,2026-05-01,56+,2026-05
1583,42,Female,Groceries,Credit Card,1498.01,14,1.8,,2026-05-02,36-45,2026-05
1584,58,Other,Groceries,Debit Card,531.82,9,2.2,,2026-05-03,56+,2026-05
1585,34,Other,Sports,Debit Card,666.64,2,2.7,,2026-05-04,26-35,2026-05
1586,57,Male,Home & Living,Debit Card,385.97,7,2.8,,2026-05-05,56+,2026-05
1587,22,Male,Electronics,Credit Card,1340.5,7,1.6,,2026-05-06,19-25,2026-05
1588,69,Other,Beauty,Credit Card,1425.99,5,2.9,,2026-05-07,56+,2026-05
1589,20,Male,Home & Living,Cash on Delivery,105.19,5,4.6,,2026-05-08,19-25,2026-05
1590,62,Male,Sports,Cash on Delivery,988.35,1,2.0,,2026-05-09,56+,2026-05
1591,24,Female,Home & Living,Debit Card,696.26,13,3.4,,2026-05-10,19-25,2026-05
1592,30,Male,Sports,Credit Card,993.83,14,4.8,,2026-05-11,26-35,2026-05
1593,69,Male,Sports,Cash on Delivery,449.46,11,3.2,,2026-05-12,56+,2026-05
1594,45,Male,Sports,Cash on Delivery,804.29,5,1.8,,2026-05-13,36-45,2026-05
1595,47,Female,Beauty,Credit Card,529.91,4,2.8,,2026-05-14,46-55,2026-05
1596,59,Other,Beauty,Debit Card,806.37,9,2.4,,2026-05-15,56+,2026-05
1597,29,Male,Home & Living,UPI,713.73,5,1.7,,2026-05-16,26-35,2026-05
1598,68,Female,Beauty,Wallet,191.17,1,3.9,,2026-05-17,56+,2026-05
1599,19,Other,Sports,Cash on Delivery,377.49,11,4.8,,2026-05-18,19-25,2026-05
1600,44,Male,Home & Living,Credit Card,49.36,9,3.0,,2026-05-19,36-45,2026-05
1601,53,Female,Home & Living,Credit Card,997.31,6,2.3,,2026-05-20,46-55,2026-05
1602,48,Female,Home & Living,Credit Card,1079.89,5,4.6,,2026-05-21,46-55,2026-05
1603,34,Male,Beauty,Cash on Delivery,876.64,4,1.9,,2026-05-22,26-35,2026-05
1604,47,Male,Beauty,UPI,900.02,3,1.5,,2026-05-23,46-55,2026-05
1605,65,Female,Electronics,Credit Card,1015.31,12,3.8,,2026-05-24,56+,2026-05
1606,36,Male,Electronics,UPI,1058.94,13,2.8,,2026-05-25,36-45,2026-05
1607,23,Other,Fashion,Wallet,771.88,12,1.2,,2026-05-26,19-25,2026-05
1608,22,Other,Fashion,Cash on Delivery,18.23,13,3.4,,2026-05-27,19-25,2026-05
1609,34,Female,Sports,UPI,1009.92,6,4.7,,2026-05-28,26-35,2026-05
1610,43,Other,Fashion,UPI,69.6,3,2.6,,2026-05-29,36-45,2026-05
1611,19,Male,Beauty,UPI,684.88,13,1.8,,2026-05-30,19-25,2026-05
1612,45,Male,Beauty,Debit Card,1094.54,13,1.7,,2026-05-31,36-45,2026-05
1613,27,Other,Sports,Cash on Delivery,1306.88,1,2.6,,2026-06-01,26-35,2026-06
1614,27,Female,Home & Living,Wallet,266.12,11,4.8,,2026-06-02,26-35,2026-06
1615,46,Other,Groceries,Debit Card,977.22,12,3.1,,2026-06-03,46-55,2026-06
1616,39,Other,Home & Living,Wallet,985.64,1,1.6,,2026-06-04,36-45,2026-06
1617,66,Other,Beauty,Wallet,828.48,2,1.8,,2026-06-05,56+,2026-06
1618,48,Other,Beauty,Debit Card,730.47,1,1.7,,2026-06-06,46-55,2026-06
1619,34,Female,Sports,Debit Card,1081.57,10,2.1,,2026-06-07,26-35,2026-06
1620,47,Female,Fashion,Debit Card,779.95,11,3.2,,2026-06-08,46-55,2026-06
1621,38,Male,Electronics,Debit Card,749.13,11,2.1,,2026-06-09,36-45,2026-06
1622,19,Other,Electronics,UPI,440.32,13,4.8,,2026-06-10,19-25,2026-06
1623,35,Other,Home & Living,UPI,447.4,2,3.1,,2026-06-11,26-35,2026-06
1624,68,Male,Fashion,Wallet,180.86,8,4.6,,2026-06-12,56+,2026-06
1625,49,Female,Groceries,UPI,269.3,3,2.9,,2026-06-13,46-55,2026-06
1626,38,Male,Home & Living,Wallet,483.74,9,1.2,,2026-06-14,36-45,2026-06
1627,33,Male,Groceries,Credit Card,37.06,5,1.6,,2026-06-15,26-35,2026-06
1628,53,Other,Beauty,Wallet,92.37,2,3.4,,2026-06-16,46-55,2026-06
1629,39,Other,Electronics,Wallet,68.81,6,1.1,,2026-06-17,36-45,2026-06
1630,57,Other,Beauty,Credit Card,623.67,12,4.9,,2026-06-18,56+,2026-06
1631,18,Male,Electronics,Wallet,1197.62,2,3.2,,2026-06-19,0-18,2026-06
1632,60,Female,Beauty,Cash on Delivery,995.81,10,2.9,,2026-06-20,56+,2026-06
1633,25,Female,Electronics,Cash on Delivery,1231.63,8,2.1,,2026-06-21,19-25,2026-06
1634,51,Other,Fashion,Cash on Delivery,178.66,1,3.5,,2026-06-22,46-55,2026-06
1635,46,Male,Fashion,UPI,222.58,12,4.3,,2026-06-23,46-55,2026-06
1636,39,Male,Home & Living,Debit Card,678.72,14,1.1,,2026-06-24,36-45,2026-06
1637,59,Other,Beauty,Credit Card,47.92,12,4.2,,2026-06-25,56+,2026-06
1638,31,Other,Fashion,UPI,1474.1,14,3.8,,2026-06-26,26-35,2026-06
1639,18,Male,Groceries,UPI,80.45,3,3.9,,2026-06-27,0-18,2026-06
1640,39,Male,Fashion,Credit Card,654.81,4,3.4,,2026-06-28,36-45,2026-06
1641,69,Male,Groceries,Credit Card,396.97,6,3.9,,2026-06-29,56+,2026-06
1642,55,Female,Sports,Credit Card,351.3,2,4.9,,2026-06-30,46-55,2026-06
1643,52,Other,Beauty,Debit Card,310.54,3,4.1,,2026-07-01,46-55,2026-07
1644,18,Other,Electronics,Credit Card,236.29,7,1.0,,2026-07-02,0-18,2026-07
1645,62,Other,Electronics,Cash on Delivery,233.58,10,3.2,,2026-07-03,56+,2026-07
1646,64,Other,Groceries,UPI,877.85,4,4.0,,2026-07-04,56+,2026-07
1647,30,Female,Groceries,Credit Card,892.59,13,3.3,,2026-07-05,26-35,2026-07
1648,43,Other,Electronics,UPI,717.09,12,3.9,,2026-07-06,36-45,2026-07
1649,27,Female,Groceries,Debit Card,101.07,13,3.7,,2026-07-07,26-35,2026-07
1650,21,Other,Electronics,Wallet,453.04,4,1.2,,2026-07-08,19-25,2026-07
1651,45,Female,Sports,UPI,1306.36,6,3.8,,2026-07-09,36-45,2026-07
1652,39,Male,Groceries,Debit Card,1474.68,1,1.6,,2026-07-10,36-45,2026-07
1653,62,Other,Electronics,Cash on Delivery,1168.56,5,3.0,,2026-07-11,56+,2026-07
1654,61,Male,Groceries,Cash on Delivery,823.82,8,2.1,,2026-07-12,56+,2026-07
1655,67,Female,Beauty,UPI,1074.25,5,3.8,,2026-07-13,56+,2026-07
1656,29,Male,Home & Living,UPI,367.29,2,4.8,,2026-07-14,26-35,2026-07
1657,30,Female,Sports,UPI,74.0,4,3.2,,2026-07-15,26-35,2026-07
1658,50,Other,Home & Living,Wallet,877.61,4,3.5,,2026-07-16,46-55,2026-07
1659,20,Female,Groceries,Cash on Delivery,210.24,1,3.7,,2026-07-17,19-25,2026-07
1660,24,Female,Electronics,Cash on Delivery,115.73,5,1.8,,2026-07-18,19-25,2026-07
1661,29,Other,Sports,Cash on Delivery,1110.37,10,2.3,,2026-07-19,26-35,2026-07
1662,40,Female,Groceries,UPI,866.14,10,4.9,,2026-07-20,36-45,2026-07
1663,30,Female,Fashion,Wallet,1396.52,14,3.7,,2026-07-21,26-35,2026-07
1664,30,Female,Fashion,Wallet,182.95,5,4.3,,2026-07-22,26-35,2026-07
1665,34,Male,Beauty,Credit Card,597.42,1,4.5,,2026-07-23,26-35,2026-07
1666,27,Female,Sports,Debit Card,1276.73,7,4.1,,2026-07-24,26-35,2026-07
1667,29,Other,Groceries,Debit Card,1252.2,8,2.7,,2026-07-25,26-35,2026-07
1668,62,Male,Fashion,Debit Card,16.28,13,2.9,,2026-07-26,56+,2026-07
1669,33,Other,Fashion,Debit Card,309.57,12,1.0,,2026-07-27,26-35,2026-07
1670,26,Female,Fashion,Wallet,1488.75,10,5.0,,2026-07-28,26-35,2026-07
1671,36,Male,Sports,Debit Card,783.32,3,1.5,,2026-07-29,36-45,2026-07
1672,52,Male,Electronics,UPI,1099.19,8,4.2,,2026-07-30,46-55,2026-07
1673,58,Male,Groceries,Wallet,711.95,8,3.7,,2026-07-31,56+,2026-07
1674,31,Male,Beauty,UPI,830.15,12,1.1,,2026-08-01,26-35,2026-08
1675,19,Male,Groceries,Cash on Delivery,46.1,5,1.7,,2026-08-02,19-25,2026-08
1676,53,Female,Electronics,UPI,775.02,5,2.2,,2026-08-03,46-55,2026-08
1677,41,Female,Sports,UPI,36.92,14,3.7,,2026-08-04,36-45,2026-08
1678,46,Other,Home & Living,Wallet,903.48,7,4.7,,2026-08-05,46-55,2026-08
1679,26,Male,Fashion,Wallet,716.54,2,4.5,,2026-08-06,26-35,2026-08
1680,23,Other,Electronics,Cash on Delivery,1210.16,8,3.1,,2026-08-07,19-25,2026-08
1681,44,Female,Electronics,Credit Card,83.32,1,3.6,,2026-08-08,36-45,2026-08
1682,55,Female,Beauty,Debit Card,1470.65,10,2.6,,2026-08-09,46-55,2026-08
1683,55,Male,Fashion,Cash on Delivery,1108.44,3,3.2,,2026-08-10,46-55,2026-08
1684,65,Male,Sports,Wallet,1248.96,10,3.9,,2026-08-11,56+,2026-08
1685,42,Other,Beauty,Debit Card,130.52,12,1.9,,2026-08-12,36-45,2026-08
1686,29,Female,Sports,Debit Card,178.84,10,2.6,,2026-08-13,26-35,2026-08
1687,25,Male,Electronics,Debit Card,608.18,6,1.2,,2026-08-14,19-25,2026-08
1688,27,Female,Home & Living,Wallet,185.92,9,3.7,,2026-08-15,26-35,2026-08
1689,25,Male,Beauty,Debit Card,334.19,1,2.9,,2026-08-16,19-25,2026-08
1690,21,Male,Beauty,Wallet,1099.15,14,1.1,,2026-08-17,19-25,2026-08
1691,39,Other,Electronics,UPI,551.84,2,3.4,,2026-08-18,36-45,2026-08
1692,41,Male,Sports,Cash on Delivery,1061.4,9,2.3,,2026-08-19,36-45,2026-08
1693,51,Other,Fashion,Credit Card,1314.57,3,4.3,,2026-08-20,46-55,2026-08
1694,36,Female,Beauty,Cash on Delivery,43.86,10,1.1,,2026-08-21,36-45,2026-08
1695,48,Female,Home & Living,Credit Card,280.4,13,2.5,,2026-08-22,46-55,2026-08
1696,65,Female,Groceries,Debit Card,323.08,6,4.3,,2026-08-23,56+,2026-08
1697,21,Female,Sports,Wallet,548.11,8,3.7,,2026-08-24,19-25,2026-08
1698,45,Male,Electronics,Debit Card,1154.02,8,1.3,,2026-08-25,36-45,2026-08
1699,60,Male,Electronics,Cash on Delivery,811.72,11,3.7,,2026-08-26,56+,2026-08
1700,67,Other,Sports,UPI,483.28,6,1.3,,2026-08-27,56+,2026-08
1701,61,Other,Home & Living,Credit Card,18.42,4,1.8,,2026-08-28,56+,2026-08
1702,68,Female,Beauty,Cash on Delivery,973.11,14,1.6,,2026-08-29,56+,2026-08
1703,42,Other,Sports,Credit Card,1213.88,3,2.1,,2026-08-30,36-45,2026-08
1704,33,Male,Home & Living,Cash on Delivery,712.02,3,4.7,,2026-08-31,26-35,2026-08
1705,25,Other,Groceries,Cash on Delivery,36.25,8,2.3,,2026-09-01,19-25,2026-09
1706,30,Male,Electronics,Wallet,880.38,6,1.7,,2026-09-02,26-35,2026-09
1707,48,Female,Groceries,Cash on Delivery,693.19,3,1.6,,2026-09-03,46-55,2026-09
1708,35,Female,Groceries,UPI,657.92,12,1.9,,2026-09-04,26-35,2026-09
1709,68,Male,Fashion,Cash on Delivery,376.17,9,3.9,,2026-09-05,56+,2026-09
1710,62,Male,Groceries,Cash on Delivery,1052.33,13,1.3,,2026-09-06,56+,2026-09
1711,21,Male,Home & Living,UPI,348.36,8,4.3,,2026-09-07,19-25,2026-09
1712,47,Female,Groceries,Cash on Delivery,507.58,7,1.9,,2026-09-08,46-55,2026-09
1713,51,Other,Fashion,Cash on Delivery,1128.07,1,3.2,,2026-09-09,46-55,2026-09
1714,60,Other,Groceries,UPI,1045.45,10,1.9,,2026-09-10,56+,2026-09
1715,36,Female,Fashion,UPI,925.92,1,4.5,,2026-09-11,36-45,2026-09
1716,31,Female,Sports,Debit Card,411.17,1,3.2,,2026-09-12,26-35,2026-09
1717,68,Male,Electronics,UPI,1345.82,13,4.9,,2026-09-13,56+,2026-09
1718,68,Other,Sports,Wallet,513.29,6,1.5,,2026-09-14,56+,2026-09
1719,18,Female,Fashion,UPI,1376.99,5,4.7,,2026-09-15,0-18,2026-09
1720,43,Male,Home & Living,Credit Card,520.35,13,3.6,,2026-09-16,36-45,2026-09
1721,50,Female,Beauty,Debit Card,1250.74,10,1.4,,2026-09-17,46-55,2026-09
1722,38,Other,Home & Living,UPI,517.2,10,3.9,,2026-09-18,36-45,2026-09
1723,50,Other,Beauty,Debit Card,1344.4,12,4.6,,2026-09-19,46-55,2026-09
1724,48,Other,Fashion,Cash on Delivery,807.31,9,3.9,,2026-09-20,46-55,2026-09
1725,51,Male,Groceries,Debit Card,1406.62,14,4.0,,2026-09-21,46-55,2026-09
1726,58,Male,Sports,Wallet,873.4,7,1.0,,2026-09-22,56+,2026-09
1727,66,Female,Home & Living,UPI,1298.52,4,4.4,,2026-09-23,56+,2026-09
1728,31,Other,Fashion,Credit Card,1359.74,10,2.8,,2026-09-24,26-35,2026-09
1729,27,Male,Groceries,UPI,1154.43,3,3.7,,2026-09-25,26-35,2026-09
1730,56,Female,Electronics,Credit Card,317.0,5,3.3,,2026-09-26,56+,2026-09
1731,22,Male,Fashion,Debit Card,141.84,13,1.2,,2026-09-27,19-25,2026-09
1732,47,Male,Fashion,UPI,531.81,11,4.9,,2026-09-28,46-55,2026-09
1733,68,Female,Sports,UPI,719.42,1,4.6,,2026-09-29,56+,2026-09
1734,64,Male,Groceries,Wallet,24.02,9,3.7,,2026-09-30,56+,2026-09
1735,45,Male,Groceries,Credit Card,1222.52,4,3.2,,2026-10-01,36-45,2026-10
1736,29,Female,Sports,Credit Card,387.47,14,3.9,,2026-10-02,26-35,2026-10
1737,39,Male,Fashion,UPI,16.01,10,4.8,,2026-10-03,36-45,2026-10
1738,19,Male,Fashion,Debit Card,425.06,7,4.7,,2026-10-04,19-25,2026-10
1739,21,Female,Groceries,Cash on Delivery,1154.47,2,4.8,,2026-10-05,19-25,2026-10
1740,46,Male,Fashion,Cash on Delivery,457.04,12,2.4,,2026-10-06,46-55,2026-10
1741,27,Female,Sports,Debit Card,730.66,11,2.5,,2026-10-07,26-35,2026-10
1742,26,Male,Electronics,Wallet,1196.1,14,4.3,,2026-10-08,26-35,2026-10
1743,58,Female,Groceries,UPI,1484.17,9,4.7,,2026-10-09,56+,2026-10
1744,48,Female,Groceries,Debit Card,78.96,10,3.0,,2026-10-10,46-55,2026-10
1745,30,Male,Sports,Wallet,1347.58,3,3.5,,2026-10-11,26-35,2026-10
1746,21,Male,Beauty,Cash on Delivery,298.16,5,3.4,,2026-10-12,19-25,2026-10
1747,42,Other,Groceries,Wallet,1204.44,9,4.9,,2026-10-13,36-45,2026-10
1748,30,Male,Electronics,Debit Card,185.11,11,2.9,,2026-10-14,26-35,2026-10
1749,39,Other,Fashion,Debit Card,367.65,6,3.7,,2026-10-15,36-45,2026-10
1750,29,Male,Fashion,Cash on Delivery,1183.91,8,1.2,,2026-10-16,26-35,2026-10
1751,63,Other,Fashion,Wallet,1239.1,10,3.9,,2026-10-17,56+,2026-10
1752,28,Other,Groceries,Cash on Delivery,149.43,1,1.6,,2026-10-18,26-35,2026-10
1753,46,Other,Fashion,Cash on Delivery,1174.95,14,4.1,,2026-10-19,46-55,2026-10
1754,69,Other,Home & Living,Cash on Delivery,1061.41,3,2.3,,2026-10-20,56+,2026-10
1755,45,Male,Sports,Credit Card,1388.99,13,2.3,,2026-10-21,36-45,2026-10
1756,49,Male,Beauty,UPI,1267.17,3,4.4,,2026-10-22,46-55,2026-10
1757,41,Other,Beauty,Cash on Delivery,452.98,6,4.0,,2026-10-23,36-45,2026-10
1758,58,Male,Beauty,Cash on Delivery,1265.9,2,4.4,,2026-10-24,56+,2026-10
1759,38,Other,Fashion,Cash on Delivery,1105.88,4,1.1,,2026-10-25,36-45,2026-10
1760,30,Other,Groceries,UPI,1142.41,12,2.3,,2026-10-26,26-35,2026-10
1761,54,Other,Home & Living,Credit Card,1391.86,3,4.2,,2026-10-27,46-55,2026-10
1762,56,Male,Electronics,Wallet,811.57,13,2.2,,2026-10-28,56+,2026-10
1763,36,Female,Electronics,UPI,1344.49,3,4.3,,2026-10-29,36-45,2026-10
1764,44,Other,Electronics,Debit Card,985.0,10,3.7,,2026-10-30,36-45,2026-10
1765,60,Other,Fashion,UPI,372.63,11,3.4,,2026-10-31,56+,2026-10
1766,28,Female,Fashion,Wallet,1342.05,7,3.4,,2026-11-01,26-35,2026-11
1767,23,Male,Groceries,UPI,1279.91,7,4.8,,2026-11-02,19-25,2026-11
1768,44,Other,Home & Living,Wallet,1341.38,6,1.4,,2026-11-03,36-45,2026-11
1769,66,Male,Home & Living,Wallet,1449.5,9,1.2,,2026-11-04,56+,2026-11
1770,38,Male,Sports,Cash on Delivery,152.73,11,2.1,,2026-11-05,36-45,2026-11
1771,34,Other,Home & Living,UPI,947.77,14,3.8,,2026-11-06,26-35,2026-11
1772,44,Male,Beauty,Wallet,619.69,9,3.5,,2026-11-07,36-45,2026-11
1773,50,Male,Groceries,Credit Card,93.1,5,4.0,,2026-11-08,46-55,2026-11
1774,62,Other,Fashion,Cash on Delivery,58.98,12,2.9,,2026-11-09,56+,2026-11
1775,25,Female,Fashion,Debit Card,648.84,1,1.0,,2026-11-10,19-25,2026-11
1776,69,Male,Groceries,Debit Card,286.71,11,4.4,,2026-11-11,56+,2026-11
1777,52,Male,Home & Living,Wallet,1180.43,12,2.2,,2026-11-12,46-55,2026-11
1778,36,Male,Beauty,Wallet,363.9,5,1.3,,2026-11-13,36-45,2026-11
1779,64,Other,Beauty,Wallet,777.21,10,2.5,,2026-11-14,56+,2026-11
1780,64,Female,Electronics,UPI,1277.81,8,3.6,,2026-11-15,56+,2026-11
1781,68,Female,Sports,Wallet,1030.82,9,1.6,,2026-11-16,56+,2026-11
1782,33,Other,Beauty,UPI,964.44,12,3.4,,2026-11-17,26-35,2026-11
1783,51,Female,Beauty,Debit Card,458.7,3,4.6,,2026-11-18,46-55,2026-11
1784,54,Male,Home & Living,Cash on Delivery,500.45,1,4.7,,2026-11-19,46-55,2026-11
1785,68,Female,Sports,Wallet,1465.54,13,1.9,,2026-11-20,56+,2026-11
1786,24,Male,Sports,Debit Card,1180.3,11,2.1,,2026-11-21,19-25,2026-11
1787,40,Female,Fashion,Wallet,992.03,13,1.7,,2026-11-22,36-45,2026-11
1788,31,Male,Beauty,Cash on Delivery,1366.99,14,3.8,,2026-11-23,26-35,2026-11
1789,35,Other,Electronics,Cash on Delivery,760.33,3,2.8,,2026-11-24,26-35,2026-11
1790,26,Female,Beauty,Debit Card,75.54,14,3.7,,2026-11-25,26-35,2026-11
1791,32,Male,Electronics,UPI,862.01,3,1.9,,2026-11-26,26-35,2026-11
1792,63,Male,Beauty,Wallet,1362.55,14,3.5,,2026-11-27,56+,2026-11
1793,21,Other,Groceries,Credit Card,288.76,13,2.7,,2026-11-28,19-25,2026-11
1794,36,Female,Groceries,Cash on Delivery,1361.95,1,2.1,,2026-11-29,36-45,2026-11
1795,62,Female,Groceries,Cash on Delivery,1124.38,4,4.5,,2026-11-30,56+,2026-11
1796,53,Other,Electronics,Credit Card,847.88,13,1.8,,2026-12-01,46-55,2026-12
1797,55,Female,Electronics,Wallet,1191.17,2,2.6,,2026-12-02,46-55,2026-12
1798,23,Male,Sports,Wallet,1047.89,4,1.8,,2026-12-03,19-25,2026-12
1799,59,Female,Home & Living,Cash on Delivery,1185.41,12,3.8,,2026-12-04,56+,2026-12
1800,69,Male,Groceries,Cash on Delivery,785.27,2,4.3,,2026-12-05,56+,2026-12
1801,69,Female,Home & Living,UPI,268.06,4,2.3,,2026-12-06,56+,2026-12
1802,53,Male,Electronics,Debit Card,1186.15,7,5.0,,2026-12-07,46-55,2026-12
1803,42,Male,Fashion,Credit Card,735.39,5,4.8,,2026-12-08,36-45,2026-12
1804,67,Other,Groceries,Credit Card,614.01,6,1.5,,2026-12-09,56+,2026-12
1805,61,Other,Sports,Cash on Delivery,1368.63,5,2.2,,2026-12-10,56+,2026-12
1806,59,Female,Home & Living,Debit Card,645.02,9,2.6,,2026-12-11,56+,2026-12
1807,64,Female,Groceries,Cash on Delivery,1094.74,2,1.4,,2026-12-12,56+,2026-12
1808,24,Other,Electronics,Credit Card,611.03,14,4.4,,2026-12-13,19-25,2026-12
1809,45,Male,Sports,UPI,134.22,9,1.7,,2026-12-14,36-45,2026-12
1810,64,Other,Groceries,Debit Card,1456.81,8,1.3,,2026-12-15,56+,2026-12
1811,60,Female,Electronics,Wallet,436.92,1,1.5,,2026-12-16,56+,2026-12
1812,33,Female,Sports,Cash on Delivery,536.08,6,1.6,,2026-12-17,26-35,2026-12
1813,20,Other,Beauty,UPI,251.24,3,2.9,,2026-12-18,19-25,2026-12
1814,62,Female,Sports,Debit Card,600.28,5,4.5,,2026-12-19,56+,2026-12
1815,45,Other,Home & Living,UPI,539.63,4,2.5,,2026-12-20,36-45,2026-12
1816,43,Female,Beauty,Wallet,923.1,8,1.4,,2026-12-21,36-45,2026-12
1817,60,Male,Sports,Wallet,1368.93,14,4.0,,2026-12-22,56+,2026-12
1818,28,Male,Sports,Debit Card,396.9,9,2.3,,2026-12-23,26-35,2026-12
1819,56,Female,Groceries,Wallet,131.09,2,3.5,,2026-12-24,56+,2026-12
1820,65,Male,Sports,Credit Card,26.16,2,3.3,,2026-12-25,56+,2026-12
1821,37,Male,Sports,UPI,150.28,2,3.6,,2026-12-26,36-45,2026-12
1822,19,Female,Home & Living,Wallet,1305.67,7,2.2,,2026-12-27,19-25,2026-12
1823,61,Female,Beauty,Credit Card,370.72,6,2.3,,2026-12-28,56+,2026-12
1824,43,Male,Groceries,UPI,628.74,14,3.6,,2026-12-29,36-45,2026-12
1825,44,Female,Groceries,Credit Card,1440.02,2,4.5,,2026-12-30,36-45,2026-12
1826,18,Other,Home & Living,Credit Card,359.08,12,1.5,,2026-12-31,0-18,2026-12
1827,47,Other,Sports,Debit Card,707.93,7,3.9,,2027-01-01,46-55,2027-01
1828,43,Female,Sports,Cash on Delivery,374.32,10,2.7,,2027-01-02,36-45,2027-01
1829,60,Male,Groceries,Credit Card,599.87,2,2.4,,2027-01-03,56+,2027-01
1830,22,Female,Groceries,Credit Card,1284.67,10,2.4,,2027-01-04,19-25,2027-01
1831,27,Other,Fashion,UPI,400.07,13,3.7,,2027-01-05,26-35,2027-01
1832,57,Male,Beauty,UPI,896.43,5,3.3,,2027-01-06,56+,2027-01
1833,58,Male,Electronics,Cash on Delivery,130.7,2,1.8,,2027-01-07,56+,2027-01
1834,44,Female,Groceries,Credit Card,432.7,10,1.5,,2027-01-08,36-45,2027-01
1835,28,Female,Sports,Wallet,1402.92,14,4.8,,2027-01-09,26-35,2027-01
1836,31,Male,Electronics,Credit Card,1329.27,6,4.3,,2027-01-10,26-35,2027-01
1837,60,Male,Beauty,UPI,784.13,4,3.6,,2027-01-11,56+,2027-01
1838,25,Other,Sports,Debit Card,349.65,8,2.3,,2027-01-12,19-25,2027-01
1839,39,Female,Beauty,Debit Card,229.8,1,2.1,,2027-01-13,36-45,2027-01
1840,56,Male,Beauty,Cash on Delivery,279.59,8,4.8,,2027-01-14,56+,2027-01
1841,65,Male,Groceries,UPI,1060.87,11,4.6,,2027-01-15,56+,2027-01
1842,30,Male,Fashion,Debit Card,508.88,13,4.1,,2027-01-16,26-35,2027-01
1843,22,Female,Fashion,Credit Card,860.99,10,3.9,,2027-01-17,19-25,2027-01
1844,18,Male,Beauty,UPI,218.89,13,3.8,,2027-01-18,0-18,2027-01
1845,34,Other,Beauty,Wallet,13.67,10,1.6,,2027-01-19,26-35,2027-01
1846,40,Other,Electronics,Credit Card,558.57,2,3.0,,2027-01-20,36-45,2027-01
1847,24,Female,Fashion,Cash on Delivery,1178.48,14,3.0,,2027-01-21,19-25,2027-01
1848,40,Female,Groceries,Debit Card,866.91,11,2.0,,2027-01-22,36-45,2027-01
1849,30,Female,Groceries,Cash on Delivery,328.05,1,1.8,,2027-01-23,26-35,2027-01
1850,44,Other,Electronics,Wallet,1048.34,14,4.3,,2027-01-24,36-45,2027-01
1851,26,Male,Sports,Credit Card,1031.33,1,4.8,,2027-01-25,26-35,2027-01
1852,25,Female,Home & Living,Wallet,604.76,11,2.6,,2027-01-26,19-25,2027-01
1853,47,Other,Fashion,Wallet,128.63,4,4.1,,2027-01-27,46-55,2027-01
1854,45,Female,Electronics,Debit Card,935.55,9,3.6,,2027-01-28,36-45,2027-01
1855,46,Male,Groceries,UPI,1408.38,2,3.6,,2027-01-29,46-55,2027-01
1856,22,Other,Fashion,Debit Card,1118.44,11,2.5,,2027-01-30,19-25,2027-01
1857,38,Other,Groceries,Debit Card,532.31,1,3.4,,2027-01-31,36-45,2027-01
1858,49,Other,Home & Living,Debit Card,332.47,2,4.7,,2027-02-01,46-55,2027-02
1859,19,Female,Groceries,UPI,364.37,14,2.0,,2027-02-02,19-25,2027-02
1860,55,Male,Groceries,UPI,5.57,5,4.5,,2027-02-03,46-55,2027-02
1861,60,Female,Electronics,Debit Card,985.3,13,2.1,,2027-02-04,56+,2027-02
1862,18,Female,Groceries,Cash on Delivery,307.37,5,3.5,,2027-02-05,0-18,2027-02
1863,36,Other,Sports,Debit Card,1175.51,4,4.8,,2027-02-06,36-45,2027-02
1864,43,Female,Home & Living,Debit Card,1152.39,3,1.5,,2027-02-07,36-45,2027-02
1865,43,Male,Fashion,Wallet,1360.69,13,3.7,,2027-02-08,36-45,2027-02
1866,68,Male,Electronics,UPI,1162.75,10,3.2,,2027-02-09,56+,2027-02
1867,43,Female,Fashion,Wallet,982.63,9,3.9,,2027-02-10,36-45,2027-02
1868,22,Female,Beauty,UPI,1186.67,9,2.3,,2027-02-11,19-25,2027-02
1869,60,Other,Fashion,Debit Card,160.49,6,1.4,,2027-02-12,56+,2027-02
1870,24,Other,Sports,Credit Card,359.6,9,1.6,,2027-02-13,19-25,2027-02
1871,19,Male,Beauty,Cash on Delivery,904.27,12,1.8,,2027-02-14,19-25,2027-02
1872,44,Other,Electronics,Cash on Delivery,315.38,3,4.0,,2027-02-15,36-45,2027-02
1873,21,Male,Electronics,UPI,404.32,6,3.7,,2027-02-16,19-25,2027-02
1874,33,Other,Groceries,Debit Card,47.54,10,4.9,,2027-02-17,26-35,2027-02
1875,50,Female,Groceries,Cash on Delivery,637.82,8,2.2,,2027-02-18,46-55,2027-02
1876,57,Male,Fashion,Cash on Delivery,712.42,2,3.6,,2027-02-19,56+,2027-02
1877,68,Other,Sports,Debit Card,715.72,2,1.5,,2027-02-20,56+,2027-02
1878,35,Other,Sports,Debit Card,1045.72,13,4.3,,2027-02-21,26-35,2027-02
1879,53,Female,Home & Living,Wallet,1081.77,14,4.7,,2027-02-22,46-55,2027-02
1880,57,Other,Beauty,Debit Card,1203.77,6,4.6,,2027-02-23,56+,2027-02
1881,41,Male,Sports,UPI,1443.03,2,1.5,,2027-02-24,36-45,2027-02
1882,60,Female,Electronics,Cash on Delivery,1238.12,6,3.2,,2027-02-25,56+,2027-02
1883,24,Other,Sports,Debit Card,333.7,4,2.9,,2027-02-26,19-25,2027-02
1884,43,Other,Groceries,Cash on Delivery,1138.93,6,2.3,,2027-02-27,36-45,2027-02
1885,68,Other,Home & Living,UPI,821.46,12,2.3,,2027-02-28,56+,2027-02
1886,63,Other,Beauty,Debit Card,291.72,2,2.6,,2027-03-01,56+,2027-03
1887,38,Female,Beauty,Debit Card,726.04,13,5.0,,2027-03-02,36-45,2027-03
1888,20,Male,Fashion,UPI,384.73,5,2.5,,2027-03-03,19-25,2027-03
1889,63,Female,Electronics,Wallet,1207.64,14,2.9,,2027-03-04,56+,2027-03
1890,56,Other,Groceries,UPI,1318.98,13,3.3,,2027-03-05,56+,2027-03
1891,43,Other,Groceries,Cash on Delivery,6.48,11,4.9,,2027-03-06,36-45,2027-03
1892,20,Other,Fashion,Wallet,1009.0,11,2.2,,2027-03-07,19-25,2027-03
1893,45,Female,Sports,Debit Card,1027.85,13,4.6,,2027-03-08,36-45,2027-03
1894,33,Female,Groceries,Cash on Delivery,1282.26,10,3.6,,2027-03-09,26-35,2027-03
1895,44,Male,Electronics,Debit Card,455.05,11,3.4,,2027-03-10,36-45,2027-03
1896,21,Male,Home & Living,UPI,1209.22,12,2.2,,2027-03-11,19-25,2027-03
1897,46,Male,Beauty,Wallet,114.65,7,4.4,,2027-03-12,46-55,2027-03
1898,44,Other,Sports,Credit Card,1178.75,7,2.6,,2027-03-13,36-45,2027-03
1899,60,Male,Sports,Debit Card,142.57,10,4.9,,2027-03-14,56+,2027-03
1900,26,Other,Home & Living,Wallet,24.16,3,1.8,,2027-03-15,26-35,2027-03
1901,61,Female,Home & Living,Cash on Delivery,956.66,5,4.0,,2027-03-16,56+,2027-03
1902,66,Female,Electronics,Wallet,561.72,11,4.0,,2027-03-17,56+,2027-03
1903,44,Female,Fashion,Debit Card,472.61,10,3.7,,2027-03-18,36-45,2027-03
1904,52,Male,Groceries,UPI,1247.17,9,1.8,,2027-03-19,46-55,2027-03
1905,46,Other,Fashion,Credit Card,1250.96,4,2.2,,2027-03-20,46-55,2027-03
1906,55,Male,Home & Living,Debit Card,720.25,10,4.7,,2027-03-21,46-55,2027-03
1907,57,Other,Electronics,UPI,491.12,12,4.2,,2027-03-22,56+,2027-03
1908,26,Male,Home & Living,UPI,361.96,4,2.6,,2027-03-23,26-35,2027-03
1909,48,Male,Beauty,UPI,1222.9,4,2.9,,2027-03-24,46-55,2027-03
1910,28,Female,Electronics,UPI,693.83,8,4.6,,2027-03-25,26-35,2027-03
1911,57,Female,Home & Living,Wallet,161.92,2,2.9,,2027-03-26,56+,2027-03
1912,36,Other,Groceries,Wallet,1170.55,14,2.0,,2027-03-27,36-45,2027-03
1913,39,Other,Groceries,Credit Card,621.77,7,4.4,,2027-03-28,36-45,2027-03
1914,33,Male,Home & Living,Cash on Delivery,625.9,8,3.2,,2027-03-29,26-35,2027-03
1915,48,Other,Electronics,Debit Card,197.08,3,4.3,,2027-03-30,46-55,2027-03
1916,69,Female,Groceries,Credit Card,1191.46,13,1.8,,2027-03-31,56+,2027-03
1917,25,Male,Groceries,UPI,643.0,6,3.5,,2027-04-01,19-25,2027-04
1918,43,Other,Sports,UPI,271.77,5,4.3,,2027-04-02,36-45,2027-04
1919,46,Other,Groceries,Wallet,207.57,10,3.3,,2027-04-03,46-55,2027-04
1920,29,Female,Fashion,UPI,644.56,9,1.2,,2027-04-04,26-35,2027-04
1921,18,Female,Electronics,Credit Card,328.42,2,1.8,,2027-04-05,0-18,2027-04
1922,69,Male,Groceries,UPI,1386.92,10,2.0,,2027-04-06,56+,2027-04
1923,36,Female,Sports,Wallet,262.08,11,3.5,,2027-04-07,36-45,2027-04
1924,25,Female,Electronics,Debit Card,732.35,13,3.8,,2027-04-08,19-25,2027-04
1925,43,Male,Fashion,Debit Card,12.01,6,2.7,,2027-04-09,36-45,2027-04
1926,58,Female,Sports,Wallet,363.12,1,3.9,,2027-04-10,56+,2027-04
1927,37,Male,Groceries,Cash on Delivery,732.52,1,4.6,,2027-04-11,36-45,2027-04
1928,27,Male,Beauty,UPI,592.15,8,1.4,,2027-04-12,26-35,2027-04
1929,23,Male,Home & Living,Credit Card,464.22,6,1.7,,2027-04-13,19-25,2027-04
1930,30,Male,Groceries,Debit Card,928.07,3,3.6,,2027-04-14,26-35,2027-04
1931,67,Female,Sports,Wallet,603.21,14,1.1,,2027-04-15,56+,2027-04
1932,45,Other,Beauty,Credit Card,1012.89,4,2.9,,2027-04-16,36-45,2027-04
1933,18,Female,Groceries,Cash on Delivery,312.54,10,1.4,,2027-04-17,0-18,2027-04
1934,35,Male,Electronics,Wallet,1143.09,2,3.3,,2027-04-18,26-35,2027-04
1935,68,Other,Electronics,Credit Card,699.08,10,3.8,,2027-04-19,56+,2027-04
1936,19,Female,Beauty,Credit Card,1366.7,1,2.5,,2027-04-20,19-25,2027-04
1937,23,Male,Electronics,Wallet,1336.97,7,1.4,,2027-04-21,19-25,2027-04
1938,47,Other,Electronics,Debit Card,1265.97,13,1.9,,2027-04-22,46-55,2027-04
1939,18,Female,Fashion,UPI,1264.83,1,3.0,,2027-04-23,0-18,2027-04
1940,43,Female,Beauty,Cash on Delivery,82.25,8,4.5,,2027-04-24,36-45,2027-04
1941,54,Female,Fashion,Cash on Delivery,920.02,11,2.5,,2027-04-25,46-55,2027-04
1942,33,Male,Electronics,Cash on Delivery,1216.96,5,4.9,,2027-04-26,26-35,2027-04
1943,26,Other,Beauty,Credit Card,689.05,5,1.3,,2027-04-27,26-35,2027-04
1944,30,Other,Home & Living,Credit Card,1393.88,2,3.5,,2027-04-28,26-35,2027-04
1945,46,Other,Fashion,Credit Card,1004.96,2,4.1,,2027-04-29,46-55,2027-04
1946,58,Male,Fashion,Wallet,1064.44,10,4.0,,2027-04-30,56+,2027-04
1947,65,Other,Electronics,Credit Card,243.81,11,4.3,,2027-05-01,56+,2027-05
1948,62,Other,Fashion,UPI,319.46,12,1.4,,2027-05-02,56+,2027-05
1949,61,Male,Fashion,Cash on Delivery,527.98,7,1.4,,2027-05-03,56+,2027-05
1950,22,Other,Home & Living,Credit Card,569.2,9,1.9,,2027-05-04,19-25,2027-05
1951,49,Other,Electronics,UPI,334.36,11,2.6,,2027-05-05,46-55,2027-05
1952,63,Male,Beauty,Cash on Delivery,414.76,2,4.4,,2027-05-06,56+,2027-05
1953,21,Other,Beauty,Debit Card,550.8,8,3.3,,2027-05-07,19-25,2027-05
1954,57,Male,Groceries,Wallet,233.93,6,4.8,,2027-05-08,56+,2027-05
1955,30,Female,Beauty,UPI,1312.29,13,2.9,,2027-05-09,26-35,2027-05
1956,63,Female,Beauty,UPI,653.27,5,3.3,,2027-05-10,56+,2027-05
1957,45,Other,Sports,Cash on Delivery,423.55,3,4.1,,2027-05-11,36-45,2027-05
1958,51,Other,Sports,Credit Card,1294.24,5,1.4,,2027-05-12,46-55,2027-05
1959,26,Other,Sports,Credit Card,157.22,4,2.7,,2027-05-13,26-35,2027-05
1960,64,Male,Beauty,UPI,811.16,7,4.8,,2027-05-14,56+,2027-05
1961,54,Male,Sports,Debit Card,1079.07,10,1.8,,2027-05-15,46-55,2027-05
1962,51,Male,Fashion,Wallet,1158.97,6,2.5,,2027-05-16,46-55,2027-05
1963,50,Other,Home & Living,Debit Card,1084.17,10,3.3,,2027-05-17,46-55,2027-05
1964,45,Other,Electronics,Debit Card,76.8,1,3.0,,2027-05-18,36-45,2027-05
1965,25,Other,Electronics,Wallet,37.28,13,2.9,,2027-05-19,19-25,2027-05
1966,68,Female,Fashion,Cash on Delivery,1467.57,13,2.9,,2027-05-20,56+,2027-05
1967,37,Other,Sports,UPI,648.24,7,4.0,,2027-05-21,36-45,2027-05
1968,24,Female,Groceries,Wallet,702.58,9,5.0,,2027-05-22,19-25,2027-05
1969,47,Other,Home & Living,UPI,1122.3,7,1.8,,2027-05-23,46-55,2027-05
1970,23,Other,Home & Living,Debit Card,1365.26,6,2.6,,2027-05-24,19-25,2027-05
1971,59,Male,Home & Living,Debit Card,839.46,4,3.6,,2027-05-25,56+,2027-05
1972,44,Female,Beauty,Wallet,748.31,14,3.2,,2027-05-26,36-45,2027-05
1973,34,Female,Beauty,UPI,272.62,6,4.2,,2027-05-27,26-35,2027-05
1974,37,Female,Groceries,Cash on Delivery,544.07,12,1.7,,2027-05-28,36-45,2027-05
1975,38,Other,Beauty,UPI,1370.61,9,3.3,,2027-05-29,36-45,2027-05
1976,30,Female,Fashion,Wallet,260.8,1,3.5,,2027-05-30,26-35,2027-05
1977,46,Female,Groceries,Cash on Delivery,693.99,1,3.3,,2027-05-31,46-55,2027-05
1978,43,Other,Groceries,Credit Card,1259.8,4,4.2,,2027-06-01,36-45,2027-06
1979,34,Male,Fashion,UPI,799.41,10,3.1,,2027-06-02,26-35,2027-06
1980,57,Male,Electronics,Credit Card,46.74,14,1.7,,2027-06-03,56+,2027-06
1981,40,Male,Sports,UPI,360.24,13,1.4,,2027-06-04,36-45,2027-06
1982,67,Female,Groceries,Debit Card,135.86,7,1.2,,2027-06-05,56+,2027-06
1983,52,Other,Home & Living,Wallet,90.98,3,2.4,,2027-06-06,46-55,2027-06
1984,64,Other,Fashion,Cash on Delivery,1071.89,7,3.8,,2027-06-07,56+,2027-06
1985,19,Male,Electronics,Credit Card,518.26,5,3.0,,2027-06-08,19-25,2027-06
1986,22,Male,Fashion,Credit Card,897.16,11,2.1,,2027-06-09,19-25,2027-06
1987,29,Other,Beauty,Credit Card,186.32,9,1.5,,2027-06-10,26-35,2027-06
1988,55,Other,Beauty,Debit Card,935.65,10,1.6,,2027-06-11,46-55,2027-06
1989,30,Female,Fashion,Cash on Delivery,72.96,13,2.8,,2027-06-12,26-35,2027-06
1990,46,Male,Groceries,Cash on Delivery,935.72,1,4.1,,2027-06-13,46-55,2027-06
1991,18,Female,Home & Living,Cash on Delivery,341.17,5,3.4,,2027-06-14,0-18,2027-06
1992,28,Other,Fashion,Debit Card,219.55,8,2.9,,2027-06-15,26-35,2027-06
1993,69,Male,Home & Living,Cash on Delivery,1039.48,7,3.2,,2027-06-16,56+,2027-06
1994,33,Male,Fashion,Cash on Delivery,1480.95,6,2.5,,2027-06-17,26-35,2027-06
1995,19,Other,Fashion,Wallet,537.55,7,4.4,,2027-06-18,19-25,2027-06
1996,43,Other,Groceries,UPI,646.13,9,3.1,,2027-06-19,36-45,2027-06
1997,61,Female,Fashion,Wallet,38.17,6,3.9,,2027-06-20,56+,2027-06
1998,43,Male,Electronics,UPI,1179.71,5,1.6,,2027-06-21,36-45,2027-06
1999,34,Other,Home & Living,Wallet,1422.79,12,3.5,,2027-06-22,26-35,2027-06
2000,28,Other,Home & Living,Credit Card,1044.72,9,2.1,,2027-06-23,26-35,2027-06
2001,62,Male,Beauty,Credit Card,746.53,10,3.2,,2027-06-24,56+,2027-06
2002,22,Other,Sports,UPI,289.72,13,1.6,,2027-06-25,19-25,2027-06
2003,25,Other,Home & Living,Debit Card,625.89,8,2.1,,2027-06-26,19-25,2027-06
2004,30,Other,Beauty,UPI,764.88,13,4.3,,2027-06-27,26-35,2027-06
2005,55,Female,Fashion,Debit Card,1209.73,9,4.8,,2027-06-28,46-55,2027-06
2006,53,Male,Electronics,Debit Card,291.7,11,1.7,,2027-06-29,46-55,2027-06
2007,60,Male,Beauty,Credit Card,1293.93,10,2.8,,2027-06-30,56+,2027-06
2008,54,Male,Electronics,UPI,1007.84,2,2.8,,2027-07-01,46-55,2027-07
2009,40,Other,Fashion,Credit Card,656.56,5,3.5,,2027-07-02,36-45,2027-07
2010,29,Female,Fashion,Credit Card,663.44,10,4.5,,2027-07-03,26-35,2027-07
2011,26,Female,Fashion,Wallet,543.66,3,4.8,,2027-07-04,26-35,2027-07
2012,48,Other,Home & Living,Cash on Delivery,1149.27,8,3.1,,2027-07-05,46-55,2027-07
2013,57,Male,Sports,Credit Card,539.48,1,1.5,,2027-07-06,56+,2027-07
2014,45,Other,Groceries,UPI,684.72,2,1.8,,2027-07-07,36-45,2027-07
2015,39,Other,Beauty,Wallet,1416.44,12,1.2,,2027-07-08,36-45,2027-07
2016,50,Male,Beauty,Cash on Delivery,1329.25,14,2.6,,2027-07-09,46-55,2027-07
2017,39,Male,Home & Living,UPI,566.58,13,1.0,,2027-07-10,36-45,2027-07
2018,47,Male,Home & Living,UPI,33.08,6,2.5,,2027-07-11,46-55,2027-07
2019,39,Other,Electronics,Cash on Delivery,1173.93,4,2.5,,2027-07-12,36-45,2027-07
2020,49,Male,Sports,Wallet,1063.21,10,4.0,,2027-07-13,46-55,2027-07
2021,69,Other,Beauty,UPI,356.54,13,3.7,,2027-07-14,56+,2027-07
2022,18,Other,Beauty,UPI,1251.91,11,4.8,,2027-07-15,0-18,2027-07
2023,40,Female,Fashion,Wallet,1089.89,1,2.3,,2027-07-16,36-45,2027-07
2024,28,Male,Sports,Debit Card,801.71,3,1.8,,2027-07-17,26-35,2027-07
2025,64,Other,Beauty,UPI,1102.12,7,1.7,,2027-07-18,56+,2027-07
2026,31,Other,Fashion,Credit Card,143.81,12,4.9,,2027-07-19,26-35,2027-07
2027,37,Female,Groceries,Debit Card,681.97,7,4.8,,2027-07-20,36-45,2027-07
2028,37,Male,Electronics,Cash on Delivery,1137.22,8,3.1,,2027-07-21,36-45,2027-07
2029,53,Other,Electronics,Wallet,768.22,2,4.4,,2027-07-22,46-55,2027-07
2030,63,Female,Beauty,UPI,1393.53,5,2.5,,2027-07-23,56+,2027-07
2031,23,Other,Home & Living,UPI,1148.95,11,2.0,,2027-07-24,19-25,2027-07
2032,69,Female,Groceries,Credit Card,692.99,8,4.4,,2027-07-25,56+,2027-07
2033,26,Other,Home & Living,Debit Card,1365.77,3,2.9,,2027-07-26,26-35,2027-07
2034,63,Female,Fashion,Wallet,1381.46,7,3.1,,2027-07-27,56+,2027-07
2035,55,Male,Sports,Cash on Delivery,772.99,6,4.4,,2027-07-28,46-55,2027-07
2036,23,Male,Home & Living,Cash on Delivery,877.61,7,2.8,,2027-07-29,19-25,2027-07
2037,38,Other,Beauty,Credit Card,807.86,8,2.6,,2027-07-30,36-45,2027-07
2038,56,Female,Sports,Debit Card,544.8,8,2.7,,2027-07-31,56+,2027-07
2039,23,Other,Groceries,Debit Card,284.63,14,1.9,,2027-08-01,19-25,2027-08
2040,63,Female,Groceries,Cash on Delivery,692.19,3,4.9,,2027-08-02,56+,2027-08
2041,18,Other,Beauty,Debit Card,960.07,9,1.6,,2027-08-03,0-18,2027-08
2042,20,Female,Fashion,Debit Card,1002.12,6,2.8,,2027-08-04,19-25,2027-08
2043,36,Other,Electronics,Wallet,851.87,11,3.9,,2027-08-05,36-45,2027-08
2044,49,Other,Beauty,Credit Card,1325.75,6,2.0,,2027-08-06,46-55,2027-08
2045,63,Female,Home & Living,Wallet,863.62,8,3.8,,2027-08-07,56+,2027-08
2046,25,Other,Groceries,Wallet,837.12,2,2.0,,2027-08-08,19-25,2027-08
2047,63,Male,Sports,Wallet,861.29,1,4.0,,2027-08-09,56+,2027-08
2048,32,Female,Beauty,Wallet,197.68,11,3.5,,2027-08-10,26-35,2027-08
2049,66,Other,Fashion,Credit Card,785.27,7,4.1,,2027-08-11,56+,2027-08
2050,58,Male,Electronics,Cash on Delivery,601.32,11,2.7,,2027-08-12,56+,2027-08
2051,22,Other,Groceries,Debit Card,764.3,4,3.7,,2027-08-13,19-25,2027-08
2052,23,Female,Electronics,Debit Card,388.53,14,4.9,,2027-08-14,19-25,2027-08
2053,64,Female,Fashion,Debit Card,1305.18,4,4.7,,2027-08-15,56+,2027-08
2054,60,Male,Groceries,Debit Card,316.17,6,3.9,,2027-08-16,56+,2027-08
2055,51,Male,Groceries,UPI,167.85,10,1.1,,2027-08-17,46-55,2027-08
2056,40,Female,Beauty,UPI,771.45,12,4.3,,2027-08-18,36-45,2027-08
2057,37,Male,Beauty,Debit Card,1471.63,6,4.5,,2027-08-19,36-45,2027-08
2058,34,Female,Home & Living,Credit Card,1202.89,11,2.3,,2027-08-20,26-35,2027-08
2059,18,Female,Fashion,Wallet,986.32,8,3.5,,2027-08-21,0-18,2027-08
2060,28,Female,Groceries,Cash on Delivery,1324.17,11,4.5,,2027-08-22,26-35,2027-08
2061,59,Female,Home & Living,Cash on Delivery,656.94,2,1.7,,2027-08-23,56+,2027-08
2062,35,Male,Electronics,Cash on Delivery,1160.14,12,1.7,,2027-08-24,26-35,2027-08
2063,31,Female,Beauty,Debit Card,1292.14,10,3.7,,2027-08-25,26-35,2027-08
2064,43,Male,Sports,Credit Card,431.95,13,1.1,,2027-08-26,36-45,2027-08
2065,41,Other,Groceries,UPI,1179.41,7,4.9,,2027-08-27,36-45,2027-08
2066,21,Female,Electronics,Debit Card,619.47,8,4.4,,2027-08-28,19-25,2027-08
2067,26,Other,Groceries,Credit Card,1311.79,7,2.8,,2027-08-29,26-35,2027-08
2068,48,Other,Sports,UPI,1331.07,6,3.2,,2027-08-30,46-55,2027-08
2069,24,Other,Sports,Credit Card,491.54,7,3.1,,2027-08-31,19-25,2027-08
2070,34,Male,Fashion,Cash on Delivery,1265.58,6,1.2,,2027-09-01,26-35,2027-09
2071,47,Male,Beauty,Wallet,1255.69,5,1.4,,2027-09-02,46-55,2027-09
2072,26,Female,Fashion,Debit Card,75.19,11,1.2,,2027-09-03,26-35,2027-09
2073,59,Other,Beauty,Cash on Delivery,887.92,14,1.2,,2027-09-04,56+,2027-09
2074,66,Female,Fashion,UPI,564.14,10,2.5,,2027-09-05,56+,2027-09
2075,21,Other,Fashion,UPI,961.26,3,3.9,,2027-09-06,19-25,2027-09
2076,64,Other,Home & Living,Cash on Delivery,807.95,1,4.5,,2027-09-07,56+,2027-09
2077,68,Male,Electronics,Debit Card,1374.45,6,4.3,,2027-09-08,56+,2027-09
2078,31,Other,Sports,Wallet,1427.31,7,4.6,,2027-09-09,26-35,2027-09
2079,47,Male,Electronics,Cash on Delivery,1242.57,8,3.8,,2027-09-10,46-55,2027-09
2080,30,Male,Home & Living,Debit Card,999.79,6,3.9,,2027-09-11,26-35,2027-09
2081,61,Female,Home & Living,Debit Card,1360.24,13,4.7,,2027-09-12,56+,2027-09
2082,41,Male,Electronics,Debit Card,1230.83,4,4.3,,2027-09-13,36-45,2027-09
2083,23,Other,Home & Living,Credit Card,662.45,8,1.3,,2027-09-14,19-25,2027-09
2084,45,Female,Home & Living,Debit Card,839.8,8,1.4,,2027-09-15,36-45,2027-09
2085,67,Male,Electronics,Credit Card,134.95,6,3.0,,2027-09-16,56+,2027-09
2086,65,Male,Electronics,Cash on Delivery,1187.03,10,1.7,,2027-09-17,56+,2027-09
2087,33,Female,Sports,Credit Card,427.92,14,2.6,,2027-09-18,26-35,2027-09
2088,56,Other,Beauty,Credit Card,1282.09,7,3.7,,2027-09-19,56+,2027-09
2089,59,Male,Home & Living,Credit Card,688.58,5,2.0,,2027-09-20,56+,2027-09
2090,27,Male,Groceries,Debit Card,1066.99,11,3.4,,2027-09-21,26-35,2027-09
2091,69,Male,Electronics,Wallet,1357.0,4,1.5,,2027-09-22,56+,2027-09
2092,20,Female,Home & Living,Cash on Delivery,362.67,2,2.6,,2027-09-23,19-25,2027-09
2093,68,Other,Beauty,Debit Card,799.21,14,2.2,,2027-09-24,56+,2027-09
2094,45,Male,Electronics,UPI,106.86,7,3.8,,2027-09-25,36-45,2027-09
2095,59,Male,Beauty,UPI,461.26,14,4.0,,2027-09-26,56+,2027-09
2096,22,Female,Beauty,UPI,1151.34,12,2.0,,2027-09-27,19-25,2027-09
2097,45,Female,Home & Living,Cash on Delivery,1075.55,1,5.0,,2027-09-28,36-45,2027-09
2098,30,Male,Home & Living,Debit Card,1023.24,6,2.0,,2027-09-29,26-35,2027-09
2099,61,Male,Electronics,Wallet,117.48,6,3.5,,2027-09-30,56+,2027-09
2100,39,Male,Groceries,Wallet,905.76,14,2.9,,2027-10-01,36-45,2027-10
2101,34,Other,Groceries,Credit Card,1303.01,1,1.7,,2027-10-02,26-35,2027-10
2102,61,Female,Beauty,UPI,217.18,3,4.2,,2027-10-03,56+,2027-10
2103,18,Other,Groceries,Wallet,1443.06,2,4.9,,2027-10-04,0-18,2027-10
2104,63,Other,Sports,Wallet,1045.64,3,3.6,,2027-10-05,56+,2027-10
2105,43,Male,Home & Living,Debit Card,506.24,11,4.7,,2027-10-06,36-45,2027-10
2106,43,Male,Sports,UPI,324.56,2,2.5,,2027-10-07,36-45,2027-10
2107,22,Female,Beauty,Wallet,617.28,13,3.1,,2027-10-08,19-25,2027-10
2108,41,Male,Beauty,Wallet,1250.11,9,3.2,,2027-10-09,36-45,2027-10
2109,64,Other,Electronics,Wallet,221.06,2,3.3,,2027-10-10,56+,2027-10
2110,63,Female,Home & Living,UPI,1279.03,4,1.5,,2027-10-11,56+,2027-10
2111,54,Female,Sports,Wallet,6.61,1,3.1,,2027-10-12,46-55,2027-10
2112,58,Other,Sports,Credit Card,1069.52,2,1.5,,2027-10-13,56+,2027-10
2113,57,Female,Electronics,Cash on Delivery,145.88,9,1.7,,2027-10-14,56+,2027-10
2114,42,Female,Sports,Credit Card,870.72,13,4.9,,2027-10-15,36-45,2027-10
2115,36,Female,Electronics,Credit Card,1034.83,11,3.2,,2027-10-16,36-45,2027-10
2116,28,Female,Sports,UPI,1068.99,6,2.0,,2027-10-17,26-35,2027-10
2117,65,Other,Electronics,Debit Card,255.83,12,2.7,,2027-10-18,56+,2027-10
2118,65,Male,Sports,Cash on Delivery,1296.96,11,3.3,,2027-10-19,56+,2027-10
2119,28,Male,Home & Living,Cash on Delivery,423.7,12,2.3,,2027-10-20,26-35,2027-10
2120,23,Female,Fashion,Cash on Delivery,302.77,10,4.6,,2027-10-21,19-25,2027-10
2121,36,Male,Home & Living,UPI,26.34,8,1.2,,2027-10-22,36-45,2027-10
2122,33,Female,Beauty,Wallet,948.15,9,2.2,,2027-10-23,26-35,2027-10
2123,40,Other,Home & Living,Wallet,1374.24,13,2.9,,2027-10-24,36-45,2027-10
2124,60,Other,Home & Living,Debit Card,91.3,4,4.8,,2027-10-25,56+,2027-10
2125,68,Other,Electronics,Wallet,1386.17,11,3.0,,2027-10-26,56+,2027-10
2126,34,Male,Sports,Credit Card,578.59,8,3.3,,2027-10-27,26-35,2027-10
2127,46,Other,Groceries,Wallet,8.64,11,1.4,,2027-10-28,46-55,2027-10
2128,24,Other,Groceries,Credit Card,848.69,6,3.1,,2027-10-29,19-25,2027-10
2129,28,Male,Beauty,Wallet,245.67,7,4.9,,2027-10-30,26-35,2027-10
2130,51,Male,Groceries,Cash on Delivery,1147.2,8,4.9,,2027-10-31,46-55,2027-10
2131,23,Male,Fashion,Debit Card,362.46,8,4.3,,2027-11-01,19-25,2027-11
2132,51,Male,Home & Living,Cash on Delivery,1184.3,1,2.6,,2027-11-02,46-55,2027-11
2133,50,Male,Sports,UPI,70.01,10,4.9,,2027-11-03,46-55,2027-11
2134,61,Other,Beauty,Credit Card,1307.9,3,3.4,,2027-11-04,56+,2027-11
2135,31,Male,Fashion,Credit Card,1087.37,13,3.8,,2027-11-05,26-35,2027-11
2136,55,Female,Fashion,Debit Card,485.31,1,2.1,,2027-11-06,46-55,2027-11
2137,33,Other,Home & Living,Debit Card,173.92,1,2.5,,2027-11-07,26-35,2027-11
2138,41,Male,Sports,Wallet,343.96,3,1.6,,2027-11-08,36-45,2027-11
2139,68,Other,Fashion,Credit Card,1226.52,11,2.9,,2027-11-09,56+,2027-11
2140,32,Other,Groceries,Cash on Delivery,1386.0,14,1.8,,2027-11-10,26-35,2027-11
2141,25,Male,Electronics,Credit Card,729.54,14,1.4,,2027-11-11,19-25,2027-11
2142,33,Other,Groceries,Credit Card,856.89,7,2.9,,2027-11-12,26-35,2027-11
2143,19,Other,Home & Living,Cash on Delivery,66.76,11,1.7,,2027-11-13,19-25,2027-11
2144,38,Other,Groceries,UPI,271.01,4,4.8,,2027-11-14,36-45,2027-11
2145,45,Other,Beauty,UPI,1494.71,2,4.3,,2027-11-15,36-45,2027-11
2146,19,Female,Beauty,Wallet,190.35,2,3.5,,2027-11-16,19-25,2027-11
2147,50,Other,Electronics,UPI,192.45,1,2.7,,2027-11-17,46-55,2027-11
2148,40,Male,Groceries,UPI,1451.48,13,1.4,,2027-11-18,36-45,2027-11
2149,62,Female,Home & Living,Wallet,1050.07,1,3.2,,2027-11-19,56+,2027-11
2150,28,Other,Electronics,Credit Card,1451.19,10,2.2,,2027-11-20,26-35,2027-11
2151,34,Female,Groceries,Credit Card,92.26,8,3.4,,2027-11-21,26-35,2027-11
2152,65,Other,Groceries,Credit Card,189.68,14,1.6,,2027-11-22,56+,2027-11
2153,59,Male,Electronics,UPI,543.95,10,2.7,,2027-11-23,56+,2027-11
2154,18,Other,Home & Living,Credit Card,934.49,2,3.4,,2027-11-24,0-18,2027-11
2155,44,Other,Beauty,Debit Card,87.17,2,4.9,,2027-11-25,36-45,2027-11
2156,19,Male,Beauty,UPI,116.48,1,4.0,,2027-11-26,19-25,2027-11
2157,38,Other,Beauty,UPI,134.45,3,1.0,,2027-11-27,36-45,2027-11
2158,23,Male,Beauty,UPI,408.7,4,1.0,,2027-11-28,19-25,2027-11
2159,51,Other,Electronics,UPI,524.49,12,3.0,,2027-11-29,46-55,2027-11
2160,38,Other,Home & Living,Debit Card,1036.37,12,4.2,,2027-11-30,36-45,2027-11
2161,56,Other,Electronics,Credit Card,980.03,1,2.8,,2027-12-01,56+,2027-12
2162,28,Female,Home & Living,UPI,423.38,3,1.1,,2027-12-02,26-35,2027-12
2163,22,Female,Groceries,Wallet,258.51,3,4.7,,2027-12-03,19-25,2027-12
2164,34,Female,Home & Living,Wallet,445.76,4,3.1,,2027-12-04,26-35,2027-12
2165,21,Other,Sports,Debit Card,344.75,13,4.7,,2027-12-05,19-25,2027-12
2166,67,Male,Beauty,Debit Card,539.42,14,3.7,,2027-12-06,56+,2027-12
2167,65,Other,Home & Living,Cash on Delivery,948.39,12,2.6,,2027-12-07,56+,2027-12
2168,39,Female,Home & Living,Cash on Delivery,203.49,3,4.4,,2027-12-08,36-45,2027-12
2169,41,Male,Beauty,Cash on Delivery,933.19,3,5.0,,2027-12-09,36-45,2027-12
2170,43,Male,Sports,Credit Card,353.14,5,3.5,,2027-12-10,36-45,2027-12
2171,33,Male,Groceries,Credit Card,1397.85,5,4.3,,2027-12-11,26-35,2027-12
2172,44,Female,Home & Living,Wallet,640.88,9,1.9,,2027-12-12,36-45,2027-12
2173,62,Female,Fashion,Credit Card,915.8,12,4.8,,2027-12-13,56+,2027-12
2174,28,Other,Electronics,Credit Card,1242.07,2,1.8,,2027-12-14,26-35,2027-12
2175,21,Male,Groceries,Wallet,1399.56,4,3.5,,2027-12-15,19-25,2027-12
2176,56,Male,Groceries,Wallet,1279.09,2,2.7,,2027-12-16,56+,2027-12
2177,58,Other,Groceries,Wallet,1372.15,7,3.0,,2027-12-17,56+,2027-12
2178,59,Female,Groceries,Cash on Delivery,372.9,7,1.1,,2027-12-18,56+,2027-12
2179,37,Other,Groceries,Debit Card,496.4,12,2.7,,2027-12-19,36-45,2027-12
2180,29,Other,Beauty,Wallet,1243.78,6,4.1,,2027-12-20,26-35,2027-12
2181,33,Female,Home & Living,Cash on Delivery,220.39,6,4.7,,2027-12-21,26-35,2027-12
2182,20,Male,Groceries,Wallet,679.27,1,4.4,,2027-12-22,19-25,2027-12
2183,53,Male,Groceries,UPI,623.87,4,1.1,,2027-12-23,46-55,2027-12
2184,39,Other,Sports,UPI,58.98,1,3.6,,2027-12-24,36-45,2027-12
2185,35,Other,Beauty,Debit Card,451.62,7,1.2,,2027-12-25,26-35,2027-12
2186,52,Male,Groceries,UPI,745.96,3,2.6,,2027-12-26,46-55,2027-12
2187,22,Male,Fashion,Credit Card,1237.23,12,2.5,,2027-12-27,19-25,2027-12
2188,45,Female,Sports,Debit Card,1454.59,12,2.9,,2027-12-28,36-45,2027-12
2189,61,Male,Sports,Debit Card,349.38,8,4.7,,2027-12-29,56+,2027-12
2190,55,Female,Fashion,Wallet,1490.16,9,4.7,,2027-12-30,46-55,2027-12
2191,57,Male,Fashion,Debit Card,176.73,3,4.3,,2027-12-31,56+,2027-12
2192,32,Female,Electronics,Wallet,623.06,1,1.9,,2028-01-01,26-35,2028-01
2193,64,Female,Beauty,UPI,1385.58,3,1.5,,2028-01-02,56+,2028-01
2194,44,Other,Groceries,UPI,521.61,12,2.9,,2028-01-03,36-45,2028-01
2195,41,Male,Electronics,UPI,1180.51,2,4.4,,2028-01-04,36-45,2028-01
2196,22,Male,Sports,Cash on Delivery,1444.7,7,4.6,,2028-01-05,19-25,2028-01
2197,50,Female,Beauty,Wallet,1101.68,8,4.9,,2028-01-06,46-55,2028-01
2198,23,Male,Fashion,Credit Card,915.08,4,2.9,,2028-01-07,19-25,2028-01
2199,47,Female,Home & Living,Debit Card,282.58,4,2.3,,2028-01-08,46-55,2028-01
2200,21,Female,Groceries,UPI,1350.84,12,2.0,,2028-01-09,19-25,2028-01
2201,36,Male,Electronics,Debit Card,93.41,2,4.7,,2028-01-10,36-45,2028-01
2202,63,Male,Electronics,Cash on Delivery,876.32,7,4.2,,2028-01-11,56+,2028-01
2203,20,Other,Sports,Credit Card,59.09,3,3.6,,2028-01-12,19-25,2028-01
2204,32,Male,Sports,UPI,893.76,10,1.1,,2028-01-13,26-35,2028-01
2205,57,Male,Electronics,Credit Card,452.49,10,2.8,,2028-01-14,56+,2028-01
2206,45,Male,Beauty,Wallet,933.3,5,4.5,,2028-01-15,36-45,2028-01
2207,64,Female,Electronics,Wallet,818.2,8,3.1,,2028-01-16,56+,2028-01
2208,32,Female,Fashion,Debit Card,499.88,7,2.0,,2028-01-17,26-35,2028-01
2209,65,Female,Home & Living,Cash on Delivery,598.07,1,1.7,,2028-01-18,56+,2028-01
2210,25,Female,Home & Living,Credit Card,1187.59,11,4.1,,2028-01-19,19-25,2028-01
2211,68,Male,Groceries,Cash on Delivery,72.04,8,1.5,,2028-01-20,56+,2028-01
2212,35,Other,Home & Living,UPI,269.64,3,2.8,,2028-01-21,26-35,2028-01
2213,38,Male,Fashion,Cash on Delivery,626.7,4,1.0,,2028-01-22,36-45,2028-01
2214,30,Male,Groceries,Cash on Delivery,101.65,9,3.6,,2028-01-23,26-35,2028-01
2215,69,Female,Home & Living,UPI,661.06,4,1.6,,2028-01-24,56+,2028-01
2216,58,Other,Fashion,Credit Card,479.19,6,4.9,,2028-01-25,56+,2028-01
2217,47,Other,Sports,Cash on Delivery,377.94,10,2.2,,2028-01-26,46-55,2028-01
2218,18,Female,Sports,Debit Card,946.83,9,2.2,,2028-01-27,0-18,2028-01
2219,21,Male,Fashion,Cash on Delivery,1169.72,13,1.6,,2028-01-28,19-25,2028-01
2220,42,Male,Groceries,Cash on Delivery,218.71,2,2.0,,2028-01-29,36-45,2028-01
2221,59,Male,Groceries,Debit Card,159.64,5,3.0,,2028-01-30,56+,2028-01
2222,36,Male,Fashion,Credit Card,640.23,14,3.6,,2028-01-31,36-45,2028-01
2223,61,Other,Beauty,Debit Card,748.96,4,3.5,,2028-02-01,56+,2028-02
2224,69,Male,Fashion,Credit Card,637.29,12,1.3,,2028-02-02,56+,2028-02
2225,55,Other,Beauty,Wallet,232.11,5,1.4,,2028-02-03,46-55,2028-02
2226,48,Other,Groceries,UPI,1016.5,1,3.9,,2028-02-04,46-55,2028-02
2227,42,Female,Sports,Credit Card,802.65,1,4.3,,2028-02-05,36-45,2028-02
2228,44,Female,Beauty,Cash on Delivery,14.15,8,3.8,,2028-02-06,36-45,2028-02
2229,44,Female,Sports,Debit Card,1448.05,9,1.9,,2028-02-07,36-45,2028-02
2230,51,Male,Groceries,Cash on Delivery,1496.85,1,1.2,,2028-02-08,46-55,2028-02
2231,68,Female,Electronics,Cash on Delivery,716.88,9,2.0,,2028-02-09,56+,2028-02
2232,47,Male,Groceries,Debit Card,323.55,3,2.4,,2028-02-10,46-55,2028-02
2233,31,Female,Sports,UPI,1004.4,9,4.6,,2028-02-11,26-35,2028-02
2234,32,Female,Home & Living,UPI,273.82,7,3.3,,2028-02-12,26-35,2028-02
2235,51,Male,Beauty,Wallet,910.48,2,4.6,,2028-02-13,46-55,2028-02
2236,64,Female,Sports,Wallet,815.14,5,1.1,,2028-02-14,56+,2028-02
2237,66,Male,Home & Living,Cash on Delivery,1222.67,14,3.6,,2028-02-15,56+,2028-02
2238,55,Other,Sports,Credit Card,921.4,11,2.1,,2028-02-16,46-55,2028-02
2239,32,Female,Fashion,Credit Card,411.71,4,2.8,,2028-02-17,26-35,2028-02
2240,59,Other,Sports,Cash on Delivery,682.3,7,1.4,,2028-02-18,56+,2028-02
2241,45,Female,Groceries,Credit Card,7.58,9,3.1,,2028-02-19,36-45,2028-02
2242,24,Female,Electronics,Cash on Delivery,414.71,5,2.2,,2028-02-20,19-25,2028-02
2243,34,Male,Beauty,Credit Card,500.88,3,3.7,,2028-02-21,26-35,2028-02
2244,19,Male,Home & Living,Credit Card,1037.17,9,2.4,,2028-02-22,19-25,2028-02
2245,20,Other,Beauty,Wallet,224.91,9,1.3,,2028-02-23,19-25,2028-02
2246,51,Other,Fashion,Credit Card,1164.58,10,4.2,,2028-02-24,46-55,2028-02
2247,36,Female,Fashion,UPI,864.17,8,3.7,,2028-02-25,36-45,2028-02
2248,24,Male,Beauty,Credit Card,937.39,3,3.3,,2028-02-26,19-25,2028-02
2249,19,Female,Electronics,Debit Card,1277.07,4,4.9,,2028-02-27,19-25,2028-02
2250,38,Female,Sports,UPI,394.53,13,4.1,,2028-02-28,36-45,2028-02
2251,38,Female,Home & Living,UPI,1094.23,13,2.2,,2028-02-29,36-45,2028-02
2252,40,Female,Beauty,Credit Card,349.39,11,3.0,,2028-03-01,36-45,2028-03
2253,24,Male,Sports,UPI,1306.78,14,2.6,,2028-03-02,19-25,2028-03
2254,65,Other,Electronics,Debit Card,146.6,8,1.4,,2028-03-03,56+,2028-03
2255,63,Other,Electronics,Credit Card,565.07,4,3.7,,2028-03-04,56+,2028-03
2256,56,Female,Sports,UPI,949.49,4,3.8,,2028-03-05,56+,2028-03
2257,60,Male,Electronics,Debit Card,1175.21,11,1.4,,2028-03-06,56+,2028-03
2258,34,Male,Sports,Cash on Delivery,759.59,7,1.2,,2028-03-07,26-35,2028-03
2259,44,Female,Fashion,Debit Card,1461.5,1,3.2,,2028-03-08,36-45,2028-03
2260,28,Other,Sports,Wallet,1023.57,11,3.6,,2028-03-09,26-35,2028-03
2261,40,Male,Groceries,Credit Card,1256.59,14,3.4,,2028-03-10,36-45,2028-03
2262,62,Female,Beauty,Cash on Delivery,1405.56,10,1.5,,2028-03-11,56+,2028-03
2263,53,Male,Home & Living,UPI,1306.13,8,3.5,,2028-03-12,46-55,2028-03
2264,59,Other,Beauty,Wallet,579.72,9,1.3,,2028-03-13,56+,2028-03
2265,64,Female,Home & Living,Wallet,1347.66,9,1.3,,2028-03-14,56+,2028-03
2266,27,Other,Beauty,UPI,248.02,1,3.4,,2028-03-15,26-35,2028-03
2267,24,Other,Beauty,Credit Card,1003.88,9,3.4,,2028-03-16,19-25,2028-03
2268,23,Female,Fashion,Cash on Delivery,347.61,10,3.0,,2028-03-17,19-25,2028-03
2269,67,Other,Fashion,UPI,764.95,10,2.2,,2028-03-18,56+,2028-03
2270,20,Male,Groceries,Credit Card,1328.07,8,3.4,,2028-03-19,19-25,2028-03
2271,19,Male,Groceries,Debit Card,22.19,6,3.8,,2028-03-20,19-25,2028-03
2272,57,Female,Fashion,Debit Card,492.94,4,2.7,,2028-03-21,56+,2028-03
2273,57,Male,Sports,Wallet,1130.64,6,1.2,,2028-03-22,56+,2028-03
2274,36,Male,Sports,UPI,267.56,9,3.4,,2028-03-23,36-45,2028-03
2275,61,Female,Beauty,Debit Card,641.54,9,4.7,,2028-03-24,56+,2028-03
2276,61,Female,Groceries,Credit Card,750.39,5,2.5,,2028-03-25,56+,2028-03
2277,30,Male,Beauty,Cash on Delivery,1136.34,4,1.7,,2028-03-26,26-35,2028-03
2278,18,Female,Groceries,UPI,1113.98,6,4.5,,2028-03-27,0-18,2028-03
2279,69,Male,Groceries,Debit Card,1427.59,12,4.3,,2028-03-28,56+,2028-03
2280,18,Female,Sports,Debit Card,775.13,12,2.4,,2028-03-29,0-18,2028-03
2281,41,Other,Electronics,Debit Card,734.69,10,1.7,,2028-03-30,36-45,2028-03
2282,25,Female,Fashion,Debit Card,1378.61,4,2.1,,2028-03-31,19-25,2028-03
2283,63,Male,Groceries,Wallet,832.18,4,5.0,,2028-04-01,56+,2028-04
2284,65,Female,Electronics,UPI,617.91,4,1.0,,2028-04-02,56+,2028-04
2285,65,Female,Groceries,Credit Card,441.37,4,4.9,,2028-04-03,56+,2028-04
2286,41,Male,Beauty,Wallet,278.53,5,1.8,,2028-04-04,36-45,2028-04
2287,40,Other,Fashion,UPI,863.09,9,1.8,,2028-04-05,36-45,2028-04
2288,66,Male,Home & Living,Debit Card,1015.09,5,4.9,,2028-04-06,56+,2028-04
2289,58,Male,Sports,Wallet,868.19,7,5.0,,2028-04-07,56+,2028-04
2290,66,Male,Home & Living,Debit Card,229.71,1,4.9,,2028-04-08,56+,2028-04
2291,45,Male,Groceries,Cash on Delivery,978.39,5,3.5,,2028-04-09,36-45,2028-04
2292,32,Other,Groceries,Debit Card,1464.58,3,1.8,,2028-04-10,26-35,2028-04
2293,56,Male,Sports,UPI,40.76,10,5.0,,2028-04-11,56+,2028-04
2294,43,Female,Sports,UPI,1453.5,11,3.5,,2028-04-12,36-45,2028-04
2295,57,Male,Fashion,Cash on Delivery,886.34,14,4.7,,2028-04-13,56+,2028-04
2296,66,Female,Sports,Cash on Delivery,552.14,9,2.6,,2028-04-14,56+,2028-04
2297,21,Female,Sports,Debit Card,408.58,14,4.8,,2028-04-15,19-25,2028-04
2298,18,Female,Groceries,Cash on Delivery,724.43,2,1.6,,2028-04-16,0-18,2028-04
2299,63,Other,Sports,Wallet,1368.84,5,1.3,,2028-04-17,56+,2028-04
2300,19,Female,Electronics,UPI,1153.24,11,3.2,,2028-04-18,19-25,2028-04
2301,68,Female,Electronics,Debit Card,203.11,7,3.3,,2028-04-19,56+,2028-04
2302,44,Female,Beauty,UPI,859.28,6,4.6,,2028-04-20,36-45,2028-04
2303,19,Other,Electronics,Debit Card,813.53,5,2.6,,2028-04-21,19-25,2028-04
2304,20,Female,Sports,Debit Card,1292.82,5,2.1,,2028-04-22,19-25,2028-04
2305,50,Male,Groceries,Credit Card,1295.93,1,2.7,,2028-04-23,46-55,2028-04
2306,65,Other,Sports,Cash on Delivery,1202.34,4,2.7,,2028-04-24,56+,2028-04
2307,19,Other,Beauty,Debit Card,279.15,5,4.2,,2028-04-25,19-25,2028-04
2308,57,Other,Fashion,Cash on Delivery,1158.55,14,3.9,,2028-04-26,56+,2028-04
2309,46,Female,Electronics,Credit Card,375.72,10,1.3,,2028-04-27,46-55,2028-04
2310,31,Female,Groceries,UPI,297.33,8,1.4,,2028-04-28,26-35,2028-04
2311,19,Other,Groceries,Credit Card,1262.15,8,2.5,,2028-04-29,19-25,2028-04
2312,56,Other,Groceries,Cash on Delivery,712.69,6,1.3,,2028-04-30,56+,2028-04
2313,22,Male,Beauty,Debit Card,1292.56,4,2.3,,2028-05-01,19-25,2028-05
2314,26,Female,Groceries,Credit Card,886.61,3,4.8,,2028-05-02,26-35,2028-05
2315,25,Female,Beauty,Cash on Delivery,1329.37,6,3.9,,2028-05-03,19-25,2028-05
2316,43,Other,Sports,UPI,396.23,12,3.8,,2028-05-04,36-45,2028-05
2317,63,Male,Fashion,Debit Card,393.14,2,4.0,,2028-05-05,56+,2028-05
2318,33,Female,Beauty,UPI,498.96,8,4.9,,2028-05-06,26-35,2028-05
2319,43,Male,Sports,UPI,527.13,7,4.2,,2028-05-07,36-45,2028-05
2320,24,Other,Electronics,UPI,1357.51,6,3.1,,2028-05-08,19-25,2028-05
2321,19,Female,Beauty,Cash on Delivery,356.36,8,1.6,,2028-05-09,19-25,2028-05
2322,22,Other,Fashion,Cash on Delivery,1496.62,5,3.5,,2028-05-10,19-25,2028-05
2323,34,Male,Sports,Wallet,458.01,5,2.2,,2028-05-11,26-35,2028-05
2324,63,Female,Sports,Wallet,796.06,7,1.3,,2028-05-12,56+,2028-05
2325,19,Male,Fashion,Credit Card,478.59,10,4.0,,2028-05-13,19-25,2028-05
2326,67,Other,Beauty,UPI,150.08,14,4.9,,2028-05-14,56+,2028-05
2327,46,Other,Groceries,Wallet,362.81,5,2.8,,2028-05-15,46-55,2028-05
2328,65,Other,Groceries,Credit Card,754.44,9,3.9,,2028-05-16,56+,2028-05
2329,36,Female,Groceries,Credit Card,1303.68,10,4.2,,2028-05-17,36-45,2028-05
2330,69,Other,Sports,Wallet,1049.06,1,4.4,,2028-05-18,56+,2028-05
2331,21,Other,Fashion,Credit Card,1341.08,2,4.3,,2028-05-19,19-25,2028-05
2332,27,Other,Electronics,Debit Card,91.11,5,4.8,,2028-05-20,26-35,2028-05
2333,41,Male,Beauty,UPI,1072.23,8,3.3,,2028-05-21,36-45,2028-05
2334,54,Other,Home & Living,Debit Card,1245.69,7,1.1,,2028-05-22,46-55,2028-05
2335,41,Female,Home & Living,Cash on Delivery,1317.25,6,3.9,,2028-05-23,36-45,2028-05
2336,30,Other,Home & Living,Cash on Delivery,425.83,13,3.1,,2028-05-24,26-35,2028-05
2337,53,Male,Electronics,Wallet,1107.99,12,2.2,,2028-05-25,46-55,2028-05
2338,63,Male,Home & Living,Cash on Delivery,644.92,9,1.6,,2028-05-26,56+,2028-05
2339,31,Female,Groceries,Credit Card,38.82,4,3.7,,2028-05-27,26-35,2028-05
2340,39,Other,Sports,Credit Card,1291.55,6,2.9,,2028-05-28,36-45,2028-05
2341,28,Male,Home & Living,UPI,761.15,11,2.1,,2028-05-29,26-35,2028-05
2342,34,Other,Home & Living,Credit Card,1328.52,12,4.6,,2028-05-30,26-35,2028-05
2343,56,Other,Groceries,Debit Card,1195.13,3,3.8,,2028-05-31,56+,2028-05
2344,40,Other,Fashion,Debit Card,377.28,2,3.7,,2028-06-01,36-45,2028-06
2345,42,Male,Electronics,UPI,901.16,9,1.9,,2028-06-02,36-45,2028-06
2346,65,Female,Home & Living,Debit Card,1445.37,4,3.1,,2028-06-03,56+,2028-06
2347,25,Male,Fashion,UPI,133.38,4,2.1,,2028-06-04,19-25,2028-06
2348,66,Other,Sports,Cash on Delivery,1473.17,6,3.7,,2028-06-05,56+,2028-06
2349,41,Other,Fashion,Debit Card,713.53,1,2.3,,2028-06-06,36-45,2028-06
2350,32,Male,Home & Living,Cash on Delivery,504.41,11,3.4,,2028-06-07,26-35,2028-06
2351,37,Female,Home & Living,Debit Card,1366.94,5,1.8,,2028-06-08,36-45,2028-06
2352,61,Other,Groceries,UPI,1475.47,6,4.2,,2028-06-09,56+,2028-06
2353,49,Male,Fashion,Wallet,1243.91,8,2.9,,2028-06-10,46-55,2028-06
2354,52,Female,Fashion,Debit Card,179.57,6,2.5,,2028-06-11,46-55,2028-06
2355,21,Male,Sports,Wallet,633.8,10,1.7,,2028-06-12,19-25,2028-06
2356,18,Other,Sports,Debit Card,13.03,10,2.9,,2028-06-13,0-18,2028-06
2357,26,Other,Beauty,UPI,1012.56,6,1.0,,2028-06-14,26-35,2028-06
2358,63,Female,Home & Living,Debit Card,1225.88,1,3.6,,2028-06-15,56+,2028-06
2359,35,Other,Sports,Wallet,685.44,6,3.6,,2028-06-16,26-35,2028-06
2360,62,Other,Home & Living,Cash on Delivery,334.23,11,4.1,,2028-06-17,56+,2028-06
2361,40,Male,Home & Living,Debit Card,698.49,11,2.4,,2028-06-18,36-45,2028-06
2362,62,Other,Groceries,UPI,771.61,1,4.3,,2028-06-19,56+,2028-06
2363,43,Female,Groceries,Wallet,1175.27,3,2.3,,2028-06-20,36-45,2028-06
2364,39,Other,Groceries,Cash on Delivery,1259.27,3,2.8,,2028-06-21,36-45,2028-06
2365,40,Other,Sports,Cash on Delivery,1015.31,9,3.1,,2028-06-22,36-45,2028-06
2366,22,Female,Sports,Cash on Delivery,882.35,5,2.0,,2028-06-23,19-25,2028-06
2367,37,Male,Electronics,Credit Card,256.09,1,4.2,,2028-06-24,36-45,2028-06
2368,69,Male,Beauty,UPI,1016.83,12,4.2,,2028-06-25,56+,2028-06
2369,66,Female,Groceries,Credit Card,1143.44,7,4.6,,2028-06-26,56+,2028-06
2370,64,Male,Groceries,Credit Card,1209.14,12,2.6,,2028-06-27,56+,2028-06
2371,18,Female,Electronics,Debit Card,255.68,4,3.2,,2028-06-28,0-18,2028-06
2372,18,Other,Sports,UPI,1336.25,5,3.6,,2028-06-29,0-18,2028-06
2373,40,Female,Fashion,Debit Card,1183.81,11,4.7,,2028-06-30,36-45,2028-06
2374,58,Other,Beauty,Credit Card,903.06,6,1.7,,2028-07-01,56+,2028-07
2375,27,Female,Fashion,Wallet,248.36,12,4.1,,2028-07-02,26-35,2028-07
2376,67,Female,Groceries,Credit Card,1128.98,8,3.4,,2028-07-03,56+,2028-07
2377,26,Male,Electronics,Credit Card,1474.78,8,3.1,,2028-07-04,26-35,2028-07
2378,21,Other,Groceries,UPI,639.45,9,1.9,,2028-07-05,19-25,2028-07
2379,44,Other,Beauty,UPI,873.03,13,4.0,,2028-07-06,36-45,2028-07
2380,60,Other,Beauty,UPI,246.09,8,2.2,,2028-07-07,56+,2028-07
2381,49,Other,Groceries,Credit Card,502.09,3,1.4,,2028-07-08,46-55,2028-07
2382,42,Female,Beauty,Debit Card,257.72,13,2.5,,2028-07-09,36-45,2028-07
2383,65,Female,Groceries,UPI,675.56,14,1.6,,2028-07-10,56+,2028-07
2384,40,Male,Fashion,UPI,103.42,8,2.1,,2028-07-11,36-45,2028-07
2385,33,Other,Beauty,Wallet,612.79,4,3.8,,2028-07-12,26-35,2028-07
2386,54,Male,Sports,Debit Card,1323.26,14,2.2,,2028-07-13,46-55,2028-07
2387,25,Female,Beauty,Credit Card,1129.49,9,2.9,,2028-07-14,19-25,2028-07
2388,42,Other,Home & Living,UPI,631.74,10,3.5,,2028-07-15,36-45,2028-07
2389,45,Other,Beauty,Debit Card,1036.89,9,4.6,,2028-07-16,36-45,2028-07
2390,26,Female,Beauty,UPI,777.07,2,1.6,,2028-07-17,26-35,2028-07
2391,28,Other,Fashion,UPI,47.08,4,2.9,,2028-07-18,26-35,2028-07
2392,20,Female,Groceries,UPI,896.81,9,1.1,,2028-07-19,19-25,2028-07
2393,51,Male,Sports,Credit Card,81.02,2,2.0,,2028-07-20,46-55,2028-07
2394,66,Male,Groceries,Credit Card,310.11,5,3.2,,2028-07-21,56+,2028-07
2395,38,Other,Beauty,Cash on Delivery,567.16,14,3.5,,2028-07-22,36-45,2028-07
2396,61,Other,Fashion,Cash on Delivery,141.84,6,4.3,,2028-07-23,56+,2028-07
2397,58,Other,Fashion,Debit Card,1246.98,2,3.1,,2028-07-24,56+,2028-07
2398,20,Female,Fashion,Cash on Delivery,1382.85,10,1.9,,2028-07-25,19-25,2028-07
2399,69,Male,Groceries,Credit Card,160.41,4,2.5,,2028-07-26,56+,2028-07
2400,37,Male,Electronics,Wallet,157.5,11,1.0,,2028-07-27,36-45,2028-07
2401,53,Male,Electronics,Credit Card,576.93,3,2.5,,2028-07-28,46-55,2028-07
2402,44,Male,Home & Living,Debit Card,910.51,14,3.0,,2028-07-29,36-45,2028-07
2403,21,Male,Electronics,Debit Card,70.97,12,4.8,,2028-07-30,19-25,2028-07
2404,33,Female,Home & Living,Credit Card,1476.93,5,4.5,,2028-07-31,26-35,2028-07
2405,45,Female,Home & Living,Wallet,701.85,12,4.4,,2028-08-01,36-45,2028-08
2406,45,Male,Home & Living,Debit Card,689.14,3,3.8,,2028-08-02,36-45,2028-08
2407,50,Male,Groceries,Credit Card,1428.83,12,1.8,,2028-08-03,46-55,2028-08
2408,57,Other,Groceries,Wallet,1231.96,13,1.8,,2028-08-04,56+,2028-08
2409,47,Female,Fashion,Credit Card,1125.88,9,4.2,,2028-08-05,46-55,2028-08
2410,29,Female,Electronics,Wallet,1299.41,2,1.7,,2028-08-06,26-35,2028-08
2411,31,Other,Home & Living,Cash on Delivery,679.24,7,4.1,,2028-08-07,26-35,2028-08
2412,22,Other,Groceries,UPI,637.78,12,1.6,,2028-08-08,19-25,2028-08
2413,52,Male,Sports,Credit Card,961.9,1,2.8,,2028-08-09,46-55,2028-08
2414,47,Male,Electronics,Debit Card,528.31,3,1.6,,2028-08-10,46-55,2028-08
2415,63,Female,Beauty,Wallet,850.25,7,3.5,,2028-08-11,56+,2028-08
2416,45,Other,Sports,Cash on Delivery,404.05,7,4.4,,2028-08-12,36-45,2028-08
2417,35,Female,Electronics,Cash on Delivery,448.14,11,4.5,,2028-08-13,26-35,2028-08
2418,65,Other,Groceries,UPI,482.6,8,4.5,,2028-08-14,56+,2028-08
2419,50,Male,Fashion,Cash on Delivery,896.9,10,3.6,,2028-08-15,46-55,2028-08
2420,43,Male,Beauty,Credit Card,287.39,8,3.6,,2028-08-16,36-45,2028-08
2421,25,Other,Home & Living,UPI,548.9,8,2.1,,2028-08-17,19-25,2028-08
2422,36,Male,Groceries,Credit Card,1448.0,10,4.2,,2028-08-18,36-45,2028-08
2423,48,Female,Groceries,UPI,983.4,4,2.2,,2028-08-19,46-55,2028-08
2424,65,Male,Sports,Debit Card,169.18,3,2.4,,2028-08-20,56+,2028-08
2425,50,Male,Fashion,UPI,22.15,6,3.3,,2028-08-21,46-55,2028-08
2426,67,Other,Home & Living,UPI,409.72,7,3.5,,2028-08-22,56+,2028-08
2427,40,Male,Beauty,Wallet,105.95,7,2.2,,2028-08-23,36-45,2028-08
2428,58,Male,Beauty,UPI,58.16,14,3.0,,2028-08-24,56+,2028-08
2429,25,Other,Electronics,UPI,782.78,10,4.7,,2028-08-25,19-25,2028-08
2430,46,Female,Fashion,Credit Card,1294.74,14,4.7,,2028-08-26,46-55,2028-08
2431,33,Other,Sports,Wallet,1424.75,11,2.1,,2028-08-27,26-35,2028-08
2432,27,Other,Electronics,Debit Card,946.32,14,3.1,,2028-08-28,26-35,2028-08
2433,34,Other,Home & Living,Credit Card,42.64,5,2.8,,2028-08-29,26-35,2028-08
2434,37,Female,Beauty,Cash on Delivery,182.76,13,2.2,,2028-08-30,36-45,2028-08
2435,28,Male,Electronics,Debit Card,209.37,3,3.2,,2028-08-31,26-35,2028-08
2436,20,Other,Fashion,Cash on Delivery,1226.98,3,3.6,,2028-09-01,19-25,2028-09
2437,27,Male,Electronics,Wallet,1200.55,1,2.5,,2028-09-02,26-35,2028-09
2438,59,Other,Sports,Wallet,316.12,5,1.6,,2028-09-03,56+,2028-09
2439,43,Other,Sports,Wallet,414.11,11,4.7,,2028-09-04,36-45,2028-09
2440,34,Female,Fashion,Debit Card,1207.59,12,1.8,,2028-09-05,26-35,2028-09
2441,24,Male,Beauty,Debit Card,1001.18,1,4.2,,2028-09-06,19-25,2028-09
2442,22,Male,Fashion,Credit Card,1442.87,13,4.9,,2028-09-07,19-25,2028-09
2443,67,Female,Home & Living,Credit Card,1444.21,1,4.1,,2028-09-08,56+,2028-09
2444,28,Other,Groceries,Wallet,498.51,14,3.5,,2028-09-09,26-35,2028-09
2445,24,Female,Sports,UPI,108.88,7,4.0,,2028-09-10,19-25,2028-09
2446,58,Female,Fashion,UPI,628.37,3,4.4,,2028-09-11,56+,2028-09
2447,61,Female,Sports,Credit Card,377.71,6,1.3,,2028-09-12,56+,2028-09
2448,36,Male,Groceries,UPI,1208.88,1,2.3,,2028-09-13,36-45,2028-09
2449,49,Other,Beauty,Credit Card,662.27,5,1.9,,2028-09-14,46-55,2028-09
2450,38,Male,Sports,Cash on Delivery,1215.22,2,3.8,,2028-09-15,36-45,2028-09
2451,31,Other,Beauty,Cash on Delivery,833.49,3,4.2,,2028-09-16,26-35,2028-09
2452,20,Other,Groceries,Wallet,755.84,3,1.6,,2028-09-17,19-25,2028-09
2453,18,Male,Beauty,Credit Card,831.1,3,1.8,,2028-09-18,0-18,2028-09
2454,41,Other,Home & Living,Cash on Delivery,270.62,12,2.4,,2028-09-19,36-45,2028-09
2455,26,Male,Electronics,Credit Card,1482.7,9,3.4,,2028-09-20,26-35,2028-09
2456,33,Other,Sports,Debit Card,863.13,8,4.1,,2028-09-21,26-35,2028-09
2457,42,Male,Home & Living,Cash on Delivery,484.96,7,3.7,,2028-09-22,36-45,2028-09
2458,31,Male,Home & Living,Debit Card,122.14,11,2.3,,2028-09-23,26-35,2028-09
2459,32,Female,Home & Living,Credit Card,180.49,3,2.0,,2028-09-24,26-35,2028-09
2460,37,Other,Fashion,Credit Card,222.42,7,2.9,,2028-09-25,36-45,2028-09
2461,64,Female,Beauty,UPI,216.1,5,2.2,,2028-09-26,56+,2028-09
2462,67,Female,Sports,UPI,287.7,7,1.5,,2028-09-27,56+,2028-09
2463,42,Male,Groceries,Credit Card,751.27,8,3.0,,2028-09-28,36-45,2028-09
2464,50,Other,Home & Living,Debit Card,935.26,9,4.3,,2028-09-29,46-55,2028-09
2465,62,Male,Groceries,UPI,751.24,10,1.1,,2028-09-30,56+,2028-09
2466,19,Male,Home & Living,Credit Card,645.75,2,2.7,,2028-10-01,19-25,2028-10
2467,23,Other,Fashion,Wallet,158.11,14,3.1,,2028-10-02,19-25,2028-10
2468,25,Other,Home & Living,Credit Card,867.7,13,4.4,,2028-10-03,19-25,2028-10
2469,50,Female,Home & Living,Debit Card,632.02,8,1.6,,2028-10-04,46-55,2028-10
2470,37,Other,Groceries,UPI,1364.65,14,3.9,,2028-10-05,36-45,2028-10
2471,32,Female,Beauty,Wallet,167.3,11,3.7,,2028-10-06,26-35,2028-10
2472,21,Male,Fashion,UPI,727.22,14,4.5,,2028-10-07,19-25,2028-10
2473,59,Male,Groceries,Credit Card,888.54,4,4.1,,2028-10-08,56+,2028-10
2474,42,Female,Electronics,Debit Card,99.18,4,1.4,,2028-10-09,36-45,2028-10
2475,29,Other,Beauty,Debit Card,607.33,13,3.8,,2028-10-10,26-35,2028-10
2476,39,Female,Home & Living,Wallet,923.05,5,4.7,,2028-10-11,36-45,2028-10
2477,44,Other,Home & Living,Debit Card,533.69,1,3.8,,2028-10-12,36-45,2028-10
2478,41,Male,Beauty,Wallet,1341.78,10,5.0,,2028-10-13,36-45,2028-10
2479,29,Male,Fashion,Credit Card,644.58,13,1.0,,2028-10-14,26-35,2028-10
2480,20,Other,Beauty,Cash on Delivery,677.22,6,1.5,,2028-10-15,19-25,2028-10
2481,61,Other,Beauty,Credit Card,930.63,12,1.4,,2028-10-16,56+,2028-10
2482,67,Other,Sports,Wallet,199.93,1,1.7,,2028-10-17,56+,2028-10
2483,27,Male,Beauty,Debit Card,408.51,11,4.9,,2028-10-18,26-35,2028-10
2484,39,Male,Electronics,Wallet,1023.13,10,2.1,,2028-10-19,36-45,2028-10
2485,59,Other,Home & Living,UPI,428.27,8,2.8,,2028-10-20,56+,2028-10
2486,69,Female,Groceries,Wallet,1445.96,7,2.5,,2028-10-21,56+,2028-10
2487,69,Other,Groceries,Credit Card,1035.55,14,2.0,,2028-10-22,56+,2028-10
2488,30,Female,Groceries,UPI,745.04,5,3.7,,2028-10-23,26-35,2028-10
2489,22,Other,Fashion,UPI,1451.45,2,3.8,,2028-10-24,19-25,2028-10
2490,53,Other,Beauty,UPI,691.48,3,2.7,,2028-10-25,46-55,2028-10
2491,44,Other,Home & Living,Cash on Delivery,429.77,8,2.1,,2028-10-26,36-45,2028-10
2492,49,Male,Home & Living,Debit Card,408.82,13,2.9,,2028-10-27,46-55,2028-10
2493,63,Female,Beauty,Credit Card,332.76,12,2.2,,2028-10-28,56+,2028-10
2494,34,Other,Home & Living,Wallet,169.31,6,2.7,,2028-10-29,26-35,2028-10
2495,60,Male,Beauty,UPI,192.62,14,4.5,,2028-10-30,56+,2028-10
2496,41,Other,Groceries,Wallet,642.87,11,1.4,,2028-10-31,36-45,2028-10
2497,54,Female,Electronics,Wallet,331.42,8,3.9,,2028-11-01,46-55,2028-11
2498,64,Other,Groceries,Cash on Delivery,234.3,9,4.8,,2028-11-02,56+,2028-11
2499,59,Male,Beauty,Credit Card,177.39,12,1.5,,2028-11-03,56+,2028-11
2500,60,Male,Beauty,Credit Card,1011.91,9,2.8,,2028-11-04,56+,2028-11
2501,55,Other,Sports,UPI,1141.57,11,4.4,,2028-11-05,46-55,2028-11
2502,66,Male,Home & Living,Cash on Delivery,632.23,7,1.3,,2028-11-06,56+,2028-11
2503,23,Female,Beauty,Credit Card,532.3,11,4.9,,2028-11-07,19-25,2028-11
2504,33,Other,Beauty,Debit Card,385.54,6,4.5,,2028-11-08,26-35,2028-11
2505,47,Male,Home & Living,Cash on Delivery,813.93,11,3.1,,2028-11-09,46-55,2028-11
2506,65,Other,Sports,Cash on Delivery,1228.76,5,2.8,,2028-11-10,56+,2028-11
2507,51,Other,Home & Living,Wallet,264.93,10,3.4,,2028-11-11,46-55,2028-11
2508,58,Other,Beauty,Debit Card,1317.58,7,1.9,,2028-11-12,56+,2028-11
2509,62,Male,Home & Living,UPI,76.8,1,1.7,,2028-11-13,56+,2028-11
2510,59,Other,Groceries,Credit Card,80.07,11,3.7,,2028-11-14,56+,2028-11
2511,28,Other,Electronics,Credit Card,323.29,8,3.7,,2028-11-15,26-35,2028-11
2512,18,Male,Sports,Cash on Delivery,520.85,14,3.3,,2028-11-16,0-18,2028-11
2513,55,Female,Home & Living,Wallet,403.35,14,1.1,,2028-11-17,46-55,2028-11
2514,53,Other,Beauty,Wallet,1009.31,7,2.6,,2028-11-18,46-55,2028-11
2515,50,Other,Beauty,Credit Card,853.81,11,2.1,,2028-11-19,46-55,2028-11
2516,64,Male,Beauty,Cash on Delivery,93.54,14,3.5,,2028-11-20,56+,2028-11
2517,58,Other,Beauty,Credit Card,440.1,1,4.2,,2028-11-21,56+,2028-11
2518,67,Male,Groceries,Credit Card,1334.58,3,4.6,,2028-11-22,56+,2028-11
2519,42,Male,Beauty,UPI,484.31,9,3.0,,2028-11-23,36-45,2028-11
2520,64,Female,Home & Living,Debit Card,672.81,10,4.7,,2028-11-24,56+,2028-11
2521,51,Male,Beauty,Credit Card,1257.3,9,1.1,,2028-11-25,46-55,2028-11
2522,44,Female,Home & Living,Debit Card,1018.07,14,1.7,,2028-11-26,36-45,2028-11
2523,23,Male,Groceries,Debit Card,1140.34,1,4.6,,2028-11-27,19-25,2028-11
2524,60,Other,Electronics,UPI,424.22,8,4.6,,2028-11-28,56+,2028-11
2525,26,Male,Electronics,UPI,1176.36,3,3.2,,2028-11-29,26-35,2028-11
2526,26,Male,Sports,Debit Card,1289.1,14,2.3,,2028-11-30,26-35,2028-11
2527,37,Other,Fashion,Cash on Delivery,579.33,4,1.1,,2028-12-01,36-45,2028-12
2528,38,Male,Home & Living,Credit Card,29.24,1,3.8,,2028-12-02,36-45,2028-12
2529,28,Other,Electronics,Credit Card,128.02,8,4.2,,2028-12-03,26-35,2028-12
2530,67,Other,Groceries,Debit Card,714.42,13,2.5,,2028-12-04,56+,2028-12
2531,59,Female,Electronics,Credit Card,800.41,13,2.2,,2028-12-05,56+,2028-12
2532,26,Female,Groceries,UPI,564.49,3,4.1,,2028-12-06,26-35,2028-12
2533,27,Other,Groceries,Credit Card,150.9,11,3.1,,2028-12-07,26-35,2028-12
2534,23,Male,Sports,Wallet,797.31,9,3.7,,2028-12-08,19-25,2028-12
2535,58,Male,Groceries,Credit Card,200.17,2,4.7,,2028-12-09,56+,2028-12
2536,20,Female,Fashion,Debit Card,56.36,2,1.9,,2028-12-10,19-25,2028-12
2537,25,Male,Sports,Credit Card,688.84,5,4.7,,2028-12-11,19-25,2028-12
2538,30,Female,Home & Living,Credit Card,1341.36,4,2.4,,2028-12-12,26-35,2028-12
2539,37,Female,Electronics,Wallet,76.66,14,5.0,,2028-12-13,36-45,2028-12
2540,64,Male,Beauty,Credit Card,329.57,10,4.2,,2028-12-14,56+,2028-12
2541,60,Female,Groceries,UPI,1125.44,12,1.4,,2028-12-15,56+,2028-12
2542,29,Female,Home & Living,Cash on Delivery,326.71,9,1.5,,2028-12-16,26-35,2028-12
2543,48,Female,Home & Living,UPI,433.9,3,4.0,,2028-12-17,46-55,2028-12
2544,26,Male,Fashion,UPI,930.49,3,3.3,,2028-12-18,26-35,2028-12
2545,63,Male,Sports,Wallet,128.72,1,1.6,,2028-12-19,56+,2028-12
2546,51,Female,Sports,Debit Card,767.31,3,4.6,,2028-12-20,46-55,2028-12
2547,43,Female,Electronics,UPI,836.12,2,4.0,,2028-12-21,36-45,2028-12
2548,47,Male,Fashion,Credit Card,770.62,3,1.7,,2028-12-22,46-55,2028-12
2549,48,Female,Electronics,Wallet,317.64,7,4.8,,2028-12-23,46-55,2028-12
2550,20,Other,Electronics,Wallet,1004.46,4,2.1,,2028-12-24,19-25,2028-12
2551,22,Other,Groceries,Wallet,904.19,14,1.0,,2028-12-25,19-25,2028-12
2552,35,Female,Home & Living,Wallet,811.96,11,3.9,,2028-12-26,26-35,2028-12
2553,60,Male,Sports,Credit Card,1063.66,11,3.9,,2028-12-27,56+,2028-12
2554,46,Male,Home & Living,Debit Card,831.3,10,3.5,,2028-12-28,46-55,2028-12
2555,28,Female,Beauty,Debit Card,682.46,10,1.6,,2028-12-29,26-35,2028-12
2556,22,Other,Sports,Cash on Delivery,120.46,2,3.5,,2028-12-30,19-25,2028-12
2557,36,Male,Electronics,Wallet,471.35,9,1.5,,2028-12-31,36-45,2028-12
2558,34,Other,Fashion,Cash on Delivery,1110.41,9,4.0,,2029-01-01,26-35,2029-01
2559,50,Male,Sports,Debit Card,582.84,14,1.8,,2029-01-02,46-55,2029-01
2560,62,Male,Sports,Debit Card,1446.36,14,4.2,,2029-01-03,56+,2029-01
2561,38,Female,Fashion,Cash on Delivery,173.84,10,4.3,,2029-01-04,36-45,2029-01
2562,66,Female,Sports,Debit Card,1215.55,8,4.4,,2029-01-05,56+,2029-01
2563,69,Other,Sports,Credit Card,1205.28,14,3.6,,2029-01-06,56+,2029-01
2564,35,Female,Groceries,Credit Card,728.35,11,4.1,,2029-01-07,26-35,2029-01
2565,59,Female,Fashion,UPI,639.73,12,3.0,,2029-01-08,56+,2029-01
2566,59,Other,Beauty,Debit Card,178.18,13,4.0,,2029-01-09,56+,2029-01
2567,41,Other,Home & Living,Debit Card,470.38,8,2.6,,2029-01-10,36-45,2029-01
2568,38,Male,Sports,Credit Card,545.79,9,1.2,,2029-01-11,36-45,2029-01
2569,18,Female,Groceries,Debit Card,1229.14,13,2.5,,2029-01-12,0-18,2029-01
2570,62,Male,Sports,UPI,1072.28,10,2.7,,2029-01-13,56+,2029-01
2571,53,Male,Electronics,UPI,501.02,6,4.1,,2029-01-14,46-55,2029-01
2572,44,Female,Electronics,Wallet,677.63,1,4.9,,2029-01-15,36-45,2029-01
2573,41,Female,Fashion,UPI,1025.7,1,2.3,,2029-01-16,36-45,2029-01
2574,31,Male,Sports,Wallet,1378.49,11,2.0,,2029-01-17,26-35,2029-01
2575,44,Other,Fashion,UPI,1109.64,1,4.8,,2029-01-18,36-45,2029-01
2576,31,Other,Beauty,Wallet,941.85,2,4.5,,2029-01-19,26-35,2029-01
2577,46,Female,Beauty,Credit Card,1096.4,3,4.5,,2029-01-20,46-55,2029-01
2578,27,Male,Fashion,Cash on Delivery,613.73,8,1.7,,2029-01-21,26-35,2029-01
2579,40,Male,Fashion,Credit Card,1058.61,7,4.1,,2029-01-22,36-45,2029-01
2580,23,Other,Sports,UPI,1067.88,1,4.4,,2029-01-23,19-25,2029-01
2581,33,Female,Groceries,UPI,240.99,6,4.3,,2029-01-24,26-35,2029-01
2582,31,Other,Home & Living,Cash on Delivery,651.78,5,3.6,,2029-01-25,26-35,2029-01
2583,60,Other,Home & Living,Wallet,1298.62,6,3.5,,2029-01-26,56+,2029-01
2584,56,Other,Home & Living,Wallet,943.81,14,2.2,,2029-01-27,56+,2029-01
2585,39,Male,Home & Living,Debit Card,342.81,9,2.6,,2029-01-28,36-45,2029-01
2586,56,Female,Electronics,Wallet,296.18,4,2.1,,2029-01-29,56+,2029-01
2587,63,Female,Home & Living,Cash on Delivery,1263.33,5,3.9,,2029-01-30,56+,2029-01
2588,22,Female,Beauty,UPI,1493.25,6,4.3,,2029-01-31,19-25,2029-01
2589,44,Male,Home & Living,UPI,766.29,11,1.2,,2029-02-01,36-45,2029-02
2590,31,Other,Home & Living,Wallet,762.16,5,3.9,,2029-02-02,26-35,2029-02
2591,18,Male,Groceries,Debit Card,241.06,5,2.9,,2029-02-03,0-18,2029-02
2592,46,Female,Groceries,Cash on Delivery,574.46,1,1.9,,2029-02-04,46-55,2029-02
2593,25,Female,Beauty,Wallet,742.07,8,4.4,,2029-02-05,19-25,2029-02
2594,44,Female,Groceries,UPI,561.71,4,3.2,,2029-02-06,36-45,2029-02
2595,20,Male,Fashion,UPI,1424.3,2,2.5,,2029-02-07,19-25,2029-02
2596,47,Male,Fashion,UPI,110.33,7,1.9,,2029-02-08,46-55,2029-02
2597,34,Female,Fashion,Debit Card,1247.74,6,4.5,,2029-02-09,26-35,2029-02
2598,22,Female,Fashion,Debit Card,1173.66,1,4.8,,2029-02-10,19-25,2029-02
2599,40,Female,Sports,Credit Card,1329.93,14,3.7,,2029-02-11,36-45,2029-02
2600,68,Male,Sports,Wallet,6.27,2,2.1,,2029-02-12,56+,2029-02
2601,20,Male,Beauty,Debit Card,654.01,3,4.3,,2029-02-13,19-25,2029-02
2602,27,Male,Groceries,UPI,696.95,10,4.9,,2029-02-14,26-35,2029-02
2603,30,Male,Home & Living,Credit Card,1071.49,3,2.2,,2029-02-15,26-35,2029-02
2604,20,Female,Sports,UPI,1272.62,9,3.9,,2029-02-16,19-25,2029-02
2605,62,Male,Home & Living,Wallet,1173.31,10,1.8,,2029-02-17,56+,2029-02
2606,59,Male,Beauty,UPI,769.55,1,2.5,,2029-02-18,56+,2029-02
2607,34,Male,Groceries,Credit Card,1416.91,3,4.0,,2029-02-19,26-35,2029-02
2608,36,Male,Sports,UPI,1079.31,7,2.5,,2029-02-20,36-45,2029-02
2609,66,Male,Home & Living,UPI,551.93,5,3.2,,2029-02-21,56+,2029-02
2610,21,Female,Fashion,Wallet,5.66,9,1.8,,2029-02-22,19-25,2029-02
2611,25,Female,Fashion,Credit Card,1428.37,9,4.7,,2029-02-23,19-25,2029-02
2612,68,Female,Fashion,Debit Card,161.75,14,4.9,,2029-02-24,56+,2029-02
2613,18,Male,Electronics,Cash on Delivery,1311.84,5,2.5,,2029-02-25,0-18,2029-02
2614,57,Female,Electronics,UPI,470.21,14,3.5,,2029-02-26,56+,2029-02
2615,42,Other,Electronics,Cash on Delivery,120.99,13,2.8,,2029-02-27,36-45,2029-02
2616,34,Male,Electronics,UPI,585.62,10,2.2,,2029-02-28,26-35,2029-02
2617,53,Male,Fashion,Credit Card,899.8,12,4.4,,2029-03-01,46-55,2029-03
2618,34,Male,Beauty,Debit Card,560.04,14,1.7,,2029-03-02,26-35,2029-03
2619,67,Other,Beauty,Wallet,315.66,12,3.2,,2029-03-03,56+,2029-03
2620,23,Other,Home & Living,Cash on Delivery,276.76,5,1.5,,2029-03-04,19-25,2029-03
2621,47,Female,Groceries,Cash on Delivery,838.73,12,2.3,,2029-03-05,46-55,2029-03
2622,61,Male,Beauty,UPI,538.98,2,1.9,,2029-03-06,56+,2029-03
2623,56,Other,Fashion,UPI,1264.89,3,1.9,,2029-03-07,56+,2029-03
2624,25,Male,Electronics,Credit Card,1321.77,3,3.0,,2029-03-08,19-25,2029-03
2625,24,Other,Fashion,Wallet,413.64,1,2.2,,2029-03-09,19-25,2029-03
2626,60,Female,Sports,Debit Card,766.17,9,2.7,,2029-03-10,56+,2029-03
2627,24,Female,Home & Living,Wallet,790.03,8,3.1,,2029-03-11,19-25,2029-03
2628,40,Female,Fashion,Wallet,541.38,1,4.4,,2029-03-12,36-45,2029-03
2629,30,Male,Sports,Credit Card,316.16,2,1.7,,2029-03-13,26-35,2029-03
2630,64,Male,Sports,Debit Card,251.79,9,3.7,,2029-03-14,56+,2029-03
2631,55,Other,Home & Living,Cash on Delivery,1028.96,5,2.5,,2029-03-15,46-55,2029-03
2632,43,Female,Fashion,Debit Card,1110.78,1,4.6,,2029-03-16,36-45,2029-03
2633,56,Other,Sports,Wallet,171.7,5,3.4,,2029-03-17,56+,2029-03
2634,56,Male,Fashion,Credit Card,1065.4,8,2.9,,2029-03-18,56+,2029-03
2635,63,Male,Fashion,Debit Card,664.57,12,3.7,,2029-03-19,56+,2029-03
2636,23,Female,Beauty,Debit Card,832.96,14,1.7,,2029-03-20,19-25,2029-03
2637,59,Female,Home & Living,Cash on Delivery,1122.25,8,3.5,,2029-03-21,56+,2029-03
2638,38,Other,Groceries,Wallet,7.42,14,1.7,,2029-03-22,36-45,2029-03
2639,35,Other,Fashion,Cash on Delivery,263.0,12,2.0,,2029-03-23,26-35,2029-03
2640,46,Male,Fashion,UPI,1458.82,12,3.3,,2029-03-24,46-55,2029-03
2641,56,Other,Groceries,Cash on Delivery,1240.92,6,2.8,,2029-03-25,56+,2029-03
2642,50,Female,Beauty,Credit Card,366.48,4,3.2,,2029-03-26,46-55,2029-03
2643,61,Female,Groceries,Wallet,516.97,3,4.3,,2029-03-27,56+,2029-03
2644,64,Other,Groceries,Debit Card,1148.41,12,3.4,,2029-03-28,56+,2029-03
2645,32,Other,Fashion,Cash on Delivery,1277.74,13,3.6,,2029-03-29,26-35,2029-03
2646,43,Other,Fashion,Cash on Delivery,141.46,14,3.6,,2029-03-30,36-45,2029-03
2647,36,Female,Home & Living,Wallet,829.3,14,4.5,,2029-03-31,36-45,2029-03
2648,49,Female,Home & Living,Debit Card,502.35,3,2.4,,2029-04-01,46-55,2029-04
2649,37,Other,Groceries,Cash on Delivery,59.94,7,1.6,,2029-04-02,36-45,2029-04
2650,45,Female,Beauty,Credit Card,388.83,13,4.3,,2029-04-03,36-45,2029-04
2651,51,Female,Home & Living,Wallet,959.42,5,3.2,,2029-04-04,46-55,2029-04
2652,64,Female,Electronics,Cash on Delivery,1147.66,4,4.6,,2029-04-05,56+,2029-04
2653,62,Other,Electronics,UPI,509.17,6,3.2,,2029-04-06,56+,2029-04
2654,46,Other,Electronics,Credit Card,848.46,10,2.6,,2029-04-07,46-55,2029-04
2655,27,Male,Sports,Cash on Delivery,49.44,11,2.5,,2029-04-08,26-35,2029-04
2656,26,Female,Electronics,Credit Card,987.15,12,2.2,,2029-04-09,26-35,2029-04
2657,51,Male,Sports,Debit Card,1205.25,5,1.3,,2029-04-10,46-55,2029-04
2658,22,Female,Sports,Wallet,67.34,10,3.1,,2029-04-11,19-25,2029-04
2659,29,Other,Groceries,Debit Card,572.76,3,2.1,,2029-04-12,26-35,2029-04
2660,18,Female,Fashion,UPI,926.55,6,2.5,,2029-04-13,0-18,2029-04
2661,60,Other,Groceries,Wallet,137.4,3,3.0,,2029-04-14,56+,2029-04
2662,69,Other,Sports,UPI,1431.51,4,1.1,,2029-04-15,56+,2029-04
2663,50,Female,Sports,Wallet,511.8,12,4.3,,2029-04-16,46-55,2029-04
2664,21,Female,Beauty,UPI,1453.38,6,3.0,,2029-04-17,19-25,2029-04
2665,21,Male,Fashion,Cash on Delivery,1372.35,5,4.2,,2029-04-18,19-25,2029-04
2666,69,Other,Electronics,UPI,851.24,3,3.3,,2029-04-19,56+,2029-04
2667,47,Male,Beauty,Cash on Delivery,988.28,4,1.8,,2029-04-20,46-55,2029-04
2668,58,Female,Home & Living,Debit Card,1004.93,3,4.4,,2029-04-21,56+,2029-04
2669,47,Other,Beauty,Debit Card,829.94,3,3.0,,2029-04-22,46-55,2029-04
2670,57,Female,Fashion,Cash on Delivery,1177.39,3,4.5,,2029-04-23,56+,2029-04
2671,37,Female,Fashion,Debit Card,31.01,2,1.1,,2029-04-24,36-45,2029-04
2672,36,Female,Groceries,Credit Card,321.35,8,3.4,,2029-04-25,36-45,2029-04
2673,42,Male,Groceries,UPI,363.03,6,1.6,,2029-04-26,36-45,2029-04
2674,33,Other,Fashion,Credit Card,109.61,12,2.8,,2029-04-27,26-35,2029-04
2675,53,Other,Home & Living,Wallet,884.6,2,2.0,,2029-04-28,46-55,2029-04
2676,50,Other,Sports,Cash on Delivery,1166.69,2,2.5,,2029-04-29,46-55,2029-04
2677,39,Other,Beauty,UPI,885.82,8,1.7,,2029-04-30,36-45,2029-04
2678,57,Other,Fashion,Debit Card,1334.6,2,3.6,,2029-05-01,56+,2029-05
2679,21,Male,Home & Living,Cash on Delivery,1020.55,13,2.7,,2029-05-02,19-25,2029-05
2680,65,Male,Electronics,Cash on Delivery,1097.35,11,4.0,,2029-05-03,56+,2029-05
2681,30,Male,Electronics,UPI,141.78,13,4.8,,2029-05-04,26-35,2029-05
2682,23,Other,Electronics,Wallet,118.48,1,2.1,,2029-05-05,19-25,2029-05
2683,55,Female,Sports,UPI,901.35,5,2.9,,2029-05-06,46-55,2029-05
2684,51,Other,Groceries,Cash on Delivery,927.21,13,2.5,,2029-05-07,46-55,2029-05
2685,60,Other,Groceries,Wallet,683.44,3,2.0,,2029-05-08,56+,2029-05
2686,40,Male,Fashion,Wallet,356.15,3,4.2,,2029-05-09,36-45,2029-05
2687,45,Other,Home & Living,Cash on Delivery,110.78,2,3.1,,2029-05-10,36-45,2029-05
2688,46,Other,Beauty,UPI,555.91,10,4.5,,2029-05-11,46-55,2029-05
2689,26,Female,Groceries,Credit Card,1056.62,11,1.3,,2029-05-12,26-35,2029-05
2690,58,Female,Fashion,Wallet,1360.86,9,4.0,,2029-05-13,56+,2029-05
2691,42,Other,Fashion,Credit Card,1485.94,6,1.1,,2029-05-14,36-45,2029-05
2692,60,Male,Fashion,Credit Card,1243.72,14,1.0,,2029-05-15,56+,2029-05
2693,60,Male,Fashion,Cash on Delivery,637.56,11,3.5,,2029-05-16,56+,2029-05
2694,51,Other,Beauty,Cash on Delivery,350.19,8,2.6,,2029-05-17,46-55,2029-05
2695,26,Other,Sports,UPI,319.36,11,2.9,,2029-05-18,26-35,2029-05
2696,23,Male,Groceries,Wallet,269.17,14,3.4,,2029-05-19,19-25,2029-05
2697,24,Female,Home & Living,Debit Card,1305.49,9,1.6,,2029-05-20,19-25,2029-05
2698,42,Male,Fashion,Credit Card,890.72,10,3.8,,2029-05-21,36-45,2029-05
2699,35,Female,Electronics,Credit Card,319.33,8,3.4,,2029-05-22,26-35,2029-05
2700,64,Female,Groceries,Credit Card,465.2,6,4.8,,2029-05-23,56+,2029-05
2701,64,Other,Beauty,UPI,772.92,7,4.1,,2029-05-24,56+,2029-05
2702,22,Male,Beauty,Cash on Delivery,413.83,12,1.2,,2029-05-25,19-25,2029-05
2703,44,Other,Groceries,Debit Card,54.77,2,4.7,,2029-05-26,36-45,2029-05
2704,26,Other,Home & Living,Cash on Delivery,1083.13,14,2.0,,2029-05-27,26-35,2029-05
2705,28,Other,Beauty,Wallet,386.39,3,2.0,,2029-05-28,26-35,2029-05
2706,33,Female,Beauty,Wallet,1200.63,1,2.9,,2029-05-29,26-35,2029-05
2707,28,Female,Beauty,Credit Card,1181.11,10,1.3,,2029-05-30,26-35,2029-05
2708,30,Other,Beauty,Wallet,1151.68,13,2.6,,2029-05-31,26-35,2029-05
2709,66,Male,Electronics,Debit Card,158.04,6,1.0,,2029-06-01,56+,2029-06
2710,60,Other,Beauty,Cash on Delivery,799.38,7,3.7,,2029-06-02,56+,2029-06
2711,46,Other,Groceries,Wallet,1447.03,5,2.1,,2029-06-03,46-55,2029-06
2712,24,Male,Groceries,UPI,984.57,14,4.5,,2029-06-04,19-25,2029-06
2713,57,Male,Beauty,Credit Card,96.02,5,2.0,,2029-06-05,56+,2029-06
2714,68,Other,Sports,Cash on Delivery,166.98,3,4.1,,2029-06-06,56+,2029-06
2715,45,Male,Beauty,Wallet,168.79,9,2.5,,2029-06-07,36-45,2029-06
2716,66,Other,Fashion,UPI,872.33,13,3.2,,2029-06-08,56+,2029-06
2717,68,Other,Sports,Debit Card,1013.82,14,2.3,,2029-06-09,56+,2029-06
2718,43,Other,Fashion,Wallet,1059.18,11,4.5,,2029-06-10,36-45,2029-06
2719,55,Female,Groceries,Credit Card,1448.54,1,1.9,,2029-06-11,46-55,2029-06
2720,28,Other,Electronics,Cash on Delivery,332.52,4,2.2,,2029-06-12,26-35,2029-06
2721,61,Other,Sports,Wallet,1368.38,13,4.7,,2029-06-13,56+,2029-06
2722,23,Female,Beauty,Wallet,270.37,8,4.7,,2029-06-14,19-25,2029-06
2723,22,Female,Home & Living,Credit Card,452.26,6,1.8,,2029-06-15,19-25,2029-06
2724,49,Male,Home & Living,Credit Card,378.73,13,2.2,,2029-06-16,46-55,2029-06
2725,64,Female,Fashion,Wallet,371.8,9,1.8,,2029-06-17,56+,2029-06
2726,35,Other,Home & Living,UPI,98.11,14,1.6,,2029-06-18,26-35,2029-06
2727,38,Female,Home & Living,Wallet,867.32,6,1.2,,2029-06-19,36-45,2029-06
2728,48,Female,Sports,Credit Card,1194.41,10,4.4,,2029-06-20,46-55,2029-06
2729,50,Female,Sports,Credit Card,1275.56,7,4.6,,2029-06-21,46-55,2029-06
2730,47,Male,Home & Living,Credit Card,942.33,5,2.7,,2029-06-22,46-55,2029-06
2731,57,Male,Electronics,Debit Card,39.36,11,3.9,,2029-06-23,56+,2029-06
2732,46,Female,Beauty,Wallet,61.11,14,4.4,,2029-06-24,46-55,2029-06
2733,43,Female,Electronics,Credit Card,1302.63,12,4.6,,2029-06-25,36-45,2029-06
2734,48,Other,Beauty,Cash on Delivery,49.46,14,4.6,,2029-06-26,46-55,2029-06
2735,35,Other,Beauty,Wallet,1420.38,8,4.8,,2029-06-27,26-35,2029-06
2736,18,Male,Fashion,Debit Card,145.17,3,2.9,,2029-06-28,0-18,2029-06
2737,20,Female,Home & Living,Debit Card,280.12,12,1.3,,2029-06-29,19-25,2029-06
2738,29,Male,Fashion,Cash on Delivery,1094.41,13,4.8,,2029-06-30,26-35,2029-06
2739,51,Other,Sports,Cash on Delivery,77.58,12,2.8,,2029-07-01,46-55,2029-07
2740,62,Male,Electronics,Wallet,292.97,8,2.1,,2029-07-02,56+,2029-07
2741,27,Male,Electronics,Cash on Delivery,960.65,8,1.4,,2029-07-03,26-35,2029-07
2742,44,Other,Beauty,UPI,383.85,5,4.7,,2029-07-04,36-45,2029-07
2743,51,Other,Beauty,Debit Card,801.27,6,3.3,,2029-07-05,46-55,2029-07
2744,35,Female,Sports,UPI,1454.35,9,2.0,,2029-07-06,26-35,2029-07
2745,41,Male,Home & Living,UPI,440.19,6,3.7,,2029-07-07,36-45,2029-07
2746,29,Female,Groceries,Cash on Delivery,1093.98,3,4.1,,2029-07-08,26-35,2029-07
2747,26,Female,Beauty,UPI,995.78,3,4.9,,2029-07-09,26-35,2029-07
2748,37,Other,Fashion,Wallet,420.44,9,1.4,,2029-07-10,36-45,2029-07
2749,22,Other,Electronics,Credit Card,1384.8,10,3.0,,2029-07-11,19-25,2029-07
2750,67,Female,Groceries,Wallet,1111.33,3,2.4,,2029-07-12,56+,2029-07
2751,57,Other,Groceries,Wallet,629.06,1,2.5,,2029-07-13,56+,2029-07
2752,43,Female,Home & Living,UPI,160.64,13,4.7,,2029-07-14,36-45,2029-07
2753,56,Other,Beauty,Credit Card,604.96,1,1.8,,2029-07-15,56+,2029-07
2754,53,Male,Electronics,Cash on Delivery,1341.7,9,4.7,,2029-07-16,46-55,2029-07
2755,46,Female,Beauty,Cash on Delivery,544.9,1,4.2,,2029-07-17,46-55,2029-07
2756,63,Other,Electronics,Credit Card,331.98,5,3.5,,2029-07-18,56+,2029-07
2757,24,Male,Beauty,Cash on Delivery,1488.74,9,1.2,,2029-07-19,19-25,2029-07
2758,54,Female,Beauty,UPI,19.5,8,2.5,,2029-07-20,46-55,2029-07
2759,52,Male,Sports,Cash on Delivery,28.9,5,2.1,,2029-07-21,46-55,2029-07
2760,37,Other,Beauty,Debit Card,37.98,6,2.2,,2029-07-22,36-45,2029-07
2761,24,Other,Electronics,UPI,375.92,14,4.2,,2029-07-23,19-25,2029-07
2762,26,Male,Fashion,Wallet,1264.22,7,4.2,,2029-07-24,26-35,2029-07
2763,22,Other,Sports,Cash on Delivery,873.7,10,1.4,,2029-07-25,19-25,2029-07
2764,19,Female,Fashion,Cash on Delivery,1288.01,10,3.3,,2029-07-26,19-25,2029-07
2765,69,Male,Fashion,Debit Card,942.28,3,2.7,,2029-07-27,56+,2029-07
2766,30,Other,Fashion,Cash on Delivery,283.13,9,1.6,,2029-07-28,26-35,2029-07
2767,68,Male,Home & Living,Wallet,156.61,5,4.8,,2029-07-29,56+,2029-07
2768,67,Male,Beauty,Cash on Delivery,971.96,8,1.3,,2029-07-30,56+,2029-07
2769,37,Female,Groceries,Debit Card,773.35,4,1.8,,2029-07-31,36-45,2029-07
2770,66,Male,Groceries,Wallet,704.28,10,4.5,,2029-08-01,56+,2029-08
2771,59,Other,Fashion,Credit Card,1134.71,8,1.2,,2029-08-02,56+,2029-08
2772,62,Other,Sports,Debit Card,970.01,11,1.6,,2029-08-03,56+,2029-08
2773,20,Male,Fashion,UPI,39.19,3,4.6,,2029-08-04,19-25,2029-08
2774,57,Other,Electronics,Cash on Delivery,105.21,12,1.1,,2029-08-05,56+,2029-08
2775,28,Male,Home & Living,Wallet,873.61,14,1.4,,2029-08-06,26-35,2029-08
2776,29,Male,Beauty,Debit Card,956.18,14,1.5,,2029-08-07,26-35,2029-08
2777,41,Other,Beauty,Cash on Delivery,636.06,9,1.3,,2029-08-08,36-45,2029-08
2778,60,Male,Beauty,Credit Card,1431.0,4,3.5,,2029-08-09,56+,2029-08
2779,52,Male,Sports,Cash on Delivery,276.85,7,3.8,,2029-08-10,46-55,2029-08
2780,36,Other,Home & Living,UPI,714.46,5,1.4,,2029-08-11,36-45,2029-08
2781,61,Male,Home & Living,UPI,1134.37,12,4.1,,2029-08-12,56+,2029-08
2782,62,Other,Home & Living,Debit Card,243.53,2,4.8,,2029-08-13,56+,2029-08
2783,43,Male,Fashion,Cash on Delivery,1495.12,14,4.4,,2029-08-14,36-45,2029-08
2784,22,Other,Groceries,Wallet,325.18,9,1.4,,2029-08-15,19-25,2029-08
2785,69,Female,Sports,Credit Card,578.45,6,2.4,,2029-08-16,56+,2029-08
2786,20,Female,Sports,UPI,927.64,14,3.2,,2029-08-17,19-25,2029-08
2787,51,Other,Fashion,UPI,897.17,3,4.2,,2029-08-18,46-55,2029-08
2788,66,Male,Beauty,Wallet,314.1,3,4.8,,2029-08-19,56+,2029-08
2789,45,Female,Electronics,UPI,468.76,3,3.5,,2029-08-20,36-45,2029-08
2790,50,Other,Home & Living,Debit Card,875.41,10,3.7,,2029-08-21,46-55,2029-08
2791,63,Other,Fashion,Debit Card,335.26,6,4.4,,2029-08-22,56+,2029-08
2792,27,Other,Electronics,UPI,42.41,1,4.4,,2029-08-23,26-35,2029-08
2793,66,Female,Beauty,Cash on Delivery,316.0,7,4.8,,2029-08-24,56+,2029-08
2794,60,Female,Electronics,Credit Card,1365.28,10,1.3,,2029-08-25,56+,2029-08
2795,45,Other,Home & Living,Credit Card,1177.4,1,2.1,,2029-08-26,36-45,2029-08
2796,31,Other,Fashion,UPI,738.09,12,4.1,,2029-08-27,26-35,2029-08
2797,65,Other,Beauty,UPI,1388.68,9,4.2,,2029-08-28,56+,2029-08
2798,18,Other,Beauty,Cash on Delivery,841.25,6,1.2,,2029-08-29,0-18,2029-08
2799,35,Female,Beauty,Cash on Delivery,457.55,4,4.5,,2029-08-30,26-35,2029-08
2800,28,Female,Fashion,Wallet,815.07,10,4.9,,2029-08-31,26-35,2029-08
2801,38,Female,Beauty,UPI,1144.43,10,2.2,,2029-09-01,36-45,2029-09
2802,30,Male,Electronics,UPI,404.85,1,3.6,,2029-09-02,26-35,2029-09
2803,59,Male,Electronics,Cash on Delivery,410.92,11,4.3,,2029-09-03,56+,2029-09
2804,27,Female,Sports,Credit Card,634.68,6,1.5,,2029-09-04,26-35,2029-09
2805,63,Other,Electronics,Credit Card,636.52,3,3.1,,2029-09-05,56+,2029-09
2806,21,Other,Electronics,Cash on Delivery,578.56,8,4.5,,2029-09-06,19-25,2029-09
2807,56,Female,Electronics,Cash on Delivery,1112.23,11,3.0,,2029-09-07,56+,2029-09
2808,60,Male,Beauty,Credit Card,869.91,1,2.5,,2029-09-08,56+,2029-09
2809,26,Male,Groceries,Debit Card,803.44,5,1.6,,2029-09-09,26-35,2029-09
2810,56,Other,Beauty,Cash on Delivery,335.08,11,3.2,,2029-09-10,56+,2029-09
2811,28,Other,Fashion,Wallet,383.52,12,3.0,,2029-09-11,26-35,2029-09
2812,23,Female,Fashion,Credit Card,735.1,11,4.2,,2029-09-12,19-25,2029-09
2813,44,Other,Groceries,Debit Card,959.22,9,4.1,,2029-09-13,36-45,2029-09
2814,22,Other,Groceries,Debit Card,24.65,6,4.0,,2029-09-14,19-25,2029-09
2815,48,Male,Fashion,UPI,936.09,14,4.1,,2029-09-15,46-55,2029-09
2816,38,Male,Sports,Credit Card,884.0,10,4.9,,2029-09-16,36-45,2029-09
2817,68,Other,Fashion,UPI,548.57,3,1.4,,2029-09-17,56+,2029-09
2818,47,Other,Fashion,Debit Card,1231.01,12,3.8,,2029-09-18,46-55,2029-09
2819,19,Other,Groceries,UPI,359.9,2,2.5,,2029-09-19,19-25,2029-09
2820,30,Male,Home & Living,Cash on Delivery,60.0,7,3.9,,2029-09-20,26-35,2029-09
2821,25,Other,Fashion,Debit Card,214.66,1,1.0,,2029-09-21,19-25,2029-09
2822,46,Other,Sports,Wallet,1355.96,12,5.0,,2029-09-22,46-55,2029-09
2823,54,Male,Home & Living,Credit Card,826.32,10,3.1,,2029-09-23,46-55,2029-09
2824,34,Male,Fashion,Cash on Delivery,1424.26,11,3.0,,2029-09-24,26-35,2029-09
2825,45,Other,Fashion,Debit Card,989.63,5,3.0,,2029-09-25,36-45,2029-09
2826,58,Other,Sports,UPI,241.27,1,5.0,,2029-09-26,56+,2029-09
2827,46,Female,Home & Living,Debit Card,1129.09,14,3.3,,2029-09-27,46-55,2029-09
2828,65,Female,Home & Living,Credit Card,1030.85,2,4.2,,2029-09-28,56+,2029-09
2829,56,Male,Electronics,Credit Card,149.09,9,2.7,,2029-09-29,56+,2029-09
2830,44,Female,Home & Living,Wallet,664.71,4,1.7,,2029-09-30,36-45,2029-09
2831,29,Female,Fashion,UPI,1215.84,5,3.4,,2029-10-01,26-35,2029-10
2832,21,Other,Groceries,UPI,371.16,6,2.3,,2029-10-02,19-25,2029-10
2833,26,Other,Sports,Wallet,9.71,4,1.7,,2029-10-03,26-35,2029-10
2834,22,Female,Sports,Cash on Delivery,106.72,2,3.0,,2029-10-04,19-25,2029-10
2835,39,Male,Home & Living,Cash on Delivery,1110.63,10,2.0,,2029-10-05,36-45,2029-10
2836,25,Female,Electronics,Cash on Delivery,275.59,8,2.2,,2029-10-06,19-25,2029-10
2837,65,Female,Beauty,Cash on Delivery,1067.5,9,1.7,,2029-10-07,56+,2029-10
2838,34,Other,Beauty,Credit Card,529.6,14,3.1,,2029-10-08,26-35,2029-10
2839,66,Male,Sports,Debit Card,1366.07,11,1.3,,2029-10-09,56+,2029-10
2840,52,Other,Sports,Debit Card,263.21,9,2.4,,2029-10-10,46-55,2029-10
2841,24,Male,Electronics,Credit Card,1429.49,11,1.6,,2029-10-11,19-25,2029-10
2842,58,Female,Beauty,UPI,286.48,2,1.5,,2029-10-12,56+,2029-10
2843,54,Female,Fashion,Cash on Delivery,438.72,10,4.9,,2029-10-13,46-55,2029-10
2844,55,Male,Electronics,Wallet,1452.88,5,1.6,,2029-10-14,46-55,2029-10
2845,49,Male,Home & Living,Credit Card,697.09,10,2.6,,2029-10-15,46-55,2029-10
2846,54,Other,Electronics,Credit Card,494.18,10,4.6,,2029-10-16,46-55,2029-10
2847,40,Male,Sports,Debit Card,1327.96,9,2.8,,2029-10-17,36-45,2029-10
2848,57,Female,Sports,Credit Card,1448.97,8,4.7,,2029-10-18,56+,2029-10
2849,51,Other,Sports,Credit Card,231.32,8,4.7,,2029-10-19,46-55,2029-10
2850,19,Other,Beauty,Cash on Delivery,1302.5,11,2.1,,2029-10-20,19-25,2029-10
2851,36,Other,Sports,Debit Card,62.04,7,2.7,,2029-10-21,36-45,2029-10
2852,48,Female,Beauty,Credit Card,177.84,7,4.7,,2029-10-22,46-55,2029-10
2853,30,Other,Sports,Credit Card,910.83,11,3.5,,2029-10-23,26-35,2029-10
2854,60,Male,Home & Living,Debit Card,368.7,3,3.2,,2029-10-24,56+,2029-10
2855,36,Male,Fashion,Credit Card,1091.57,9,3.3,,2029-10-25,36-45,2029-10
2856,18,Female,Sports,Wallet,42.16,12,2.0,,2029-10-26,0-18,2029-10
2857,56,Male,Groceries,Credit Card,1000.63,8,2.8,,2029-10-27,56+,2029-10
2858,69,Other,Fashion,Debit Card,410.25,5,2.4,,2029-10-28,56+,2029-10
2859,30,Male,Groceries,Wallet,144.61,4,3.2,,2029-10-29,26-35,2029-10
2860,30,Female,Fashion,Wallet,515.01,11,1.4,,2029-10-30,26-35,2029-10
2861,58,Female,Sports,UPI,764.89,3,1.3,,2029-10-31,56+,2029-10
2862,28,Female,Fashion,Debit Card,1363.06,5,1.3,,2029-11-01,26-35,2029-11
2863,59,Male,Electronics,Credit Card,574.7,11,2.5,,2029-11-02,56+,2029-11
2864,54,Female,Fashion,Debit Card,997.01,9,2.1,,2029-11-03,46-55,2029-11
2865,35,Female,Fashion,Debit Card,1257.99,6,2.2,,2029-11-04,26-35,2029-11
2866,65,Male,Home & Living,Debit Card,116.51,1,2.2,,2029-11-05,56+,2029-11
2867,26,Female,Fashion,Cash on Delivery,650.36,1,2.0,,2029-11-06,26-35,2029-11
2868,37,Female,Home & Living,UPI,442.6,4,1.5,,2029-11-07,36-45,2029-11
2869,45,Male,Beauty,UPI,778.61,13,3.0,,2029-11-08,36-45,2029-11
2870,34,Female,Sports,Debit Card,75.01,9,3.8,,2029-11-09,26-35,2029-11
2871,24,Female,Beauty,Credit Card,1204.23,12,1.9,,2029-11-10,19-25,2029-11
2872,56,Other,Beauty,Credit Card,353.68,2,3.3,,2029-11-11,56+,2029-11
2873,27,Male,Groceries,Cash on Delivery,1082.75,10,4.2,,2029-11-12,26-35,2029-11
2874,50,Other,Sports,Wallet,417.64,14,3.1,,2029-11-13,46-55,2029-11
2875,38,Male,Home & Living,Wallet,200.38,11,1.5,,2029-11-14,36-45,2029-11
2876,52,Other,Sports,UPI,452.8,1,1.7,,2029-11-15,46-55,2029-11
2877,24,Male,Sports,Credit Card,698.93,7,4.8,,2029-11-16,19-25,2029-11
2878,37,Male,Groceries,Cash on Delivery,781.76,10,4.6,,2029-11-17,36-45,2029-11
2879,50,Female,Beauty,UPI,80.97,8,1.1,,2029-11-18,46-55,2029-11
2880,56,Male,Groceries,Cash on Delivery,997.18,8,1.9,,2029-11-19,56+,2029-11
2881,19,Male,Home & Living,UPI,1204.22,3,1.8,,2029-11-20,19-25,2029-11
2882,58,Male,Home & Living,Debit Card,840.54,4,4.5,,2029-11-21,56+,2029-11
2883,32,Male,Home & Living,Wallet,786.97,3,4.4,,2029-11-22,26-35,2029-11
2884,46,Other,Groceries,Credit Card,1099.39,9,2.9,,2029-11-23,46-55,2029-11
2885,38,Male,Electronics,UPI,48.27,2,4.2,,2029-11-24,36-45,2029-11
2886,21,Other,Fashion,Wallet,1264.05,7,3.6,,2029-11-25,19-25,2029-11
2887,42,Other,Home & Living,Debit Card,380.41,9,1.8,,2029-11-26,36-45,2029-11
2888,53,Male,Electronics,UPI,1331.83,13,2.8,,2029-11-27,46-55,2029-11
2889,51,Female,Fashion,Wallet,792.64,3,4.0,,2029-11-28,46-55,2029-11
2890,21,Male,Fashion,UPI,1385.48,9,2.1,,2029-11-29,19-25,2029-11
2891,38,Male,Fashion,UPI,877.46,14,1.6,,2029-11-30,36-45,2029-11
2892,66,Male,Home & Living,Debit Card,742.32,1,1.6,,2029-12-01,56+,2029-12
2893,29,Other,Fashion,Wallet,447.6,9,1.6,,2029-12-02,26-35,2029-12
2894,39,Other,Beauty,Wallet,905.71,7,1.3,,2029-12-03,36-45,2029-12
2895,32,Male,Home & Living,Credit Card,300.07,10,3.3,,2029-12-04,26-35,2029-12
2896,19,Male,Sports,Debit Card,361.53,11,2.4,,2029-12-05,19-25,2029-12
2897,35,Female,Beauty,Debit Card,152.84,7,4.1,,2029-12-06,26-35,2029-12
2898,55,Male,Home & Living,Cash on Delivery,1102.59,14,3.6,,2029-12-07,46-55,2029-12
2899,59,Male,Sports,Debit Card,1184.94,1,1.5,,2029-12-08,56+,2029-12
2900,41,Other,Electronics,Credit Card,908.12,7,3.9,,2029-12-09,36-45,2029-12
2901,54,Male,Beauty,UPI,941.29,10,4.3,,2029-12-10,46-55,2029-12
2902,50,Other,Groceries,UPI,681.28,5,2.2,,2029-12-11,46-55,2029-12
2903,41,Male,Groceries,Cash on Delivery,353.07,2,1.0,,2029-12-12,36-45,2029-12
2904,41,Male,Groceries,UPI,98.78,5,2.2,,2029-12-13,36-45,2029-12
2905,61,Male,Home & Living,UPI,1456.3,5,4.9,,2029-12-14,56+,2029-12
2906,67,Male,Home & Living,Wallet,51.44,6,3.6,,2029-12-15,56+,2029-12
2907,40,Female,Electronics,UPI,250.02,1,2.0,,2029-12-16,36-45,2029-12
2908,37,Male,Electronics,Debit Card,1047.72,2,2.9,,2029-12-17,36-45,2029-12
2909,29,Female,Home & Living,Cash on Delivery,1348.12,2,4.5,,2029-12-18,26-35,2029-12
2910,38,Female,Groceries,Cash on Delivery,1245.99,12,2.2,,2029-12-19,36-45,2029-12
2911,43,Female,Electronics,Cash on Delivery,1188.86,11,2.7,,2029-12-20,36-45,2029-12
2912,62,Other,Groceries,Debit Card,1033.87,12,5.0,,2029-12-21,56+,2029-12
2913,67,Male,Home & Living,Credit Card,957.95,5,1.1,,2029-12-22,56+,2029-12
2914,42,Male,Groceries,Debit Card,1292.63,13,4.9,,2029-12-23,36-45,2029-12
2915,60,Male,Fashion,UPI,227.53,4,4.3,,2029-12-24,56+,2029-12
2916,46,Other,Beauty,Credit Card,659.6,6,3.9,,2029-12-25,46-55,2029-12
2917,59,Female,Groceries,Wallet,990.96,3,1.7,,2029-12-26,56+,2029-12
2918,50,Female,Sports,Debit Card,453.69,7,2.3,,2029-12-27,46-55,2029-12
2919,68,Female,Home & Living,Debit Card,722.08,6,1.2,,2029-12-28,56+,2029-12
2920,31,Female,Beauty,UPI,445.16,9,2.3,,2029-12-29,26-35,2029-12
2921,53,Other,Fashion,Wallet,1149.45,2,4.2,,2029-12-30,46-55,2029-12
2922,43,Male,Electronics,UPI,78.67,9,1.0,,2029-12-31,36-45,2029-12
2923,60,Female,Electronics,UPI,732.72,10,3.6,,2030-01-01,56+,2030-01
2924,55,Male,Fashion,Credit Card,738.84,13,2.3,,2030-01-02,46-55,2030-01
2925,21,Male,Home & Living,UPI,1455.25,4,4.2,,2030-01-03,19-25,2030-01
2926,20,Other,Fashion,UPI,60.52,12,4.4,,2030-01-04,19-25,2030-01
2927,26,Female,Sports,UPI,178.21,1,1.9,,2030-01-05,26-35,2030-01
2928,32,Other,Sports,UPI,14.43,1,4.2,,2030-01-06,26-35,2030-01
2929,22,Other,Electronics,Wallet,505.83,4,3.3,,2030-01-07,19-25,2030-01
2930,29,Female,Sports,Credit Card,754.02,1,3.0,,2030-01-08,26-35,2030-01
2931,50,Male,Fashion,Cash on Delivery,1078.9,7,4.9,,2030-01-09,46-55,2030-01
2932,67,Other,Electronics,Credit Card,1228.43,3,2.2,,2030-01-10,56+,2030-01
2933,26,Other,Home & Living,Wallet,505.72,9,2.7,,2030-01-11,26-35,2030-01
2934,42,Male,Groceries,Cash on Delivery,870.02,11,3.1,,2030-01-12,36-45,2030-01
2935,50,Male,Groceries,Cash on Delivery,991.06,12,1.2,,2030-01-13,46-55,2030-01
2936,26,Other,Electronics,Cash on Delivery,1423.63,6,1.7,,2030-01-14,26-35,2030-01
2937,66,Other,Groceries,Wallet,420.05,11,3.8,,2030-01-15,56+,2030-01
2938,26,Other,Electronics,Debit Card,603.52,1,1.1,,2030-01-16,26-35,2030-01
2939,52,Male,Sports,Credit Card,841.59,6,2.9,,2030-01-17,46-55,2030-01
2940,41,Other,Home & Living,UPI,1467.55,14,1.3,,2030-01-18,36-45,2030-01
2941,50,Female,Sports,UPI,380.46,12,3.1,,2030-01-19,46-55,2030-01
2942,32,Other,Beauty,Debit Card,158.47,10,1.7,,2030-01-20,26-35,2030-01
2943,65,Other,Sports,Debit Card,245.22,2,1.5,,2030-01-21,56+,2030-01
2944,54,Female,Groceries,Credit Card,121.03,5,1.8,,2030-01-22,46-55,2030-01
2945,39,Male,Home & Living,Debit Card,659.5,9,2.9,,2030-01-23,36-45,2030-01
2946,46,Other,Beauty,Debit Card,1065.83,2,1.8,,2030-01-24,46-55,2030-01
2947,37,Female,Home & Living,Wallet,277.8,2,1.1,,2030-01-25,36-45,2030-01
2948,38,Female,Sports,Credit Card,984.65,4,2.9,,2030-01-26,36-45,2030-01
2949,34,Other,Sports,Cash on Delivery,277.82,11,1.5,,2030-01-27,26-35,2030-01
2950,67,Other,Beauty,Wallet,1088.55,4,3.7,,2030-01-28,56+,2030-01
2951,30,Male,Beauty,Wallet,1131.37,1,3.0,,2030-01-29,26-35,2030-01
2952,39,Other,Fashion,UPI,761.82,4,4.9,,2030-01-30,36-45,2030-01
2953,35,Other,Groceries,Debit Card,1264.58,13,1.7,,2030-01-31,26-35,2030-01
2954,56,Male,Electronics,Debit Card,1065.45,4,3.0,,2030-02-01,56+,2030-02
2955,55,Female,Groceries,UPI,94.8,2,1.6,,2030-02-02,46-55,2030-02
2956,46,Female,Sports,Wallet,974.89,14,1.6,,2030-02-03,46-55,2030-02
2957,42,Male,Beauty,UPI,600.74,1,4.6,,2030-02-04,36-45,2030-02
2958,20,Female,Home & Living,Debit Card,279.06,1,2.8,,2030-02-05,19-25,2030-02
2959,38,Male,Sports,Wallet,453.61,5,2.8,,2030-02-06,36-45,2030-02
2960,52,Other,Fashion,UPI,1286.35,10,3.4,,2030-02-07,46-55,2030-02
2961,61,Male,Home & Living,Wallet,629.55,8,2.7,,2030-02-08,56+,2030-02
2962,35,Other,Beauty,Wallet,584.53,13,2.8,,2030-02-09,26-35,2030-02
2963,46,Male,Beauty,Debit Card,1063.84,11,1.6,,2030-02-10,46-55,2030-02
2964,21,Other,Groceries,Debit Card,684.94,9,4.0,,2030-02-11,19-25,2030-02
2965,38,Male,Fashion,Wallet,397.21,11,2.8,,2030-02-12,36-45,2030-02
2966,25,Other,Fashion,Credit Card,1302.22,8,1.1,,2030-02-13,19-25,2030-02
2967,53,Other,Beauty,Wallet,160.76,14,4.7,,2030-02-14,46-55,2030-02
2968,18,Male,Groceries,Wallet,1234.56,2,4.1,,2030-02-15,0-18,2030-02
2969,43,Female,Sports,Credit Card,339.06,7,2.4,,2030-02-16,36-45,2030-02
2970,31,Male,Beauty,UPI,189.4,12,3.8,,2030-02-17,26-35,2030-02
2971,56,Male,Home & Living,Cash on Delivery,428.87,8,1.7,,2030-02-18,56+,2030-02
2972,50,Female,Home & Living,Debit Card,926.13,6,1.7,,2030-02-19,46-55,2030-02
2973,40,Male,Home & Living,Credit Card,1211.33,6,3.5,,2030-02-20,36-45,2030-02
2974,60,Other,Home & Living,UPI,1287.52,7,3.6,,2030-02-21,56+,2030-02
2975,32,Other,Beauty,UPI,1292.13,3,2.2,,2030-02-22,26-35,2030-02
2976,27,Female,Beauty,UPI,819.15,11,3.1,,2030-02-23,26-35,2030-02
2977,18,Male,Home & Living,Credit Card,673.8,7,4.9,,2030-02-24,0-18,2030-02
2978,26,Other,Sports,Credit Card,1042.16,8,3.3,,2030-02-25,26-35,2030-02
2979,32,Male,Fashion,Cash on Delivery,974.86,7,2.1,,2030-02-26,26-35,2030-02
2980,68,Male,Groceries,Credit Card,834.09,6,1.7,,2030-02-27,56+,2030-02
2981,46,Male,Fashion,Wallet,1108.53,14,3.2,,2030-02-28,46-55,2030-02
2982,63,Male,Fashion,Wallet,630.71,13,1.1,,2030-03-01,56+,2030-03
2983,66,Other,Groceries,Wallet,722.32,13,3.3,,2030-03-02,56+,2030-03
2984,52,Male,Sports,Wallet,1084.83,2,2.4,,2030-03-03,46-55,2030-03
2985,69,Male,Sports,Debit Card,859.54,12,3.9,,2030-03-04,56+,2030-03
2986,23,Male,Fashion,Wallet,1026.28,12,4.0,,2030-03-05,19-25,2030-03
2987,54,Male,Groceries,Wallet,817.34,4,2.3,,2030-03-06,46-55,2030-03
2988,28,Female,Electronics,Wallet,1343.22,13,3.0,,2030-03-07,26-35,2030-03
2989,69,Male,Fashion,Debit Card,1173.61,4,1.7,,2030-03-08,56+,2030-03
2990,39,Female,Beauty,Wallet,572.89,12,1.1,,2030-03-09,36-45,2030-03
2991,30,Male,Beauty,Credit Card,1045.78,14,3.9,,2030-03-10,26-35,2030-03
2992,33,Female,Beauty,Cash on Delivery,818.27,4,1.3,,2030-03-11,26-35,2030-03
2993,50,Female,Beauty,Debit Card,533.51,11,1.1,,2030-03-12,46-55,2030-03
2994,27,Female,Sports,Cash on Delivery,89.79,14,3.3,,2030-03-13,26-35,2030-03
2995,50,Other,Groceries,Credit Card,1037.95,13,3.0,,2030-03-14,46-55,2030-03
2996,50,Male,Home & Living,Credit Card,1273.88,12,3.1,,2030-03-15,46-55,2030-03
2997,67,Other,Sports,Debit Card,917.01,9,3.7,,2030-03-16,56+,2030-03
2998,43,Male,Beauty,Debit Card,602.22,12,1.9,,2030-03-17,36-45,2030-03
2999,42,Male,Beauty,Credit Card,1053.77,5,1.7,,2030-03-18,36-45,2030-03
3000,25,Male,Beauty,Credit Card,112.54,8,2.0,,2030-03-19,19-25,2030-03
3001,34,Male,Groceries,Debit Card,336.43,7,1.7,,2030-03-20,26-35,2030-03
3002,66,Male,Fashion,UPI,718.26,1,1.9,,2030-03-21,56+,2030-03
3003,48,Other,Sports,Credit Card,360.02,2,4.6,,2030-03-22,46-55,2030-03
3004,49,Other,Beauty,Wallet,13.7,12,3.8,,2030-03-23,46-55,2030-03
3005,43,Male,Groceries,Credit Card,114.41,6,4.3,,2030-03-24,36-45,2030-03
3006,58,Female,Groceries,Cash on Delivery,25.0,3,3.0,,2030-03-25,56+,2030-03
3007,18,Other,Electronics,Wallet,875.25,7,1.6,,2030-03-26,0-18,2030-03
3008,47,Male,Beauty,UPI,1417.28,4,2.4,,2030-03-27,46-55,2030-03
3009,41,Female,Groceries,Debit Card,1047.79,10,4.8,,2030-03-28,36-45,2030-03
3010,37,Other,Home & Living,Credit Card,525.58,6,3.8,,2030-03-29,36-45,2030-03
3011,40,Female,Groceries,Cash on Delivery,854.01,10,1.6,,2030-03-30,36-45,2030-03
3012,32,Male,Fashion,Credit Card,163.41,7,3.3,,2030-03-31,26-35,2030-03
3013,69,Other,Sports,Cash on Delivery,681.16,2,4.2,,2030-04-01,56+,2030-04
3014,64,Other,Fashion,Wallet,599.1,1,4.4,,2030-04-02,56+,2030-04
3015,56,Female,Beauty,Cash on Delivery,14.12,12,1.5,,2030-04-03,56+,2030-04
3016,55,Female,Home & Living,Debit Card,318.54,14,1.6,,2030-04-04,46-55,2030-04
3017,23,Male,Beauty,Wallet,721.47,14,3.5,,2030-04-05,19-25,2030-04
3018,60,Male,Fashion,UPI,1205.05,7,4.3,,2030-04-06,56+,2030-04
3019,56,Other,Fashion,UPI,1200.53,9,3.6,,2030-04-07,56+,2030-04
3020,51,Female,Beauty,UPI,1113.82,8,3.2,,2030-04-08,46-55,2030-04
3021,26,Female,Fashion,UPI,546.33,12,2.7,,2030-04-09,26-35,2030-04
3022,69,Male,Groceries,UPI,915.37,1,4.1,,2030-04-10,56+,2030-04
3023,23,Male,Home & Living,Cash on Delivery,323.84,6,5.0,,2030-04-11,19-25,2030-04
3024,32,Other,Sports,Debit Card,900.22,12,2.9,,2030-04-12,26-35,2030-04
3025,51,Male,Groceries,Credit Card,898.2,4,3.8,,2030-04-13,46-55,2030-04
3026,42,Female,Groceries,Wallet,812.0,9,2.2,,2030-04-14,36-45,2030-04
3027,27,Female,Fashion,Debit Card,1482.8,8,3.0,,2030-04-15,26-35,2030-04
3028,50,Other,Groceries,Wallet,1466.31,8,2.8,,2030-04-16,46-55,2030-04
3029,50,Male,Groceries,Cash on Delivery,1047.01,10,2.8,,2030-04-17,46-55,2030-04
3030,26,Female,Groceries,UPI,1181.83,4,2.4,,2030-04-18,26-35,2030-04
3031,44,Female,Home & Living,UPI,473.75,11,2.1,,2030-04-19,36-45,2030-04
3032,47,Other,Groceries,Wallet,92.25,2,3.4,,2030-04-20,46-55,2030-04
3033,54,Female,Fashion,Cash on Delivery,367.98,8,3.3,,2030-04-21,46-55,2030-04
3034,25,Female,Home & Living,Debit Card,80.43,13,2.2,,2030-04-22,19-25,2030-04
3035,50,Male,Beauty,Wallet,712.13,14,1.1,,2030-04-23,46-55,2030-04
3036,51,Other,Beauty,Cash on Delivery,1160.44,9,4.0,,2030-04-24,46-55,2030-04
3037,42,Other,Sports,Cash on Delivery,743.19,8,3.3,,2030-04-25,36-45,2030-04
3038,56,Male,Home & Living,Wallet,480.71,4,1.1,,2030-04-26,56+,2030-04
3039,48,Other,Groceries,Wallet,1259.76,7,3.6,,2030-04-27,46-55,2030-04
3040,46,Other,Groceries,Cash on Delivery,1129.32,5,2.7,,2030-04-28,46-55,2030-04
3041,69,Male,Beauty,Wallet,14.87,14,2.5,,2030-04-29,56+,2030-04
3042,43,Male,Fashion,Credit Card,942.18,5,1.0,,2030-04-30,36-45,2030-04
3043,69,Female,Electronics,Wallet,684.98,13,3.9,,2030-05-01,56+,2030-05
3044,48,Male,Sports,Credit Card,176.42,8,1.3,,2030-05-02,46-55,2030-05
3045,54,Other,Electronics,Cash on Delivery,1057.83,3,2.1,,2030-05-03,46-55,2030-05
3046,67,Other,Home & Living,UPI,205.92,11,1.1,,2030-05-04,56+,2030-05
3047,69,Other,Fashion,Credit Card,1491.35,14,1.9,,2030-05-05,56+,2030-05
3048,67,Male,Electronics,Debit Card,623.87,4,1.9,,2030-05-06,56+,2030-05
3049,28,Female,Sports,Cash on Delivery,931.68,8,2.3,,2030-05-07,26-35,2030-05
3050,24,Female,Home & Living,Debit Card,149.05,12,1.6,,2030-05-08,19-25,2030-05
3051,44,Female,Groceries,Wallet,1366.79,10,1.5,,2030-05-09,36-45,2030-05
3052,53,Female,Beauty,UPI,867.13,1,2.7,,2030-05-10,46-55,2030-05
3053,54,Male,Fashion,Wallet,812.93,6,2.8,,2030-05-11,46-55,2030-05
3054,51,Female,Home & Living,UPI,229.37,9,4.3,,2030-05-12,46-55,2030-05
3055,56,Male,Fashion,Cash on Delivery,1230.22,8,1.9,,2030-05-13,56+,2030-05
3056,36,Male,Beauty,Cash on Delivery,1160.48,12,2.7,,2030-05-14,36-45,2030-05
3057,57,Female,Fashion,Wallet,123.13,2,2.4,,2030-05-15,56+,2030-05
3058,40,Female,Groceries,Cash on Delivery,809.45,3,4.4,,2030-05-16,36-45,2030-05
3059,55,Male,Fashion,Credit Card,494.28,1,4.0,,2030-05-17,46-55,2030-05
3060,32,Male,Beauty,Credit Card,754.14,7,3.3,,2030-05-18,26-35,2030-05
3061,19,Male,Fashion,Debit Card,460.72,7,1.3,,2030-05-19,19-25,2030-05
3062,45,Other,Home & Living,Wallet,278.63,3,4.0,,2030-05-20,36-45,2030-05
3063,44,Male,Groceries,UPI,1102.88,14,4.9,,2030-05-21,36-45,2030-05
3064,38,Other,Sports,Credit Card,407.98,14,2.4,,2030-05-22,36-45,2030-05
3065,61,Female,Home & Living,Cash on Delivery,825.58,5,4.8,,2030-05-23,56+,2030-05
3066,28,Male,Home & Living,Credit Card,146.73,1,2.5,,2030-05-24,26-35,2030-05
3067,37,Male,Beauty,Cash on Delivery,1297.05,13,3.8,,2030-05-25,36-45,2030-05
3068,35,Female,Home & Living,Cash on Delivery,1049.11,2,1.2,,2030-05-26,26-35,2030-05
3069,31,Female,Beauty,Cash on Delivery,168.45,4,4.5,,2030-05-27,26-35,2030-05
3070,50,Other,Sports,Credit Card,1218.78,7,1.8,,2030-05-28,46-55,2030-05
3071,44,Female,Sports,UPI,1004.96,3,2.3,,2030-05-29,36-45,2030-05
3072,53,Female,Home & Living,UPI,1146.56,8,3.6,,2030-05-30,46-55,2030-05
3073,24,Female,Electronics,Debit Card,578.78,4,1.4,,2030-05-31,19-25,2030-05
3074,56,Female,Beauty,UPI,1259.32,1,4.5,,2030-06-01,56+,2030-06
3075,32,Male,Sports,Credit Card,1323.47,10,1.6,,2030-06-02,26-35,2030-06
3076,64,Other,Groceries,Wallet,868.63,4,3.2,,2030-06-03,56+,2030-06
3077,46,Male,Beauty,UPI,1176.35,10,3.0,,2030-06-04,46-55,2030-06
3078,29,Other,Groceries,Cash on Delivery,363.19,3,5.0,,2030-06-05,26-35,2030-06
3079,56,Female,Home & Living,Credit Card,1233.65,8,5.0,,2030-06-06,56+,2030-06
3080,33,Other,Sports,UPI,793.47,12,2.5,,2030-06-07,26-35,2030-06
3081,19,Other,Beauty,UPI,1450.27,1,4.4,,2030-06-08,19-25,2030-06
3082,23,Female,Home & Living,Cash on Delivery,475.62,8,3.1,,2030-06-09,19-25,2030-06
3083,49,Male,Fashion,Cash on Delivery,1127.76,10,5.0,,2030-06-10,46-55,2030-06
3084,23,Other,Sports,Debit Card,1341.38,1,4.1,,2030-06-11,19-25,2030-06
3085,20,Other,Sports,Cash on Delivery,1389.09,6,4.5,,2030-06-12,19-25,2030-06
3086,63,Male,Beauty,Cash on Delivery,784.33,3,4.0,,2030-06-13,56+,2030-06
3087,21,Other,Fashion,Cash on Delivery,324.5,1,4.9,,2030-06-14,19-25,2030-06
3088,39,Other,Home & Living,Wallet,1005.48,4,1.3,,2030-06-15,36-45,2030-06
3089,65,Male,Home & Living,UPI,847.65,8,2.6,,2030-06-16,56+,2030-06
3090,54,Male,Beauty,Debit Card,1281.61,5,2.6,,2030-06-17,46-55,2030-06
3091,23,Male,Fashion,Credit Card,1480.68,4,3.1,,2030-06-18,19-25,2030-06
3092,41,Male,Beauty,Credit Card,342.57,1,3.8,,2030-06-19,36-45,2030-06
3093,29,Male,Electronics,Credit Card,214.66,2,4.4,,2030-06-20,26-35,2030-06
3094,57,Other,Beauty,Wallet,576.27,1,1.9,,2030-06-21,56+,2030-06
3095,57,Other,Beauty,Credit Card,954.09,5,3.7,,2030-06-22,56+,2030-06
3096,23,Male,Sports,Credit Card,739.58,10,1.7,,2030-06-23,19-25,2030-06
3097,29,Other,Home & Living,Debit Card,668.09,12,3.5,,2030-06-24,26-35,2030-06
3098,46,Other,Sports,Wallet,1152.94,1,4.1,,2030-06-25,46-55,2030-06
3099,46,Male,Fashion,Credit Card,1132.82,5,4.4,,2030-06-26,46-55,2030-06
3100,55,Female,Sports,Cash on Delivery,194.0,8,2.9,,2030-06-27,46-55,2030-06
3101,19,Male,Sports,UPI,891.05,7,3.7,,2030-06-28,19-25,2030-06
3102,41,Male,Beauty,Debit Card,484.89,12,2.9,,2030-06-29,36-45,2030-06
3103,35,Other,Beauty,Debit Card,403.2,3,4.1,,2030-06-30,26-35,2030-06
3104,47,Female,Fashion,Wallet,216.41,14,3.5,,2030-07-01,46-55,2030-07
3105,67,Other,Groceries,Cash on Delivery,1276.18,12,3.1,,2030-07-02,56+,2030-07
3106,38,Male,Electronics,Debit Card,392.54,3,4.1,,2030-07-03,36-45,2030-07
3107,19,Other,Sports,Wallet,404.49,13,3.3,,2030-07-04,19-25,2030-07
3108,69,Other,Home & Living,UPI,635.69,2,2.2,,2030-07-05,56+,2030-07
3109,43,Male,Groceries,UPI,331.12,8,1.8,,2030-07-06,36-45,2030-07
3110,43,Other,Home & Living,UPI,374.67,14,1.7,,2030-07-07,36-45,2030-07
3111,66,Male,Home & Living,Wallet,939.6,14,3.0,,2030-07-08,56+,2030-07
3112,30,Other,Fashion,Cash on Delivery,315.95,9,1.2,,2030-07-09,26-35,2030-07
3113,55,Male,Beauty,Wallet,527.31,8,2.7,,2030-07-10,46-55,2030-07
3114,53,Female,Electronics,Credit Card,290.65,3,5.0,,2030-07-11,46-55,2030-07
3115,45,Female,Home & Living,Cash on Delivery,801.02,2,2.9,,2030-07-12,36-45,2030-07
3116,48,Male,Beauty,UPI,127.85,4,3.7,,2030-07-13,46-55,2030-07
3117,51,Female,Groceries,Cash on Delivery,804.65,11,4.1,,2030-07-14,46-55,2030-07
3118,35,Female,Home & Living,Wallet,415.0,6,3.0,,2030-07-15,26-35,2030-07
3119,52,Female,Beauty,Cash on Delivery,184.38,10,1.9,,2030-07-16,46-55,2030-07
3120,37,Other,Groceries,Debit Card,507.28,2,2.0,,2030-07-17,36-45,2030-07
3121,35,Other,Home & Living,Cash on Delivery,320.76,2,2.4,,2030-07-18,26-35,2030-07
3122,65,Other,Beauty,Credit Card,1119.54,14,1.3,,2030-07-19,56+,2030-07
3123,67,Male,Fashion,Wallet,40.82,11,3.1,,2030-07-20,56+,2030-07
3124,30,Other,Fashion,Cash on Delivery,1282.27,8,2.3,,2030-07-21,26-35,2030-07
3125,41,Male,Home & Living,Wallet,1438.52,8,3.8,,2030-07-22,36-45,2030-07
3126,68,Other,Home & Living,Credit Card,1403.65,3,2.0,,2030-07-23,56+,2030-07
3127,32,Male,Electronics,Wallet,956.84,14,2.0,,2030-07-24,26-35,2030-07
3128,24,Other,Sports,Cash on Delivery,1133.54,10,2.2,,2030-07-25,19-25,2030-07
3129,68,Other,Sports,UPI,1054.96,3,4.8,,2030-07-26,56+,2030-07
3130,22,Other,Home & Living,Credit Card,180.32,12,2.5,,2030-07-27,19-25,2030-07
3131,66,Male,Home & Living,UPI,380.94,12,4.8,,2030-07-28,56+,2030-07
3132,51,Female,Fashion,Wallet,775.65,13,2.4,,2030-07-29,46-55,2030-07
3133,57,Other,Sports,Credit Card,1342.06,14,3.8,,2030-07-30,56+,2030-07
3134,58,Other,Sports,Wallet,375.93,6,3.4,,2030-07-31,56+,2030-07
3135,40,Female,Electronics,Wallet,558.07,6,3.6,,2030-08-01,36-45,2030-08
3136,57,Female,Home & Living,Debit Card,1433.29,5,3.9,,2030-08-02,56+,2030-08
3137,34,Female,Groceries,Cash on Delivery,336.42,11,4.2,,2030-08-03,26-35,2030-08
3138,19,Male,Beauty,Debit Card,148.68,10,4.1,,2030-08-04,19-25,2030-08
3139,22,Other,Electronics,Cash on Delivery,344.42,7,3.8,,2030-08-05,19-25,2030-08
3140,30,Male,Sports,Wallet,621.5,4,2.8,,2030-08-06,26-35,2030-08
3141,49,Female,Home & Living,Debit Card,1352.46,13,2.5,,2030-08-07,46-55,2030-08
3142,30,Male,Electronics,Credit Card,398.23,8,4.5,,2030-08-08,26-35,2030-08
3143,33,Male,Beauty,Cash on Delivery,597.11,5,3.8,,2030-08-09,26-35,2030-08
3144,20,Female,Electronics,Debit Card,1081.53,2,4.7,,2030-08-10,19-25,2030-08
3145,58,Other,Sports,Cash on Delivery,797.66,7,2.4,,2030-08-11,56+,2030-08
3146,26,Female,Sports,Wallet,794.65,3,3.8,,2030-08-12,26-35,2030-08
3147,59,Female,Sports,Debit Card,170.37,4,2.5,,2030-08-13,56+,2030-08
3148,22,Other,Beauty,Debit Card,702.74,4,4.5,,2030-08-14,19-25,2030-08
3149,46,Male,Electronics,Wallet,563.91,7,2.9,,2030-08-15,46-55,2030-08
3150,60,Other,Beauty,Credit Card,173.64,14,2.6,,2030-08-16,56+,2030-08
3151,58,Other,Home & Living,UPI,275.31,11,4.2,,2030-08-17,56+,2030-08
3152,32,Male,Groceries,Cash on Delivery,673.13,5,4.6,,2030-08-18,26-35,2030-08
3153,19,Other,Beauty,Credit Card,419.2,14,4.4,,2030-08-19,19-25,2030-08
3154,23,Male,Sports,UPI,1347.19,2,1.7,,2030-08-20,19-25,2030-08
3155,22,Male,Groceries,Wallet,891.92,10,1.9,,2030-08-21,19-25,2030-08
3156,67,Female,Sports,Credit Card,667.96,11,4.7,,2030-08-22,56+,2030-08
3157,63,Male,Groceries,Wallet,1091.59,9,3.8,,2030-08-23,56+,2030-08
3158,42,Female,Beauty,Credit Card,164.99,3,2.1,,2030-08-24,36-45,2030-08
3159,28,Other,Electronics,UPI,784.54,2,1.0,,2030-08-25,26-35,2030-08
3160,30,Male,Beauty,Debit Card,346.31,14,2.3,,2030-08-26,26-35,2030-08
3161,64,Other,Beauty,Debit Card,739.28,4,4.4,,2030-08-27,56+,2030-08
3162,47,Other,Beauty,Cash on Delivery,629.51,5,1.3,,2030-08-28,46-55,2030-08
3163,43,Other,Sports,Wallet,1048.05,3,4.2,,2030-08-29,36-45,2030-08
3164,49,Other,Fashion,Wallet,356.72,1,1.7,,2030-08-30,46-55,2030-08
3165,58,Male,Groceries,Credit Card,1137.29,10,1.4,,2030-08-31,56+,2030-08
3166,40,Female,Beauty,Debit Card,521.24,4,3.6,,2030-09-01,36-45,2030-09
3167,50,Female,Groceries,Debit Card,252.85,3,4.2,,2030-09-02,46-55,2030-09
3168,69,Male,Fashion,Credit Card,54.37,4,1.8,,2030-09-03,56+,2030-09
3169,67,Other,Groceries,Debit Card,904.57,14,4.5,,2030-09-04,56+,2030-09
3170,59,Male,Sports,Cash on Delivery,149.85,6,2.7,,2030-09-05,56+,2030-09
3171,21,Other,Fashion,Wallet,1188.66,4,2.7,,2030-09-06,19-25,2030-09
3172,20,Female,Beauty,Debit Card,1244.61,13,4.9,,2030-09-07,19-25,2030-09
3173,36,Female,Beauty,Cash on Delivery,993.55,7,4.7,,2030-09-08,36-45,2030-09
3174,63,Female,Sports,Debit Card,1036.82,13,2.4,,2030-09-09,56+,2030-09
3175,45,Other,Sports,Wallet,87.35,14,3.7,,2030-09-10,36-45,2030-09
3176,19,Other,Fashion,UPI,1027.25,7,1.5,,2030-09-11,19-25,2030-09
3177,30,Other,Beauty,Cash on Delivery,323.11,9,2.8,,2030-09-12,26-35,2030-09
3178,65,Female,Fashion,UPI,994.99,6,2.8,,2030-09-13,56+,2030-09
3179,50,Female,Beauty,Wallet,70.84,14,4.7,,2030-09-14,46-55,2030-09
3180,50,Male,Electronics,Credit Card,761.92,5,1.7,,2030-09-15,46-55,2030-09
3181,47,Male,Home & Living,Wallet,22.78,1,2.6,,2030-09-16,46-55,2030-09
3182,47,Female,Home & Living,Cash on Delivery,561.79,13,1.9,,2030-09-17,46-55,2030-09
3183,38,Male,Beauty,Credit Card,1101.92,1,4.3,,2030-09-18,36-45,2030-09
3184,28,Male,Beauty,UPI,175.54,7,4.1,,2030-09-19,26-35,2030-09
3185,20,Female,Sports,UPI,535.77,10,2.6,,2030-09-20,19-25,2030-09
3186,25,Female,Groceries,Wallet,326.42,5,2.9,,2030-09-21,19-25,2030-09
3187,46,Male,Sports,Debit Card,625.44,6,4.2,,2030-09-22,46-55,2030-09
3188,46,Female,Groceries,Credit Card,1001.65,5,4.4,,2030-09-23,46-55,2030-09
3189,28,Male,Electronics,UPI,408.57,1,2.6,,2030-09-24,26-35,2030-09
3190,63,Female,Beauty,Credit Card,1064.63,1,5.0,,2030-09-25,56+,2030-09
3191,36,Female,Electronics,Wallet,689.13,2,2.0,,2030-09-26,36-45,2030-09
3192,18,Male,Sports,Credit Card,998.88,8,2.7,,2030-09-27,0-18,2030-09
3193,45,Female,Groceries,UPI,1284.31,13,1.2,,2030-09-28,36-45,2030-09
3194,42,Female,Sports,Debit Card,558.67,14,1.4,,2030-09-29,36-45,2030-09
3195,48,Male,Home & Living,Credit Card,785.26,13,3.9,,2030-09-30,46-55,2030-09
3196,26,Male,Groceries,Debit Card,889.6,13,1.2,,2030-10-01,26-35,2030-10
3197,31,Female,Home & Living,Credit Card,773.45,4,4.8,,2030-10-02,26-35,2030-10
3198,31,Female,Home & Living,Debit Card,87.8,6,3.5,,2030-10-03,26-35,2030-10
3199,27,Female,Groceries,UPI,1424.58,7,3.3,,2030-10-04,26-35,2030-10
3200,28,Other,Home & Living,Credit Card,699.11,8,3.2,,2030-10-05,26-35,2030-10
3201,55,Female,Beauty,Wallet,7.19,12,4.2,,2030-10-06,46-55,2030-10
3202,52,Male,Groceries,Credit Card,13.18,5,3.7,,2030-10-07,46-55,2030-10
3203,63,Male,Beauty,Debit Card,748.62,13,2.9,,2030-10-08,56+,2030-10
3204,67,Female,Home & Living,Debit Card,20.29,2,1.5,,2030-10-09,56+,2030-10
3205,57,Male,Electronics,UPI,25.73,1,4.1,,2030-10-10,56+,2030-10
3206,62,Female,Sports,Debit Card,994.14,7,4.8,,2030-10-11,56+,2030-10
3207,61,Female,Beauty,Wallet,555.62,13,3.1,,2030-10-12,56+,2030-10
3208,22,Male,Beauty,Credit Card,1453.5,11,3.8,,2030-10-13,19-25,2030-10
3209,42,Female,Home & Living,Credit Card,1092.52,10,1.9,,2030-10-14,36-45,2030-10
3210,45,Female,Sports,UPI,1112.09,6,1.5,,2030-10-15,36-45,2030-10
3211,63,Male,Sports,UPI,662.94,5,1.7,,2030-10-16,56+,2030-10
3212,65,Female,Sports,Wallet,607.12,14,4.3,,2030-10-17,56+,2030-10
3213,50,Other,Home & Living,UPI,749.07,14,1.8,,2030-10-18,46-55,2030-10
3214,31,Other,Sports,Debit Card,1060.21,12,2.9,,2030-10-19,26-35,2030-10
3215,21,Female,Fashion,Debit Card,210.83,12,2.6,,2030-10-20,19-25,2030-10
3216,55,Female,Home & Living,Debit Card,688.74,11,3.5,,2030-10-21,46-55,2030-10
3217,59,Female,Sports,Cash on Delivery,316.51,4,3.6,,2030-10-22,56+,2030-10
3218,34,Male,Fashion,Credit Card,347.78,3,3.1,,2030-10-23,26-35,2030-10
3219,46,Male,Fashion,Wallet,1101.5,12,3.0,,2030-10-24,46-55,2030-10
3220,63,Male,Groceries,Credit Card,663.81,5,2.7,,2030-10-25,56+,2030-10
3221,37,Female,Beauty,Wallet,1101.78,1,5.0,,2030-10-26,36-45,2030-10
3222,37,Female,Beauty,Wallet,1239.98,5,2.7,,2030-10-27,36-45,2030-10
3223,62,Male,Beauty,UPI,919.02,9,3.5,,2030-10-28,56+,2030-10
3224,34,Male,Groceries,Cash on Delivery,1330.79,6,2.9,,2030-10-29,26-35,2030-10
3225,56,Other,Home & Living,Credit Card,654.79,10,2.3,,2030-10-30,56+,2030-10
3226,35,Male,Sports,Credit Card,84.24,6,2.7,,2030-10-31,26-35,2030-10
3227,36,Male,Fashion,Cash on Delivery,92.37,12,3.1,,2030-11-01,36-45,2030-11
3228,29,Female,Home & Living,UPI,607.04,2,4.5,,2030-11-02,26-35,2030-11
3229,20,Female,Sports,Credit Card,1261.86,1,4.8,,2030-11-03,19-25,2030-11
3230,43,Male,Beauty,Wallet,733.16,5,1.2,,2030-11-04,36-45,2030-11
3231,62,Other,Groceries,UPI,1427.92,2,4.4,,2030-11-05,56+,2030-11
3232,32,Other,Fashion,Debit Card,209.35,9,2.0,,2030-11-06,26-35,2030-11
3233,39,Female,Beauty,UPI,295.73,14,4.2,,2030-11-07,36-45,2030-11
3234,23,Female,Groceries,Cash on Delivery,259.05,4,1.0,,2030-11-08,19-25,2030-11
3235,41,Female,Beauty,Debit Card,619.66,11,3.1,,2030-11-09,36-45,2030-11
3236,50,Female,Beauty,Credit Card,167.3,8,2.4,,2030-11-10,46-55,2030-11
3237,25,Female,Sports,Cash on Delivery,83.99,10,3.6,,2030-11-11,19-25,2030-11
3238,68,Female,Home & Living,UPI,214.05,8,3.7,,2030-11-12,56+,2030-11
3239,32,Other,Electronics,Cash on Delivery,566.23,4,4.9,,2030-11-13,26-35,2030-11
3240,51,Male,Groceries,UPI,374.34,2,2.2,,2030-11-14,46-55,2030-11
3241,62,Male,Electronics,Cash on Delivery,1205.39,2,2.9,,2030-11-15,56+,2030-11
3242,38,Other,Groceries,Wallet,156.29,11,2.9,,2030-11-16,36-45,2030-11
3243,61,Male,Beauty,Debit Card,113.15,7,4.3,,2030-11-17,56+,2030-11
3244,34,Other,Fashion,Cash on Delivery,226.12,9,4.1,,2030-11-18,26-35,2030-11
3245,56,Male,Groceries,Credit Card,1439.03,4,2.6,,2030-11-19,56+,2030-11
3246,67,Female,Fashion,Cash on Delivery,1025.27,9,1.1,,2030-11-20,56+,2030-11
3247,61,Female,Fashion,UPI,428.01,2,4.2,,2030-11-21,56+,2030-11
3248,62,Female,Beauty,Cash on Delivery,1374.31,7,4.3,,2030-11-22,56+,2030-11
3249,66,Other,Beauty,Credit Card,744.69,1,3.9,,2030-11-23,56+,2030-11
3250,36,Other,Fashion,UPI,1003.79,13,4.3,,2030-11-24,36-45,2030-11
3251,36,Female,Sports,Debit Card,518.62,9,2.1,,2030-11-25,36-45,2030-11
3252,41,Female,Fashion,Cash on Delivery,356.27,8,1.6,,2030-11-26,36-45,2030-11
3253,41,Other,Beauty,Credit Card,1372.29,8,2.5,,2030-11-27,36-45,2030-11
3254,31,Female,Beauty,Credit Card,1243.1,1,2.2,,2030-11-28,26-35,2030-11
3255,60,Female,Home & Living,UPI,690.93,13,4.3,,2030-11-29,56+,2030-11
3256,29,Female,Home & Living,UPI,909.99,10,1.2,,2030-11-30,26-35,2030-11
3257,59,Female,Beauty,UPI,899.91,6,1.6,,2030-12-01,56+,2030-12
3258,34,Female,Home & Living,Cash on Delivery,660.95,10,1.5,,2030-12-02,26-35,2030-12
3259,67,Female,Sports,UPI,1026.03,9,3.9,,2030-12-03,56+,2030-12
3260,31,Female,Groceries,UPI,1246.94,8,1.6,,2030-12-04,26-35,2030-12
3261,45,Male,Sports,Wallet,846.63,1,4.3,,2030-12-05,36-45,2030-12
3262,39,Male,Electronics,Wallet,1174.77,1,1.3,,2030-12-06,36-45,2030-12
3263,49,Other,Home & Living,Wallet,32.18,2,4.5,,2030-12-07,46-55,2030-12
3264,61,Female,Home & Living,Debit Card,421.08,9,2.8,,2030-12-08,56+,2030-12
3265,27,Male,Sports,Cash on Delivery,240.01,14,2.7,,2030-12-09,26-35,2030-12
3266,52,Female,Home & Living,UPI,1176.08,6,4.0,,2030-12-10,46-55,2030-12
3267,52,Other,Home & Living,Cash on Delivery,673.77,13,1.5,,2030-12-11,46-55,2030-12
3268,54,Female,Fashion,Credit Card,1284.01,9,4.4,,2030-12-12,46-55,2030-12
3269,67,Female,Home & Living,UPI,824.32,13,2.6,,2030-12-13,56+,2030-12
3270,43,Male,Sports,Cash on Delivery,1287.06,7,2.3,,2030-12-14,36-45,2030-12
3271,30,Female,Beauty,Wallet,1159.37,13,3.7,,2030-12-15,26-35,2030-12
3272,66,Female,Groceries,UPI,712.8,5,1.9,,2030-12-16,56+,2030-12
3273,32,Female,Electronics,Credit Card,264.56,13,2.8,,2030-12-17,26-35,2030-12
3274,68,Female,Home & Living,Cash on Delivery,478.25,9,3.9,,2030-12-18,56+,2030-12
3275,49,Female,Beauty,Wallet,1265.11,12,3.0,,2030-12-19,46-55,2030-12
3276,33,Male,Sports,UPI,1183.49,5,1.0,,2030-12-20,26-35,2030-12
3277,50,Female,Fashion,Cash on Delivery,1162.52,1,4.7,,2030-12-21,46-55,2030-12
3278,18,Other,Beauty,Debit Card,869.52,12,2.0,,2030-12-22,0-18,2030-12
3279,40,Male,Beauty,Wallet,892.5,1,3.2,,2030-12-23,36-45,2030-12
3280,20,Other,Beauty,Debit Card,521.01,11,3.6,,2030-12-24,19-25,2030-12
3281,35,Male,Sports,Credit Card,943.29,1,1.7,,2030-12-25,26-35,2030-12
3282,64,Other,Sports,UPI,94.88,10,4.4,,2030-12-26,56+,2030-12
3283,69,Male,Beauty,Wallet,1437.84,1,4.5,,2030-12-27,56+,2030-12
3284,26,Other,Fashion,UPI,260.11,13,2.1,,2030-12-28,26-35,2030-12
3285,67,Male,Beauty,UPI,1469.3,5,1.8,,2030-12-29,56+,2030-12
3286,25,Male,Home & Living,UPI,344.42,1,3.2,,2030-12-30,19-25,2030-12
3287,62,Other,Home & Living,UPI,483.51,4,4.9,,2030-12-31,56+,2030-12
3288,68,Other,Groceries,UPI,278.68,4,3.3,,2031-01-01,56+,2031-01
3289,56,Female,Groceries,Cash on Delivery,885.47,9,2.6,,2031-01-02,56+,2031-01
3290,58,Female,Fashion,Cash on Delivery,1133.29,6,4.7,,2031-01-03,56+,2031-01
3291,68,Female,Sports,UPI,1490.53,10,4.5,,2031-01-04,56+,2031-01
3292,55,Female,Fashion,Cash on Delivery,312.13,3,1.6,,2031-01-05,46-55,2031-01
3293,46,Other,Home & Living,Debit Card,1049.25,2,2.0,,2031-01-06,46-55,2031-01
3294,62,Female,Home & Living,Credit Card,775.88,4,2.6,,2031-01-07,56+,2031-01
3295,29,Male,Electronics,Credit Card,630.75,13,1.1,,2031-01-08,26-35,2031-01
3296,61,Other,Groceries,Credit Card,801.51,5,2.9,,2031-01-09,56+,2031-01
3297,54,Female,Sports,Debit Card,422.6,12,4.2,,2031-01-10,46-55,2031-01
3298,55,Female,Electronics,Debit Card,413.3,4,3.6,,2031-01-11,46-55,2031-01
3299,21,Male,Beauty,Debit Card,853.06,10,4.3,,2031-01-12,19-25,2031-01
3300,27,Other,Beauty,Cash on Delivery,870.17,4,3.1,,2031-01-13,26-35,2031-01
3301,30,Male,Beauty,UPI,625.7,13,1.8,,2031-01-14,26-35,2031-01
3302,61,Other,Groceries,Credit Card,315.9,7,3.3,,2031-01-15,56+,2031-01
3303,34,Other,Electronics,Wallet,1262.64,11,3.8,,2031-01-16,26-35,2031-01
3304,31,Male,Beauty,Wallet,273.37,12,2.1,,2031-01-17,26-35,2031-01
3305,49,Female,Beauty,Credit Card,1117.95,7,2.7,,2031-01-18,46-55,2031-01
3306,29,Other,Beauty,Wallet,735.36,12,3.1,,2031-01-19,26-35,2031-01
3307,37,Female,Home & Living,UPI,853.43,4,4.6,,2031-01-20,36-45,2031-01
3308,64,Female,Fashion,Credit Card,764.92,7,1.8,,2031-01-21,56+,2031-01
3309,54,Male,Beauty,Wallet,545.67,4,2.3,,2031-01-22,46-55,2031-01
3310,67,Female,Groceries,Cash on Delivery,911.28,5,2.9,,2031-01-23,56+,2031-01
3311,52,Male,Electronics,Debit Card,419.52,12,3.5,,2031-01-24,46-55,2031-01
3312,58,Male,Home & Living,Credit Card,1091.07,4,3.3,,2031-01-25,56+,2031-01
3313,52,Other,Fashion,Wallet,691.97,7,2.1,,2031-01-26,46-55,2031-01
3314,27,Male,Beauty,Wallet,1174.89,11,1.7,,2031-01-27,26-35,2031-01
3315,57,Other,Fashion,Credit Card,715.78,6,4.8,,2031-01-28,56+,2031-01
3316,44,Other,Home & Living,Debit Card,1154.38,12,1.9,,2031-01-29,36-45,2031-01
3317,21,Other,Home & Living,Credit Card,619.75,4,3.6,,2031-01-30,19-25,2031-01
3318,63,Female,Groceries,Debit Card,1076.99,9,3.8,,2031-01-31,56+,2031-01
3319,46,Male,Electronics,Wallet,1372.03,9,2.0,,2031-02-01,46-55,2031-02
3320,21,Male,Electronics,Cash on Delivery,1042.52,5,1.4,,2031-02-02,19-25,2031-02
3321,18,Female,Beauty,Cash on Delivery,456.92,14,2.2,,2031-02-03,0-18,2031-02
3322,69,Female,Home & Living,Wallet,1144.48,5,4.6,,2031-02-04,56+,2031-02
3323,48,Male,Groceries,UPI,994.86,8,4.8,,2031-02-05,46-55,2031-02
3324,56,Male,Electronics,UPI,666.71,10,4.5,,2031-02-06,56+,2031-02
3325,18,Other,Home & Living,Credit Card,1170.64,14,3.7,,2031-02-07,0-18,2031-02
3326,57,Other,Home & Living,Wallet,469.78,1,4.8,,2031-02-08,56+,2031-02
3327,69,Other,Groceries,Wallet,297.91,2,4.0,,2031-02-09,56+,2031-02
3328,19,Female,Sports,Debit Card,1131.98,1,4.9,,2031-02-10,19-25,2031-02
3329,21,Female,Groceries,UPI,613.74,7,4.9,,2031-02-11,19-25,2031-02
3330,44,Other,Home & Living,Wallet,444.44,3,4.6,,2031-02-12,36-45,2031-02
3331,23,Male,Beauty,Wallet,1037.57,1,1.2,,2031-02-13,19-25,2031-02
3332,22,Female,Beauty,UPI,1050.8,6,1.2,,2031-02-14,19-25,2031-02
3333,40,Female,Home & Living,Wallet,129.05,9,4.7,,2031-02-15,36-45,2031-02
3334,34,Other,Home & Living,Cash on Delivery,373.94,9,1.8,,2031-02-16,26-35,2031-02
3335,68,Female,Fashion,Wallet,734.48,13,2.2,,2031-02-17,56+,2031-02
3336,53,Female,Fashion,Credit Card,115.74,2,3.1,,2031-02-18,46-55,2031-02
3337,27,Other,Home & Living,Debit Card,504.27,4,2.5,,2031-02-19,26-35,2031-02
3338,56,Male,Sports,Wallet,1170.07,8,1.3,,2031-02-20,56+,2031-02
3339,39,Female,Groceries,Wallet,977.72,3,2.8,,2031-02-21,36-45,2031-02
3340,68,Male,Fashion,Credit Card,22.89,11,1.9,,2031-02-22,56+,2031-02
3341,39,Other,Beauty,Cash on Delivery,735.99,13,2.6,,2031-02-23,36-45,2031-02
3342,50,Other,Groceries,Cash on Delivery,161.62,12,1.7,,2031-02-24,46-55,2031-02
3343,46,Other,Fashion,Wallet,744.7,1,1.9,,2031-02-25,46-55,2031-02
3344,29,Other,Electronics,Credit Card,712.95,4,1.7,,2031-02-26,26-35,2031-02
3345,24,Female,Sports,Wallet,504.54,4,3.0,,2031-02-27,19-25,2031-02
3346,37,Female,Beauty,UPI,1169.39,12,3.7,,2031-02-28,36-45,2031-02
3347,39,Other,Home & Living,Cash on Delivery,822.74,5,2.1,,2031-03-01,36-45,2031-03
3348,27,Male,Sports,Cash on Delivery,1280.94,12,2.5,,2031-03-02,26-35,2031-03
3349,47,Female,Electronics,Debit Card,124.02,6,4.7,,2031-03-03,46-55,2031-03
3350,52,Female,Beauty,Wallet,612.85,7,1.7,,2031-03-04,46-55,2031-03
3351,47,Female,Fashion,UPI,1127.09,8,2.0,,2031-03-05,46-55,2031-03
3352,56,Other,Groceries,Cash on Delivery,640.9,2,2.7,,2031-03-06,56+,2031-03
3353,40,Male,Beauty,Wallet,920.05,10,3.1,,2031-03-07,36-45,2031-03
3354,25,Female,Beauty,UPI,1060.51,11,4.3,,2031-03-08,19-25,2031-03
3355,35,Other,Sports,Credit Card,698.47,5,4.9,,2031-03-09,26-35,2031-03
3356,66,Male,Electronics,Credit Card,349.22,4,4.0,,2031-03-10,56+,2031-03
3357,34,Male,Electronics,Credit Card,790.3,1,3.6,,2031-03-11,26-35,2031-03
3358,60,Other,Groceries,Debit Card,1099.05,7,3.5,,2031-03-12,56+,2031-03
3359,27,Male,Electronics,Debit Card,1345.19,10,2.6,,2031-03-13,26-35,2031-03
3360,43,Female,Sports,Cash on Delivery,915.86,6,4.4,,2031-03-14,36-45,2031-03
3361,37,Male,Sports,UPI,934.14,3,2.6,,2031-03-15,36-45,2031-03
3362,44,Male,Fashion,UPI,94.53,11,3.3,,2031-03-16,36-45,2031-03
3363,22,Female,Fashion,UPI,831.2,2,4.4,,2031-03-17,19-25,2031-03
3364,28,Male,Beauty,Wallet,449.97,6,1.4,,2031-03-18,26-35,2031-03
3365,61,Other,Fashion,Credit Card,690.53,5,2.4,,2031-03-19,56+,2031-03
3366,54,Male,Sports,UPI,426.02,2,2.5,,2031-03-20,46-55,2031-03
3367,50,Female,Sports,Cash on Delivery,1238.65,9,4.8,,2031-03-21,46-55,2031-03
3368,23,Female,Sports,Wallet,608.52,14,3.4,,2031-03-22,19-25,2031-03
3369,27,Male,Electronics,Credit Card,708.41,7,1.0,,2031-03-23,26-35,2031-03
3370,23,Other,Electronics,UPI,1200.9,7,4.4,,2031-03-24,19-25,2031-03
3371,66,Male,Groceries,UPI,1325.04,7,2.0,,2031-03-25,56+,2031-03
3372,62,Other,Fashion,Credit Card,1436.67,4,4.6,,2031-03-26,56+,2031-03
3373,31,Other,Beauty,UPI,694.43,3,1.5,,2031-03-27,26-35,2031-03
3374,60,Other,Home & Living,Cash on Delivery,1158.31,3,4.2,,2031-03-28,56+,2031-03
3375,28,Male,Groceries,UPI,856.77,10,4.7,,2031-03-29,26-35,2031-03
3376,55,Female,Sports,UPI,1450.26,10,2.1,,2031-03-30,46-55,2031-03
3377,21,Female,Fashion,UPI,388.55,1,3.4,,2031-03-31,19-25,2031-03
3378,23,Other,Sports,UPI,1070.48,10,2.5,,2031-04-01,19-25,2031-04
3379,19,Other,Fashion,UPI,321.61,1,1.4,,2031-04-02,19-25,2031-04
3380,54,Female,Fashion,Credit Card,1332.78,10,1.6,,2031-04-03,46-55,2031-04
3381,58,Male,Beauty,Debit Card,682.33,6,4.9,,2031-04-04,56+,2031-04
3382,30,Female,Fashion,Cash on Delivery,1448.57,9,3.7,,2031-04-05,26-35,2031-04
3383,32,Male,Groceries,Credit Card,170.35,8,2.9,,2031-04-06,26-35,2031-04
3384,57,Female,Groceries,Wallet,432.19,5,3.9,,2031-04-07,56+,2031-04
3385,56,Male,Sports,Cash on Delivery,372.26,1,1.1,,2031-04-08,56+,2031-04
3386,50,Male,Electronics,Debit Card,1457.68,9,2.3,,2031-04-09,46-55,2031-04
3387,36,Male,Fashion,UPI,1230.79,4,3.0,,2031-04-10,36-45,2031-04
3388,26,Female,Electronics,Debit Card,723.4,6,3.8,,2031-04-11,26-35,2031-04
3389,49,Other,Beauty,Credit Card,765.55,12,1.3,,2031-04-12,46-55,2031-04
3390,52,Male,Sports,Wallet,983.77,8,1.4,,2031-04-13,46-55,2031-04
3391,58,Other,Electronics,Credit Card,133.97,8,2.7,,2031-04-14,56+,2031-04
3392,41,Other,Fashion,Cash on Delivery,603.11,11,1.7,,2031-04-15,36-45,2031-04
3393,26,Female,Fashion,Credit Card,889.83,10,4.6,,2031-04-16,26-35,2031-04
3394,21,Female,Beauty,Debit Card,96.66,11,1.8,,2031-04-17,19-25,2031-04
3395,37,Male,Groceries,Wallet,831.39,12,1.6,,2031-04-18,36-45,2031-04
3396,41,Male,Sports,Wallet,54.72,1,2.7,,2031-04-19,36-45,2031-04
3397,68,Male,Home & Living,Debit Card,141.32,5,2.1,,2031-04-20,56+,2031-04
3398,33,Female,Beauty,Wallet,1436.98,8,4.8,,2031-04-21,26-35,2031-04
3399,41,Female,Sports,Wallet,722.66,12,1.2,,2031-04-22,36-45,2031-04
3400,66,Male,Groceries,Cash on Delivery,1109.88,5,2.0,,2031-04-23,56+,2031-04
3401,57,Other,Home & Living,Debit Card,1401.53,7,1.7,,2031-04-24,56+,2031-04
3402,66,Other,Fashion,Debit Card,472.68,10,1.2,,2031-04-25,56+,2031-04
3403,45,Other,Electronics,Wallet,462.68,13,5.0,,2031-04-26,36-45,2031-04
3404,37,Other,Groceries,UPI,219.56,4,4.1,,2031-04-27,36-45,2031-04
3405,44,Female,Home & Living,Cash on Delivery,77.1,2,3.0,,2031-04-28,36-45,2031-04
3406,36,Male,Fashion,UPI,518.3,5,4.9,,2031-04-29,36-45,2031-04
3407,53,Male,Groceries,Debit Card,1280.16,13,2.5,,2031-04-30,46-55,2031-04
3408,49,Male,Sports,Wallet,438.82,11,2.3,,2031-05-01,46-55,2031-05
3409,51,Male,Sports,Wallet,1410.46,3,2.6,,2031-05-02,46-55,2031-05
3410,51,Other,Fashion,UPI,735.42,11,4.3,,2031-05-03,46-55,2031-05
3411,47,Male,Home & Living,Credit Card,340.21,2,1.1,,2031-05-04,46-55,2031-05
3412,22,Female,Home & Living,Wallet,645.51,2,2.8,,2031-05-05,19-25,2031-05
3413,28,Other,Fashion,Debit Card,784.89,7,4.6,,2031-05-06,26-35,2031-05
3414,28,Male,Beauty,Wallet,1074.42,14,4.9,,2031-05-07,26-35,2031-05
3415,40,Other,Groceries,Credit Card,718.93,9,1.1,,2031-05-08,36-45,2031-05
3416,21,Female,Electronics,Debit Card,15.98,9,2.2,,2031-05-09,19-25,2031-05
3417,39,Female,Beauty,Credit Card,760.61,11,3.7,,2031-05-10,36-45,2031-05
3418,42,Other,Home & Living,Cash on Delivery,1236.1,8,1.5,,2031-05-11,36-45,2031-05
3419,22,Male,Electronics,Debit Card,520.69,6,1.6,,2031-05-12,19-25,2031-05
3420,33,Male,Beauty,Cash on Delivery,1300.27,14,1.9,,2031-05-13,26-35,2031-05
3421,37,Other,Electronics,Credit Card,910.43,13,2.1,,2031-05-14,36-45,2031-05
3422,67,Other,Electronics,Debit Card,953.93,6,3.7,,2031-05-15,56+,2031-05
3423,48,Male,Sports,Debit Card,357.9,4,4.3,,2031-05-16,46-55,2031-05
3424,25,Male,Home & Living,Wallet,535.71,2,3.9,,2031-05-17,19-25,2031-05
3425,19,Male,Home & Living,Cash on Delivery,1374.49,14,2.7,,2031-05-18,19-25,2031-05
3426,19,Female,Fashion,Cash on Delivery,1019.26,10,2.8,,2031-05-19,19-25,2031-05
3427,60,Female,Fashion,Credit Card,1033.89,14,3.2,,2031-05-20,56+,2031-05
3428,40,Female,Electronics,Credit Card,895.98,10,2.4,,2031-05-21,36-45,2031-05
3429,34,Female,Sports,Cash on Delivery,288.8,6,2.4,,2031-05-22,26-35,2031-05
3430,48,Female,Sports,UPI,632.33,12,1.2,,2031-05-23,46-55,2031-05
3431,28,Male,Home & Living,Credit Card,856.12,7,2.2,,2031-05-24,26-35,2031-05
3432,56,Male,Groceries,UPI,984.98,2,3.8,,2031-05-25,56+,2031-05
3433,56,Female,Home & Living,Debit Card,1046.79,5,2.8,,2031-05-26,56+,2031-05
3434,56,Other,Fashion,UPI,1486.28,10,1.1,,2031-05-27,56+,2031-05
3435,28,Other,Groceries,UPI,1433.07,1,4.6,,2031-05-28,26-35,2031-05
3436,28,Other,Fashion,Debit Card,1300.13,9,2.8,,2031-05-29,26-35,2031-05
3437,49,Other,Groceries,UPI,775.2,12,4.2,,2031-05-30,46-55,2031-05
3438,67,Female,Beauty,Debit Card,781.99,7,4.2,,2031-05-31,56+,2031-05
3439,28,Other,Groceries,UPI,711.17,4,4.7,,2031-06-01,26-35,2031-06
3440,63,Female,Home & Living,UPI,1274.06,7,2.7,,2031-06-02,56+,2031-06
3441,27,Male,Groceries,Credit Card,274.49,3,1.4,,2031-06-03,26-35,2031-06
3442,65,Male,Electronics,Cash on Delivery,1215.77,10,3.6,,2031-06-04,56+,2031-06
3443,36,Female,Sports,Cash on Delivery,1303.94,2,2.5,,2031-06-05,36-45,2031-06
3444,34,Other,Beauty,UPI,234.53,14,3.3,,2031-06-06,26-35,2031-06
3445,22,Male,Groceries,Wallet,1276.08,12,1.2,,2031-06-07,19-25,2031-06
3446,67,Female,Beauty,Wallet,1111.24,12,1.7,,2031-06-08,56+,2031-06
3447,42,Other,Electronics,Debit Card,410.45,12,4.1,,2031-06-09,36-45,2031-06
3448,56,Female,Home & Living,Wallet,1274.32,14,2.4,,2031-06-10,56+,2031-06
3449,22,Other,Groceries,UPI,10.16,5,4.9,,2031-06-11,19-25,2031-06
3450,64,Female,Groceries,Credit Card,574.13,14,2.2,,2031-06-12,56+,2031-06
3451,67,Male,Groceries,Wallet,1154.57,11,4.1,,2031-06-13,56+,2031-06
3452,38,Male,Electronics,Credit Card,1371.15,5,3.3,,2031-06-14,36-45,2031-06
3453,45,Male,Home & Living,Wallet,413.47,7,3.4,,2031-06-15,36-45,2031-06
3454,20,Male,Groceries,Cash on Delivery,1044.53,4,3.9,,2031-06-16,19-25,2031-06
3455,35,Other,Home & Living,Cash on Delivery,1299.06,2,1.2,,2031-06-17,26-35,2031-06
3456,52,Female,Beauty,UPI,1304.7,11,2.2,,2031-06-18,46-55,2031-06
3457,19,Male,Electronics,Cash on Delivery,28.63,2,4.4,,2031-06-19,19-25,2031-06
3458,68,Male,Electronics,Cash on Delivery,1246.61,11,3.5,,2031-06-20,56+,2031-06
3459,67,Male,Sports,Wallet,260.17,2,3.2,,2031-06-21,56+,2031-06
3460,59,Other,Groceries,Wallet,117.23,3,2.8,,2031-06-22,56+,2031-06
3461,30,Male,Electronics,Cash on Delivery,1336.35,11,3.0,,2031-06-23,26-35,2031-06
3462,63,Other,Sports,UPI,824.52,13,2.4,,2031-06-24,56+,2031-06
3463,54,Male,Beauty,Credit Card,41.05,1,2.7,,2031-06-25,46-55,2031-06
3464,25,Male,Groceries,UPI,265.99,11,3.6,,2031-06-26,19-25,2031-06
3465,54,Other,Groceries,Cash on Delivery,22.35,5,2.4,,2031-06-27,46-55,2031-06
3466,68,Other,Home & Living,UPI,1146.47,1,4.4,,2031-06-28,56+,2031-06
3467,32,Other,Groceries,Wallet,362.09,13,2.1,,2031-06-29,26-35,2031-06
3468,37,Other,Home & Living,Wallet,983.49,4,1.3,,2031-06-30,36-45,2031-06
3469,23,Female,Beauty,Debit Card,1493.59,7,2.4,,2031-07-01,19-25,2031-07
3470,43,Female,Sports,Debit Card,824.07,5,2.1,,2031-07-02,36-45,2031-07
3471,43,Female,Home & Living,Cash on Delivery,1004.75,6,3.8,,2031-07-03,36-45,2031-07
3472,62,Female,Electronics,Debit Card,496.17,8,4.4,,2031-07-04,56+,2031-07
3473,24,Other,Groceries,Debit Card,1306.25,4,3.7,,2031-07-05,19-25,2031-07
3474,39,Female,Sports,UPI,286.75,4,2.8,,2031-07-06,36-45,2031-07
3475,64,Male,Groceries,Credit Card,1085.98,2,3.9,,2031-07-07,56+,2031-07
3476,26,Other,Sports,Wallet,641.81,13,1.5,,2031-07-08,26-35,2031-07
3477,30,Female,Beauty,Cash on Delivery,1440.26,14,4.8,,2031-07-09,26-35,2031-07
3478,52,Male,Fashion,Credit Card,294.12,12,3.0,,2031-07-10,46-55,2031-07
3479,47,Male,Beauty,UPI,114.17,3,3.1,,2031-07-11,46-55,2031-07
3480,25,Female,Groceries,Credit Card,982.7,3,4.7,,2031-07-12,19-25,2031-07
3481,24,Male,Sports,Cash on Delivery,338.55,11,1.7,,2031-07-13,19-25,2031-07
3482,46,Other,Beauty,Debit Card,496.21,10,2.9,,2031-07-14,46-55,2031-07
3483,51,Female,Groceries,Credit Card,1106.99,10,5.0,,2031-07-15,46-55,2031-07
3484,61,Male,Electronics,Cash on Delivery,308.72,7,5.0,,2031-07-16,56+,2031-07
3485,53,Female,Home & Living,Cash on Delivery,682.5,1,3.6,,2031-07-17,46-55,2031-07
3486,50,Male,Electronics,UPI,190.63,12,3.9,,2031-07-18,46-55,2031-07
3487,19,Female,Home & Living,Wallet,155.42,6,4.0,,2031-07-19,19-25,2031-07
3488,50,Female,Home & Living,Debit Card,318.09,13,4.7,,2031-07-20,46-55,2031-07
3489,68,Male,Fashion,Debit Card,811.73,11,1.9,,2031-07-21,56+,2031-07
3490,59,Female,Sports,UPI,1308.81,8,4.2,,2031-07-22,56+,2031-07
3491,43,Female,Fashion,Debit Card,984.37,1,4.2,,2031-07-23,36-45,2031-07
3492,29,Male,Sports,Wallet,132.11,6,2.6,,2031-07-24,26-35,2031-07
3493,22,Female,Fashion,UPI,1159.74,9,1.4,,2031-07-25,19-25,2031-07
3494,65,Male,Fashion,UPI,483.34,2,2.8,,2031-07-26,56+,2031-07
3495,26,Male,Sports,UPI,909.88,6,2.3,,2031-07-27,26-35,2031-07
3496,48,Male,Electronics,UPI,779.83,2,2.7,,2031-07-28,46-55,2031-07
3497,30,Other,Home & Living,Credit Card,549.13,4,1.9,,2031-07-29,26-35,2031-07
3498,27,Male,Home & Living,Wallet,398.23,6,3.7,,2031-07-30,26-35,2031-07
3499,30,Female,Groceries,UPI,1428.47,14,4.5,,2031-07-31,26-35,2031-07
3500,40,Female,Beauty,UPI,669.15,14,3.4,,2031-08-01,36-45,2031-08
3501,22,Male,Electronics,Wallet,290.53,7,2.1,,2031-08-02,19-25,2031-08
3502,31,Female,Groceries,Credit Card,256.49,2,1.2,,2031-08-03,26-35,2031-08
3503,32,Other,Beauty,UPI,1034.58,13,2.8,,2031-08-04,26-35,2031-08
3504,65,Female,Fashion,UPI,900.77,7,4.5,,2031-08-05,56+,2031-08
3505,44,Other,Beauty,Credit Card,431.93,13,4.6,,2031-08-06,36-45,2031-08
3506,38,Female,Sports,UPI,1137.77,11,3.1,,2031-08-07,36-45,2031-08
3507,53,Other,Fashion,Wallet,1322.47,11,1.8,,2031-08-08,46-55,2031-08
3508,68,Female,Beauty,Credit Card,348.77,2,3.0,,2031-08-09,56+,2031-08
3509,44,Female,Home & Living,Cash on Delivery,763.33,9,1.8,,2031-08-10,36-45,2031-08
3510,55,Male,Beauty,Credit Card,397.7,14,4.3,,2031-08-11,46-55,2031-08
3511,20,Male,Home & Living,Credit Card,484.16,10,4.3,,2031-08-12,19-25,2031-08
3512,61,Female,Electronics,Debit Card,1134.36,4,1.1,,2031-08-13,56+,2031-08
3513,59,Male,Electronics,Wallet,195.98,8,1.9,,2031-08-14,56+,2031-08
3514,39,Female,Groceries,Credit Card,1043.62,11,1.6,,2031-08-15,36-45,2031-08
3515,34,Other,Beauty,Cash on Delivery,1206.09,10,3.2,,2031-08-16,26-35,2031-08
3516,32,Other,Sports,Cash on Delivery,173.47,13,2.6,,2031-08-17,26-35,2031-08
3517,58,Female,Home & Living,Debit Card,1328.17,1,4.4,,2031-08-18,56+,2031-08
3518,52,Male,Electronics,Cash on Delivery,879.03,8,3.5,,2031-08-19,46-55,2031-08
3519,46,Female,Electronics,Cash on Delivery,219.96,11,4.7,,2031-08-20,46-55,2031-08
3520,66,Male,Sports,Wallet,310.56,6,3.0,,2031-08-21,56+,2031-08
3521,20,Male,Beauty,UPI,342.54,2,1.7,,2031-08-22,19-25,2031-08
3522,44,Male,Electronics,Debit Card,621.23,8,1.5,,2031-08-23,36-45,2031-08
3523,61,Male,Groceries,Debit Card,1261.19,3,2.6,,2031-08-24,56+,2031-08
3524,67,Female,Sports,Wallet,450.62,9,2.0,,2031-08-25,56+,2031-08
3525,30,Other,Sports,UPI,678.74,1,1.7,,2031-08-26,26-35,2031-08
3526,35,Other,Sports,UPI,1226.5,14,2.9,,2031-08-27,26-35,2031-08
3527,66,Female,Home & Living,UPI,1197.0,4,2.8,,2031-08-28,56+,2031-08
3528,64,Female,Home & Living,Credit Card,1088.85,4,3.8,,2031-08-29,56+,2031-08
3529,59,Female,Electronics,Wallet,391.62,13,4.2,,2031-08-30,56+,2031-08
3530,60,Male,Home & Living,Debit Card,1272.03,3,1.3,,2031-08-31,56+,2031-08
3531,27,Female,Beauty,Cash on Delivery,1162.57,2,3.2,,2031-09-01,26-35,2031-09
3532,21,Male,Home & Living,Debit Card,1181.17,5,2.6,,2031-09-02,19-25,2031-09
3533,34,Other,Electronics,Debit Card,1041.79,14,3.3,,2031-09-03,26-35,2031-09
3534,58,Other,Electronics,Wallet,721.8,10,4.4,,2031-09-04,56+,2031-09
3535,58,Other,Home & Living,Debit Card,114.4,1,1.8,,2031-09-05,56+,2031-09
3536,21,Female,Groceries,Wallet,1195.69,7,1.9,,2031-09-06,19-25,2031-09
3537,22,Female,Sports,Credit Card,1164.3,9,3.9,,2031-09-07,19-25,2031-09
3538,54,Female,Groceries,Debit Card,1199.69,7,1.8,,2031-09-08,46-55,2031-09
3539,63,Male,Fashion,Cash on Delivery,1166.93,11,1.5,,2031-09-09,56+,2031-09
3540,50,Other,Fashion,UPI,1462.19,3,3.4,,2031-09-10,46-55,2031-09
3541,56,Other,Fashion,Wallet,761.35,6,4.3,,2031-09-11,56+,2031-09
3542,58,Other,Beauty,Debit Card,1077.32,4,3.6,,2031-09-12,56+,2031-09
3543,18,Male,Beauty,Cash on Delivery,1292.29,9,3.6,,2031-09-13,0-18,2031-09
3544,59,Other,Beauty,Debit Card,503.41,2,4.8,,2031-09-14,56+,2031-09
3545,61,Male,Sports,Wallet,1162.01,6,4.3,,2031-09-15,56+,2031-09
3546,50,Male,Beauty,Wallet,1449.51,9,1.4,,2031-09-16,46-55,2031-09
3547,61,Male,Fashion,UPI,474.11,14,1.2,,2031-09-17,56+,2031-09
3548,57,Female,Sports,Cash on Delivery,1214.22,2,1.6,,2031-09-18,56+,2031-09
3549,60,Male,Home & Living,UPI,171.66,13,1.4,,2031-09-19,56+,2031-09
3550,32,Other,Electronics,UPI,185.61,2,2.5,,2031-09-20,26-35,2031-09
3551,49,Male,Beauty,Wallet,641.52,9,4.1,,2031-09-21,46-55,2031-09
3552,37,Female,Groceries,Debit Card,1026.31,14,2.8,,2031-09-22,36-45,2031-09
3553,64,Male,Beauty,Credit Card,132.32,10,3.8,,2031-09-23,56+,2031-09
3554,40,Male,Electronics,Credit Card,648.13,7,3.5,,2031-09-24,36-45,2031-09
3555,19,Other,Electronics,Debit Card,1032.14,11,3.2,,2031-09-25,19-25,2031-09
3556,31,Other,Sports,Cash on Delivery,402.96,6,2.2,,2031-09-26,26-35,2031-09
3557,47,Other,Fashion,UPI,279.27,10,5.0,,2031-09-27,46-55,2031-09
3558,42,Other,Electronics,UPI,745.14,9,4.1,,2031-09-28,36-45,2031-09
3559,69,Female,Home & Living,Wallet,824.6,3,4.0,,2031-09-29,56+,2031-09
3560,24,Male,Groceries,Wallet,46.3,11,1.0,,2031-09-30,19-25,2031-09
3561,43,Male,Home & Living,Cash on Delivery,239.75,9,4.3,,2031-10-01,36-45,2031-10
3562,37,Female,Beauty,Debit Card,1489.31,6,4.5,,2031-10-02,36-45,2031-10
3563,33,Female,Sports,Cash on Delivery,1237.45,2,3.0,,2031-10-03,26-35,2031-10
3564,58,Female,Groceries,Debit Card,488.07,13,2.5,,2031-10-04,56+,2031-10
3565,58,Other,Beauty,Credit Card,718.03,13,2.2,,2031-10-05,56+,2031-10
3566,28,Male,Fashion,Wallet,251.61,10,2.0,,2031-10-06,26-35,2031-10
3567,61,Female,Fashion,Debit Card,1415.79,4,2.4,,2031-10-07,56+,2031-10
3568,40,Female,Groceries,Credit Card,1156.2,4,2.3,,2031-10-08,36-45,2031-10
3569,44,Other,Groceries,UPI,1149.59,14,1.2,,2031-10-09,36-45,2031-10
3570,52,Male,Groceries,Cash on Delivery,127.15,8,2.4,,2031-10-10,46-55,2031-10
3571,68,Female,Sports,Cash on Delivery,325.37,2,4.6,,2031-10-11,56+,2031-10
3572,62,Male,Electronics,Credit Card,249.72,7,1.9,,2031-10-12,56+,2031-10
3573,55,Male,Groceries,Wallet,885.12,13,2.3,,2031-10-13,46-55,2031-10
3574,30,Female,Home & Living,Cash on Delivery,30.93,9,3.9,,2031-10-14,26-35,2031-10
3575,55,Other,Electronics,Debit Card,909.85,9,3.5,,2031-10-15,46-55,2031-10
3576,44,Female,Electronics,Cash on Delivery,1350.55,11,3.6,,2031-10-16,36-45,2031-10
3577,45,Other,Sports,Debit Card,1044.24,3,2.7,,2031-10-17,36-45,2031-10
3578,68,Other,Sports,Debit Card,176.39,9,2.1,,2031-10-18,56+,2031-10
3579,66,Female,Groceries,Wallet,994.63,2,4.1,,2031-10-19,56+,2031-10
3580,43,Other,Sports,Credit Card,338.7,13,2.0,,2031-10-20,36-45,2031-10
3581,43,Male,Electronics,Credit Card,1284.61,2,3.0,,2031-10-21,36-45,2031-10
3582,52,Female,Home & Living,Wallet,748.17,9,4.4,,2031-10-22,46-55,2031-10
3583,34,Male,Beauty,Credit Card,378.0,10,2.6,,2031-10-23,26-35,2031-10
3584,46,Female,Groceries,Wallet,1143.88,2,3.7,,2031-10-24,46-55,2031-10
3585,39,Male,Electronics,Debit Card,389.66,7,3.1,,2031-10-25,36-45,2031-10
3586,62,Male,Beauty,UPI,108.18,3,1.1,,2031-10-26,56+,2031-10
3587,35,Female,Beauty,Credit Card,1081.29,3,2.3,,2031-10-27,26-35,2031-10
3588,20,Female,Beauty,UPI,590.08,1,1.7,,2031-10-28,19-25,2031-10
3589,49,Male,Home & Living,Debit Card,1375.69,12,2.9,,2031-10-29,46-55,2031-10
3590,23,Male,Groceries,UPI,815.75,7,3.0,,2031-10-30,19-25,2031-10
3591,24,Male,Groceries,UPI,902.79,14,2.8,,2031-10-31,19-25,2031-10
3592,63,Other,Fashion,Cash on Delivery,1395.01,5,1.8,,2031-11-01,56+,2031-11
3593,45,Other,Fashion,Debit Card,760.58,6,2.5,,2031-11-02,36-45,2031-11
3594,22,Other,Beauty,Wallet,431.42,4,1.6,,2031-11-03,19-25,2031-11
3595,20,Other,Electronics,Wallet,609.37,3,1.2,,2031-11-04,19-25,2031-11
3596,38,Other,Sports,Credit Card,65.4,3,4.9,,2031-11-05,36-45,2031-11
3597,20,Male,Groceries,Cash on Delivery,193.0,6,4.5,,2031-11-06,19-25,2031-11
3598,69,Male,Beauty,UPI,330.85,13,3.6,,2031-11-07,56+,2031-11
3599,27,Other,Beauty,Debit Card,124.22,5,4.1,,2031-11-08,26-35,2031-11
3600,46,Male,Fashion,UPI,226.56,8,3.3,,2031-11-09,46-55,2031-11
3601,61,Other,Home & Living,Cash on Delivery,327.9,14,3.4,,2031-11-10,56+,2031-11
3602,59,Male,Sports,Debit Card,337.68,13,4.9,,2031-11-11,56+,2031-11
3603,59,Female,Beauty,Wallet,963.89,14,3.2,,2031-11-12,56+,2031-11
3604,38,Other,Sports,Credit Card,512.03,3,1.1,,2031-11-13,36-45,2031-11
3605,50,Other,Beauty,Cash on Delivery,347.11,9,3.3,,2031-11-14,46-55,2031-11
3606,47,Male,Home & Living,Cash on Delivery,490.74,3,4.7,,2031-11-15,46-55,2031-11
3607,63,Female,Electronics,Wallet,1445.3,12,3.7,,2031-11-16,56+,2031-11
3608,42,Male,Groceries,Cash on Delivery,333.5,5,1.6,,2031-11-17,36-45,2031-11
3609,64,Male,Electronics,Credit Card,1159.41,14,3.7,,2031-11-18,56+,2031-11
3610,29,Other,Groceries,Credit Card,1007.14,7,3.2,,2031-11-19,26-35,2031-11
3611,69,Female,Fashion,Wallet,536.12,12,1.6,,2031-11-20,56+,2031-11
3612,25,Female,Electronics,UPI,1297.83,7,1.4,,2031-11-21,19-25,2031-11
3613,40,Other,Beauty,Debit Card,399.53,3,4.4,,2031-11-22,36-45,2031-11
3614,40,Female,Groceries,Cash on Delivery,1332.74,6,4.1,,2031-11-23,36-45,2031-11
3615,40,Male,Fashion,UPI,804.54,10,3.4,,2031-11-24,36-45,2031-11
3616,50,Female,Sports,UPI,932.4,13,1.6,,2031-11-25,46-55,2031-11
3617,68,Other,Home & Living,Cash on Delivery,1081.88,12,3.5,,2031-11-26,56+,2031-11
3618,68,Male,Groceries,Wallet,1346.28,12,4.0,,2031-11-27,56+,2031-11
3619,33,Male,Beauty,Wallet,277.21,2,4.7,,2031-11-28,26-35,2031-11
3620,57,Male,Groceries,UPI,173.37,11,4.7,,2031-11-29,56+,2031-11
3621,69,Male,Sports,Wallet,730.0,14,3.4,,2031-11-30,56+,2031-11
3622,35,Male,Fashion,UPI,720.8,3,4.9,,2031-12-01,26-35,2031-12
3623,36,Other,Sports,Cash on Delivery,1073.53,13,3.1,,2031-12-02,36-45,2031-12
3624,18,Female,Groceries,UPI,1429.31,10,3.2,,2031-12-03,0-18,2031-12
3625,20,Male,Fashion,Debit Card,1105.51,8,1.4,,2031-12-04,19-25,2031-12
3626,38,Other,Sports,Wallet,1372.76,3,4.6,,2031-12-05,36-45,2031-12
3627,33,Other,Groceries,UPI,475.23,5,2.0,,2031-12-06,26-35,2031-12
3628,54,Female,Fashion,Debit Card,1231.07,12,4.6,,2031-12-07,46-55,2031-12
3629,28,Male,Groceries,Debit Card,588.05,6,2.7,,2031-12-08,26-35,2031-12
3630,32,Male,Groceries,Cash on Delivery,685.36,10,1.2,,2031-12-09,26-35,2031-12
3631,52,Female,Home & Living,Cash on Delivery,80.68,9,4.9,,2031-12-10,46-55,2031-12
3632,64,Other,Fashion,UPI,248.93,13,3.3,,2031-12-11,56+,2031-12
3633,53,Male,Fashion,Cash on Delivery,1481.54,5,2.6,,2031-12-12,46-55,2031-12
3634,48,Male,Groceries,Credit Card,1229.39,14,2.1,,2031-12-13,46-55,2031-12
3635,43,Female,Home & Living,Wallet,290.81,8,2.0,,2031-12-14,36-45,2031-12
3636,67,Male,Electronics,Cash on Delivery,828.61,1,3.6,,2031-12-15,56+,2031-12
3637,59,Other,Beauty,Credit Card,89.06,6,1.4,,2031-12-16,56+,2031-12
3638,33,Female,Sports,Debit Card,404.74,6,3.1,,2031-12-17,26-35,2031-12
3639,23,Male,Electronics,Debit Card,327.84,8,4.4,,2031-12-18,19-25,2031-12
3640,36,Other,Home & Living,UPI,1274.78,2,4.8,,2031-12-19,36-45,2031-12
3641,55,Male,Beauty,Credit Card,1046.4,3,4.3,,2031-12-20,46-55,2031-12
3642,31,Female,Electronics,Wallet,800.88,7,1.5,,2031-12-21,26-35,2031-12
3643,25,Male,Sports,UPI,474.16,6,3.1,,2031-12-22,19-25,2031-12
3644,48,Female,Sports,Debit Card,1244.0,5,3.8,,2031-12-23,46-55,2031-12
3645,68,Other,Beauty,Cash on Delivery,177.94,13,4.5,,2031-12-24,56+,2031-12
3646,43,Male,Beauty,Debit Card,16.28,1,4.6,,2031-12-25,36-45,2031-12
3647,21,Other,Sports,Debit Card,1055.26,3,5.0,,2031-12-26,19-25,2031-12
3648,28,Male,Fashion,Cash on Delivery,1446.44,14,3.3,,2031-12-27,26-35,2031-12
3649,34,Other,Home & Living,UPI,969.03,4,1.7,,2031-12-28,26-35,2031-12
3650,23,Other,Electronics,Debit Card,1343.8,8,2.4,,2031-12-29,19-25,2031-12
3651,27,Female,Groceries,Debit Card,1165.89,5,1.9,,2031-12-30,26-35,2031-12
3652,36,Female,Electronics,Cash on Delivery,1360.39,14,2.9,,2031-12-31,36-45,2031-12
3653,69,Male,Sports,Debit Card,1229.56,8,4.1,,2032-01-01,56+,2032-01
3654,46,Female,Home & Living,Credit Card,340.47,6,3.2,,2032-01-02,46-55,2032-01
3655,62,Male,Fashion,Cash on Delivery,344.08,10,4.8,,2032-01-03,56+,2032-01
3656,55,Female,Groceries,Credit Card,1180.0,11,2.6,,2032-01-04,46-55,2032-01
3657,58,Male,Groceries,Cash on Delivery,76.89,4,2.9,,2032-01-05,56+,2032-01
3658,51,Other,Beauty,UPI,432.69,1,2.9,,2032-01-06,46-55,2032-01
3659,54,Male,Groceries,Debit Card,684.18,5,4.3,,2032-01-07,46-55,2032-01
3660,22,Male,Home & Living,UPI,1492.98,4,2.7,,2032-01-08,19-25,2032-01
3661,60,Other,Beauty,Debit Card,1096.39,2,1.9,,2032-01-09,56+,2032-01
3662,64,Female,Beauty,UPI,1168.11,7,4.4,,2032-01-10,56+,2032-01
3663,61,Male,Sports,Cash on Delivery,861.09,13,1.0,,2032-01-11,56+,2032-01
3664,20,Male,Home & Living,Debit Card,324.13,8,4.0,,2032-01-12,19-25,2032-01
3665,56,Female,Electronics,Credit Card,350.43,6,1.9,,2032-01-13,56+,2032-01
3666,28,Other,Groceries,Debit Card,149.99,1,2.5,,2032-01-14,26-35,2032-01
3667,43,Female,Fashion,Credit Card,835.9,3,3.4,,2032-01-15,36-45,2032-01
3668,54,Male,Home & Living,UPI,603.83,10,3.8,,2032-01-16,46-55,2032-01
3669,35,Other,Electronics,Wallet,1033.29,4,4.4,,2032-01-17,26-35,2032-01
3670,25,Male,Home & Living,UPI,808.63,12,1.7,,2032-01-18,19-25,2032-01
3671,31,Female,Home & Living,Wallet,591.77,5,1.3,,2032-01-19,26-35,2032-01
3672,18,Male,Groceries,Credit Card,928.6,11,4.7,,2032-01-20,0-18,2032-01
3673,37,Male,Groceries,Cash on Delivery,798.88,12,4.6,,2032-01-21,36-45,2032-01
3674,52,Female,Sports,Debit Card,837.92,9,3.7,,2032-01-22,46-55,2032-01
3675,38,Male,Beauty,Cash on Delivery,865.16,4,4.1,,2032-01-23,36-45,2032-01
3676,29,Other,Sports,Wallet,938.62,10,3.5,,2032-01-24,26-35,2032-01
3677,49,Male,Sports,Debit Card,947.51,6,1.7,,2032-01-25,46-55,2032-01
3678,44,Female,Electronics,Debit Card,867.74,11,2.1,,2032-01-26,36-45,2032-01
3679,19,Female,Sports,Debit Card,1137.84,1,4.1,,2032-01-27,19-25,2032-01
3680,45,Other,Beauty,Debit Card,1367.92,14,1.9,,2032-01-28,36-45,2032-01
3681,24,Male,Beauty,UPI,1235.76,13,2.0,,2032-01-29,19-25,2032-01
3682,50,Other,Electronics,Credit Card,264.14,6,3.3,,2032-01-30,46-55,2032-01
3683,39,Male,Sports,UPI,1127.35,2,3.0,,2032-01-31,36-45,2032-01
3684,65,Other,Fashion,Cash on Delivery,965.21,10,2.2,,2032-02-01,56+,2032-02
3685,60,Male,Sports,Credit Card,210.92,13,2.8,,2032-02-02,56+,2032-02
3686,54,Female,Groceries,UPI,616.91,13,4.2,,2032-02-03,46-55,2032-02
3687,25,Female,Electronics,Wallet,1140.09,2,4.3,,2032-02-04,19-25,2032-02
3688,55,Other,Home & Living,Debit Card,24.7,6,2.1,,2032-02-05,46-55,2032-02
3689,57,Male,Fashion,Cash on Delivery,1450.51,10,4.8,,2032-02-06,56+,2032-02
3690,40,Female,Beauty,Credit Card,1295.26,14,4.3,,2032-02-07,36-45,2032-02
3691,66,Male,Home & Living,UPI,611.6,6,2.2,,2032-02-08,56+,2032-02
3692,69,Other,Electronics,Credit Card,207.61,5,2.8,,2032-02-09,56+,2032-02
3693,34,Male,Fashion,Cash on Delivery,184.75,8,1.3,,2032-02-10,26-35,2032-02
3694,30,Other,Fashion,Credit Card,507.4,2,1.1,,2032-02-11,26-35,2032-02
3695,34,Female,Beauty,Debit Card,333.4,9,2.0,,2032-02-12,26-35,2032-02
3696,41,Female,Electronics,UPI,153.59,5,2.7,,2032-02-13,36-45,2032-02
3697,24,Male,Home & Living,Debit Card,1062.59,12,1.1,,2032-02-14,19-25,2032-02
3698,40,Female,Beauty,UPI,1395.65,4,3.0,,2032-02-15,36-45,2032-02
3699,69,Female,Electronics,Cash on Delivery,943.5,11,4.7,,2032-02-16,56+,2032-02
3700,28,Female,Groceries,Wallet,22.67,8,1.8,,2032-02-17,26-35,2032-02
3701,65,Male,Home & Living,Cash on Delivery,1108.57,9,1.5,,2032-02-18,56+,2032-02
3702,55,Female,Electronics,Debit Card,66.92,13,3.4,,2032-02-19,46-55,2032-02
3703,51,Male,Home & Living,UPI,111.37,11,3.6,,2032-02-20,46-55,2032-02
3704,44,Other,Electronics,UPI,885.05,7,1.4,,2032-02-21,36-45,2032-02
3705,57,Male,Electronics,Debit Card,379.54,12,3.0,,2032-02-22,56+,2032-02
3706,62,Other,Electronics,UPI,1469.5,4,1.2,,2032-02-23,56+,2032-02
3707,67,Other,Home & Living,Credit Card,1244.39,3,3.1,,2032-02-24,56+,2032-02
3708,20,Female,Home & Living,Credit Card,991.3,9,4.3,,2032-02-25,19-25,2032-02
3709,69,Male,Electronics,Debit Card,614.79,14,2.1,,2032-02-26,56+,2032-02
3710,47,Male,Beauty,Wallet,1182.71,8,4.1,,2032-02-27,46-55,2032-02
3711,61,Male,Electronics,Wallet,516.55,10,2.4,,2032-02-28,56+,2032-02
3712,25,Male,Fashion,Credit Card,1087.25,10,3.0,,2032-02-29,19-25,2032-02
3713,56,Male,Beauty,Debit Card,531.56,11,1.9,,2032-03-01,56+,2032-03
3714,42,Female,Beauty,Debit Card,612.89,14,4.2,,2032-03-02,36-45,2032-03
3715,62,Other,Beauty,Cash on Delivery,1341.07,2,5.0,,2032-03-03,56+,2032-03
3716,49,Female,Sports,Wallet,83.56,6,3.9,,2032-03-04,46-55,2032-03
3717,21,Male,Sports,Debit Card,66.16,6,3.9,,2032-03-05,19-25,2032-03
3718,69,Female,Sports,Debit Card,1185.2,6,2.3,,2032-03-06,56+,2032-03
3719,61,Female,Fashion,Wallet,472.63,3,3.8,,2032-03-07,56+,2032-03
3720,26,Other,Electronics,Credit Card,1159.24,1,3.9,,2032-03-08,26-35,2032-03
3721,35,Other,Electronics,Credit Card,1063.81,2,2.7,,2032-03-09,26-35,2032-03
3722,27,Female,Home & Living,Wallet,355.87,8,3.4,,2032-03-10,26-35,2032-03
3723,32,Other,Groceries,Credit Card,1356.78,9,3.0,,2032-03-11,26-35,2032-03
3724,62,Male,Sports,Debit Card,467.98,11,4.7,,2032-03-12,56+,2032-03
3725,48,Other,Fashion,Credit Card,427.77,11,2.7,,2032-03-13,46-55,2032-03
3726,54,Male,Groceries,Cash on Delivery,1371.18,5,2.0,,2032-03-14,46-55,2032-03
3727,24,Other,Electronics,Debit Card,1283.08,12,4.4,,2032-03-15,19-25,2032-03
3728,52,Male,Fashion,Cash on Delivery,1035.81,4,4.7,,2032-03-16,46-55,2032-03
3729,54,Female,Groceries,UPI,1191.68,14,1.2,,2032-03-17,46-55,2032-03
3730,56,Male,Home & Living,Wallet,1390.23,4,4.1,,2032-03-18,56+,2032-03
3731,18,Other,Beauty,Wallet,152.85,8,3.9,,2032-03-19,0-18,2032-03
3732,29,Female,Electronics,UPI,75.93,12,3.0,,2032-03-20,26-35,2032-03
3733,37,Female,Sports,Debit Card,23.26,7,1.3,,2032-03-21,36-45,2032-03
3734,36,Male,Home & Living,Wallet,352.28,9,3.4,,2032-03-22,36-45,2032-03
3735,29,Male,Groceries,Debit Card,703.31,5,2.2,,2032-03-23,26-35,2032-03
3736,24,Female,Home & Living,Credit Card,605.61,14,2.7,,2032-03-24,19-25,2032-03
3737,49,Male,Electronics,Debit Card,182.75,11,4.1,,2032-03-25,46-55,2032-03
3738,66,Other,Home & Living,Wallet,1118.16,5,1.7,,2032-03-26,56+,2032-03
3739,67,Female,Fashion,Debit Card,1070.8,3,4.9,,2032-03-27,56+,2032-03
3740,66,Other,Fashion,UPI,434.56,10,2.9,,2032-03-28,56+,2032-03
3741,59,Other,Fashion,Wallet,1435.49,4,4.4,,2032-03-29,56+,2032-03
3742,25,Female,Sports,Debit Card,1122.85,6,2.7,,2032-03-30,19-25,2032-03
3743,60,Male,Beauty,Wallet,1069.45,10,4.0,,2032-03-31,56+,2032-03
3744,26,Female,Beauty,UPI,182.25,1,1.2,,2032-04-01,26-35,2032-04
3745,35,Male,Groceries,Cash on Delivery,437.45,9,2.4,,2032-04-02,26-35,2032-04
3746,59,Female,Beauty,Debit Card,700.91,6,1.4,,2032-04-03,56+,2032-04
3747,59,Male,Fashion,Debit Card,311.56,6,2.9,,2032-04-04,56+,2032-04
3748,49,Male,Electronics,UPI,1164.5,11,4.9,,2032-04-05,46-55,2032-04
3749,34,Female,Sports,Debit Card,1127.98,5,2.1,,2032-04-06,26-35,2032-04
3750,47,Male,Home & Living,Cash on Delivery,926.19,11,3.0,,2032-04-07,46-55,2032-04
3751,59,Other,Groceries,Credit Card,683.86,1,2.7,,2032-04-08,56+,2032-04
3752,32,Other,Beauty,UPI,703.12,10,1.0,,2032-04-09,26-35,2032-04
3753,44,Other,Groceries,Debit Card,1295.98,6,2.4,,2032-04-10,36-45,2032-04
3754,61,Other,Electronics,Credit Card,29.98,8,2.5,,2032-04-11,56+,2032-04
3755,28,Female,Groceries,Credit Card,965.78,4,4.0,,2032-04-12,26-35,2032-04
3756,69,Other,Sports,Wallet,481.18,4,4.3,,2032-04-13,56+,2032-04
3757,56,Female,Fashion,UPI,652.06,13,5.0,,2032-04-14,56+,2032-04
3758,57,Female,Fashion,Credit Card,1362.1,5,3.8,,2032-04-15,56+,2032-04
3759,26,Male,Groceries,Wallet,988.73,7,3.7,,2032-04-16,26-35,2032-04
3760,62,Other,Beauty,UPI,503.27,11,1.9,,2032-04-17,56+,2032-04
3761,65,Male,Sports,Wallet,177.04,5,1.7,,2032-04-18,56+,2032-04
3762,27,Male,Home & Living,UPI,1104.91,8,4.1,,2032-04-19,26-35,2032-04
3763,54,Male,Fashion,Wallet,341.96,8,1.2,,2032-04-20,46-55,2032-04
3764,20,Male,Electronics,Wallet,877.31,9,3.7,,2032-04-21,19-25,2032-04
3765,63,Female,Sports,Credit Card,1447.77,14,2.9,,2032-04-22,56+,2032-04
3766,55,Female,Electronics,Wallet,1084.35,13,1.6,,2032-04-23,46-55,2032-04
3767,61,Other,Sports,UPI,250.74,12,2.7,,2032-04-24,56+,2032-04
3768,56,Male,Beauty,Wallet,970.88,4,2.3,,2032-04-25,56+,2032-04
3769,43,Other,Fashion,Debit Card,1340.63,7,4.7,,2032-04-26,36-45,2032-04
3770,34,Female,Sports,Wallet,785.22,8,3.0,,2032-04-27,26-35,2032-04
3771,31,Male,Sports,Credit Card,1263.67,9,3.2,,2032-04-28,26-35,2032-04
3772,19,Female,Sports,UPI,587.91,3,2.7,,2032-04-29,19-25,2032-04
3773,20,Male,Beauty,Credit Card,1243.62,9,4.2,,2032-04-30,19-25,2032-04
3774,45,Female,Electronics,UPI,312.55,2,2.5,,2032-05-01,36-45,2032-05
3775,59,Male,Groceries,UPI,30.2,7,1.7,,2032-05-02,56+,2032-05
3776,64,Male,Fashion,UPI,1424.55,4,2.8,,2032-05-03,56+,2032-05
3777,58,Male,Beauty,Wallet,255.96,7,2.3,,2032-05-04,56+,2032-05
3778,26,Female,Electronics,Wallet,602.14,1,2.5,,2032-05-05,26-35,2032-05
3779,51,Male,Home & Living,Debit Card,1399.75,8,3.6,,2032-05-06,46-55,2032-05
3780,24,Male,Electronics,UPI,1027.89,1,4.0,,2032-05-07,19-25,2032-05
3781,27,Female,Home & Living,Credit Card,260.84,12,1.6,,2032-05-08,26-35,2032-05
3782,21,Other,Fashion,Credit Card,955.99,9,3.5,,2032-05-09,19-25,2032-05
3783,29,Female,Home & Living,Credit Card,151.73,11,3.3,,2032-05-10,26-35,2032-05
3784,47,Other,Electronics,Wallet,54.21,6,3.6,,2032-05-11,46-55,2032-05
3785,52,Other,Sports,Wallet,1312.0,12,2.7,,2032-05-12,46-55,2032-05
3786,35,Female,Home & Living,Debit Card,423.93,4,2.0,,2032-05-13,26-35,2032-05
3787,43,Other,Home & Living,Debit Card,785.48,13,4.9,,2032-05-14,36-45,2032-05
3788,19,Male,Groceries,Cash on Delivery,321.38,12,3.3,,2032-05-15,19-25,2032-05
3789,24,Female,Groceries,Wallet,923.48,9,3.9,,2032-05-16,19-25,2032-05
3790,63,Other,Electronics,UPI,979.93,5,1.4,,2032-05-17,56+,2032-05
3791,18,Other,Home & Living,Wallet,779.96,3,2.9,,2032-05-18,0-18,2032-05
3792,58,Other,Beauty,UPI,111.13,11,4.4,,2032-05-19,56+,2032-05
3793,35,Male,Sports,Wallet,82.81,2,4.6,,2032-05-20,26-35,2032-05
3794,47,Male,Fashion,Cash on Delivery,923.43,14,3.1,,2032-05-21,46-55,2032-05
3795,34,Female,Home & Living,UPI,369.1,5,1.5,,2032-05-22,26-35,2032-05
3796,53,Female,Groceries,Credit Card,1243.35,4,4.9,,2032-05-23,46-55,2032-05
3797,28,Other,Home & Living,Cash on Delivery,448.88,5,4.2,,2032-05-24,26-35,2032-05
3798,66,Male,Fashion,Debit Card,956.77,5,4.6,,2032-05-25,56+,2032-05
3799,52,Female,Sports,UPI,1189.02,10,2.8,,2032-05-26,46-55,2032-05
3800,39,Male,Sports,Wallet,372.15,14,4.0,,2032-05-27,36-45,2032-05
3801,33,Other,Fashion,Cash on Delivery,856.95,1,4.2,,2032-05-28,26-35,2032-05
3802,64,Male,Electronics,Debit Card,945.35,13,3.5,,2032-05-29,56+,2032-05
3803,36,Female,Sports,Wallet,873.05,9,1.7,,2032-05-30,36-45,2032-05
3804,29,Male,Electronics,Wallet,510.03,14,4.6,,2032-05-31,26-35,2032-05
3805,39,Other,Beauty,UPI,1423.49,13,3.0,,2032-06-01,36-45,2032-06
3806,35,Other,Sports,UPI,664.55,12,3.8,,2032-06-02,26-35,2032-06
3807,49,Other,Beauty,Credit Card,141.9,11,2.9,,2032-06-03,46-55,2032-06
3808,35,Male,Fashion,Cash on Delivery,475.16,14,2.0,,2032-06-04,26-35,2032-06
3809,25,Male,Beauty,Wallet,940.16,10,4.9,,2032-06-05,19-25,2032-06
3810,22,Female,Fashion,Cash on Delivery,606.34,5,4.4,,2032-06-06,19-25,2032-06
3811,41,Other,Home & Living,Credit Card,865.41,10,2.3,,2032-06-07,36-45,2032-06
3812,55,Male,Groceries,Cash on Delivery,1308.9,8,4.6,,2032-06-08,46-55,2032-06
3813,29,Other,Home & Living,Credit Card,786.78,10,3.0,,2032-06-09,26-35,2032-06
3814,58,Male,Electronics,Credit Card,1480.86,6,2.3,,2032-06-10,56+,2032-06
3815,43,Female,Fashion,Debit Card,1440.85,1,1.8,,2032-06-11,36-45,2032-06
3816,32,Female,Groceries,Cash on Delivery,1196.12,1,3.2,,2032-06-12,26-35,2032-06
3817,65,Other,Electronics,Wallet,948.39,8,4.7,,2032-06-13,56+,2032-06
3818,42,Male,Electronics,Credit Card,243.38,11,1.7,,2032-06-14,36-45,2032-06
3819,35,Male,Groceries,UPI,1141.57,1,4.2,,2032-06-15,26-35,2032-06
3820,53,Female,Home & Living,UPI,242.88,6,4.8,,2032-06-16,46-55,2032-06
3821,33,Male,Electronics,UPI,1051.51,8,2.5,,2032-06-17,26-35,2032-06
3822,29,Other,Fashion,Debit Card,1471.17,11,3.8,,2032-06-18,26-35,2032-06
3823,58,Female,Groceries,Debit Card,240.07,6,2.9,,2032-06-19,56+,2032-06
3824,20,Male,Sports,UPI,64.18,12,1.4,,2032-06-20,19-25,2032-06
3825,53,Male,Fashion,Credit Card,351.6,12,4.9,,2032-06-21,46-55,2032-06
3826,69,Male,Groceries,Wallet,1124.14,12,1.0,,2032-06-22,56+,2032-06
3827,65,Female,Sports,Credit Card,1183.32,11,2.7,,2032-06-23,56+,2032-06
3828,22,Other,Groceries,Debit Card,547.87,3,3.2,,2032-06-24,19-25,2032-06
3829,58,Male,Home & Living,Cash on Delivery,112.05,1,3.3,,2032-06-25,56+,2032-06
3830,43,Male,Sports,Wallet,309.95,1,2.5,,2032-06-26,36-45,2032-06
3831,58,Other,Beauty,Debit Card,36.63,9,1.6,,2032-06-27,56+,2032-06
3832,45,Male,Beauty,Cash on Delivery,235.38,6,1.5,,2032-06-28,36-45,2032-06
3833,41,Male,Beauty,Cash on Delivery,761.79,13,3.8,,2032-06-29,36-45,2032-06
3834,28,Other,Home & Living,Wallet,406.18,11,2.9,,2032-06-30,26-35,2032-06
3835,69,Female,Home & Living,UPI,258.96,6,3.6,,2032-07-01,56+,2032-07
3836,38,Male,Home & Living,Credit Card,836.81,12,1.7,,2032-07-02,36-45,2032-07
3837,28,Female,Fashion,UPI,940.62,12,4.4,,2032-07-03,26-35,2032-07
3838,61,Male,Fashion,UPI,1170.05,11,3.4,,2032-07-04,56+,2032-07
3839,26,Other,Beauty,Wallet,76.3,9,4.7,,2032-07-05,26-35,2032-07
3840,25,Other,Beauty,Cash on Delivery,1481.95,1,1.5,,2032-07-06,19-25,2032-07
3841,39,Female,Fashion,Wallet,907.72,8,4.8,,2032-07-07,36-45,2032-07
3842,40,Female,Electronics,Wallet,923.89,1,3.5,,2032-07-08,36-45,2032-07
3843,42,Female,Beauty,Wallet,432.71,11,1.8,,2032-07-09,36-45,2032-07
3844,50,Female,Beauty,Credit Card,1018.85,12,4.4,,2032-07-10,46-55,2032-07
3845,19,Other,Sports,Wallet,85.29,2,3.7,,2032-07-11,19-25,2032-07
3846,30,Female,Sports,UPI,1171.69,5,2.4,,2032-07-12,26-35,2032-07
3847,34,Male,Sports,Cash on Delivery,555.63,14,1.9,,2032-07-13,26-35,2032-07
3848,30,Other,Home & Living,UPI,1121.53,5,3.0,,2032-07-14,26-35,2032-07
3849,21,Male,Sports,Debit Card,80.66,12,4.8,,2032-07-15,19-25,2032-07
3850,34,Female,Groceries,Debit Card,1308.13,1,2.2,,2032-07-16,26-35,2032-07
3851,19,Male,Electronics,Debit Card,616.92,7,1.7,,2032-07-17,19-25,2032-07
3852,49,Male,Groceries,Wallet,1092.5,2,2.0,,2032-07-18,46-55,2032-07
3853,21,Female,Electronics,Wallet,54.95,14,4.5,,2032-07-19,19-25,2032-07
3854,61,Female,Groceries,UPI,247.65,12,1.8,,2032-07-20,56+,2032-07
3855,47,Male,Fashion,Debit Card,880.46,8,2.0,,2032-07-21,46-55,2032-07
3856,19,Other,Home & Living,UPI,1466.99,2,2.9,,2032-07-22,19-25,2032-07
3857,67,Male,Fashion,Credit Card,20.04,1,3.3,,2032-07-23,56+,2032-07
3858,57,Other,Home & Living,Credit Card,1410.67,3,3.6,,2032-07-24,56+,2032-07
3859,57,Other,Home & Living,Debit Card,1104.51,14,1.0,,2032-07-25,56+,2032-07
3860,43,Other,Home & Living,Debit Card,1130.71,5,2.6,,2032-07-26,36-45,2032-07
3861,25,Male,Groceries,Cash on Delivery,970.47,14,1.7,,2032-07-27,19-25,2032-07
3862,63,Other,Home & Living,UPI,19.91,7,4.3,,2032-07-28,56+,2032-07
3863,31,Other,Electronics,Credit Card,125.69,3,3.8,,2032-07-29,26-35,2032-07
3864,19,Female,Fashion,Debit Card,442.61,1,1.2,,2032-07-30,19-25,2032-07
3865,55,Male,Groceries,Cash on Delivery,346.73,5,5.0,,2032-07-31,46-55,2032-07
3866,27,Male,Groceries,Cash on Delivery,310.97,4,2.3,,2032-08-01,26-35,2032-08
3867,23,Other,Home & Living,Credit Card,447.23,5,3.3,,2032-08-02,19-25,2032-08
3868,40,Other,Beauty,Wallet,165.51,12,3.3,,2032-08-03,36-45,2032-08
3869,66,Other,Electronics,UPI,319.78,10,3.0,,2032-08-04,56+,2032-08
3870,65,Male,Home & Living,Wallet,1473.28,13,4.6,,2032-08-05,56+,2032-08
3871,51,Other,Sports,Debit Card,647.62,8,1.6,,2032-08-06,46-55,2032-08
3872,39,Female,Groceries,Wallet,646.11,13,2.2,,2032-08-07,36-45,2032-08
3873,48,Male,Beauty,Credit Card,1197.29,1,1.4,,2032-08-08,46-55,2032-08
3874,48,Male,Home & Living,Credit Card,89.9,4,2.2,,2032-08-09,46-55,2032-08
3875,50,Other,Sports,Cash on Delivery,879.6,1,2.2,,2032-08-10,46-55,2032-08
3876,49,Other,Groceries,Cash on Delivery,970.27,12,2.6,,2032-08-11,46-55,2032-08
3877,31,Other,Home & Living,Debit Card,746.6,6,2.5,,2032-08-12,26-35,2032-08
3878,48,Female,Fashion,Cash on Delivery,239.67,9,1.6,,2032-08-13,46-55,2032-08
3879,45,Female,Home & Living,UPI,853.42,5,4.4,,2032-08-14,36-45,2032-08
3880,47,Female,Groceries,Debit Card,117.06,4,1.1,,2032-08-15,46-55,2032-08
3881,29,Female,Beauty,UPI,895.71,5,4.0,,2032-08-16,26-35,2032-08
3882,34,Male,Electronics,Credit Card,1033.49,13,3.3,,2032-08-17,26-35,2032-08
3883,36,Female,Groceries,Wallet,966.41,13,1.2,,2032-08-18,36-45,2032-08
3884,65,Other,Fashion,Credit Card,1071.25,1,4.1,,2032-08-19,56+,2032-08
3885,23,Male,Home & Living,Cash on Delivery,1412.45,4,3.0,,2032-08-20,19-25,2032-08
3886,51,Male,Fashion,Wallet,467.53,4,1.2,,2032-08-21,46-55,2032-08
3887,55,Male,Fashion,UPI,1386.24,14,3.3,,2032-08-22,46-55,2032-08
3888,19,Male,Beauty,Credit Card,1467.61,3,3.5,,2032-08-23,19-25,2032-08
3889,65,Male,Electronics,Debit Card,887.85,9,1.4,,2032-08-24,56+,2032-08
3890,28,Female,Fashion,Credit Card,1443.4,2,2.1,,2032-08-25,26-35,2032-08
3891,26,Other,Beauty,Credit Card,441.46,9,2.4,,2032-08-26,26-35,2032-08
3892,51,Male,Electronics,Cash on Delivery,173.83,4,4.0,,2032-08-27,46-55,2032-08
3893,37,Male,Electronics,UPI,250.72,2,3.3,,2032-08-28,36-45,2032-08
3894,53,Other,Home & Living,Debit Card,1443.66,1,1.2,,2032-08-29,46-55,2032-08
3895,28,Male,Home & Living,Credit Card,1394.37,14,1.5,,2032-08-30,26-35,2032-08
3896,61,Female,Fashion,Cash on Delivery,254.44,2,2.3,,2032-08-31,56+,2032-08
3897,50,Male,Groceries,UPI,454.41,3,3.6,,2032-09-01,46-55,2032-09
3898,23,Male,Fashion,Wallet,800.1,12,1.7,,2032-09-02,19-25,2032-09
3899,51,Other,Fashion,Wallet,92.77,3,1.3,,2032-09-03,46-55,2032-09
3900,41,Female,Electronics,UPI,635.29,4,3.1,,2032-09-04,36-45,2032-09
3901,34,Female,Fashion,UPI,318.13,7,1.8,,2032-09-05,26-35,2032-09
3902,66,Other,Electronics,UPI,598.77,9,2.1,,2032-09-06,56+,2032-09
3903,44,Female,Groceries,UPI,789.93,8,3.6,,2032-09-07,36-45,2032-09
3904,40,Other,Sports,Debit Card,416.67,5,1.2,,2032-09-08,36-45,2032-09
3905,59,Male,Beauty,Credit Card,1415.86,5,4.4,,2032-09-09,56+,2032-09
3906,54,Other,Home & Living,Wallet,1476.32,3,4.7,,2032-09-10,46-55,2032-09
3907,52,Female,Electronics,Debit Card,720.07,14,3.4,,2032-09-11,46-55,2032-09
3908,18,Male,Beauty,Wallet,128.83,13,3.6,,2032-09-12,0-18,2032-09
3909,20,Male,Sports,Credit Card,440.86,2,2.2,,2032-09-13,19-25,2032-09
3910,49,Female,Sports,UPI,1064.85,10,3.1,,2032-09-14,46-55,2032-09
3911,38,Female,Home & Living,Wallet,1378.2,1,4.2,,2032-09-15,36-45,2032-09
3912,61,Female,Sports,Cash on Delivery,1478.04,12,4.9,,2032-09-16,56+,2032-09
3913,59,Male,Beauty,Credit Card,470.09,13,4.3,,2032-09-17,56+,2032-09
3914,40,Other,Home & Living,Cash on Delivery,720.9,4,3.4,,2032-09-18,36-45,2032-09
3915,69,Female,Home & Living,Wallet,1036.52,2,1.5,,2032-09-19,56+,2032-09
3916,29,Male,Electronics,Cash on Delivery,1344.47,9,3.5,,2032-09-20,26-35,2032-09
3917,41,Female,Groceries,Wallet,653.04,7,2.8,,2032-09-21,36-45,2032-09
3918,54,Other,Home & Living,Debit Card,1436.54,3,4.1,,2032-09-22,46-55,2032-09
3919,23,Female,Sports,Credit Card,753.2,5,2.7,,2032-09-23,19-25,2032-09
3920,58,Other,Electronics,Wallet,972.19,6,1.6,,2032-09-24,56+,2032-09
3921,48,Female,Electronics,Cash on Delivery,799.76,1,1.8,,2032-09-25,46-55,2032-09
3922,62,Other,Home & Living,Cash on Delivery,1313.09,12,2.6,,2032-09-26,56+,2032-09
3923,60,Male,Home & Living,Debit Card,879.88,7,3.4,,2032-09-27,56+,2032-09
3924,50,Female,Sports,Debit Card,1041.12,14,2.0,,2032-09-28,46-55,2032-09
3925,18,Other,Electronics,Cash on Delivery,1065.19,13,5.0,,2032-09-29,0-18,2032-09
3926,52,Female,Groceries,Cash on Delivery,1379.89,8,2.7,,2032-09-30,46-55,2032-09
3927,64,Female,Home & Living,Credit Card,1400.99,2,2.0,,2032-10-01,56+,2032-10
3928,54,Female,Beauty,UPI,162.04,2,4.3,,2032-10-02,46-55,2032-10
3929,59,Other,Electronics,Debit Card,1321.79,10,4.6,,2032-10-03,56+,2032-10
3930,56,Other,Sports,UPI,973.55,2,3.5,,2032-10-04,56+,2032-10
3931,69,Male,Sports,Wallet,669.81,6,4.4,,2032-10-05,56+,2032-10
3932,34,Female,Electronics,Debit Card,621.0,14,2.4,,2032-10-06,26-35,2032-10
3933,44,Female,Fashion,Credit Card,221.75,8,1.5,,2032-10-07,36-45,2032-10
3934,64,Male,Fashion,UPI,768.44,10,2.8,,2032-10-08,56+,2032-10
3935,34,Male,Electronics,Cash on Delivery,86.53,13,4.5,,2032-10-09,26-35,2032-10
3936,25,Male,Beauty,Wallet,1394.81,3,4.4,,2032-10-10,19-25,2032-10
3937,56,Other,Groceries,Debit Card,1182.67,7,3.2,,2032-10-11,56+,2032-10
3938,42,Male,Groceries,UPI,873.24,14,3.2,,2032-10-12,36-45,2032-10
3939,44,Male,Electronics,Debit Card,282.15,4,2.7,,2032-10-13,36-45,2032-10
3940,23,Other,Sports,Debit Card,484.23,13,3.9,,2032-10-14,19-25,2032-10
3941,69,Female,Electronics,Cash on Delivery,977.08,13,3.1,,2032-10-15,56+,2032-10
3942,37,Other,Sports,Wallet,583.71,12,3.3,,2032-10-16,36-45,2032-10
3943,53,Female,Fashion,Cash on Delivery,1412.79,14,2.3,,2032-10-17,46-55,2032-10
3944,57,Other,Sports,Wallet,837.87,11,2.3,,2032-10-18,56+,2032-10
3945,50,Female,Home & Living,UPI,420.69,7,1.5,,2032-10-19,46-55,2032-10
3946,20,Other,Home & Living,Cash on Delivery,348.77,14,3.9,,2032-10-20,19-25,2032-10
3947,29,Other,Electronics,UPI,1022.12,6,1.2,,2032-10-21,26-35,2032-10
3948,52,Female,Sports,Wallet,622.99,1,2.2,,2032-10-22,46-55,2032-10
3949,59,Male,Sports,Cash on Delivery,635.49,12,3.1,,2032-10-23,56+,2032-10
3950,41,Female,Fashion,UPI,909.44,14,3.6,,2032-10-24,36-45,2032-10
3951,45,Female,Electronics,UPI,450.51,13,1.8,,2032-10-25,36-45,2032-10
3952,61,Female,Fashion,Debit Card,89.6,6,3.1,,2032-10-26,56+,2032-10
3953,22,Male,Beauty,Credit Card,866.63,3,2.4,,2032-10-27,19-25,2032-10
3954,22,Other,Home & Living,Wallet,471.58,9,1.5,,2032-10-28,19-25,2032-10
3955,44,Male,Groceries,Credit Card,729.36,7,3.0,,2032-10-29,36-45,2032-10
3956,39,Other,Beauty,Wallet,1032.06,1,1.7,,2032-10-30,36-45,2032-10
3957,41,Male,Fashion,Credit Card,1057.35,4,3.8,,2032-10-31,36-45,2032-10
3958,27,Male,Home & Living,Debit Card,279.51,13,1.6,,2032-11-01,26-35,2032-11
3959,23,Male,Home & Living,Cash on Delivery,196.8,7,4.8,,2032-11-02,19-25,2032-11
3960,36,Female,Sports,Wallet,461.02,3,1.8,,2032-11-03,36-45,2032-11
3961,50,Male,Sports,Cash on Delivery,1488.23,2,4.0,,2032-11-04,46-55,2032-11
3962,47,Male,Groceries,Wallet,1241.05,5,3.1,,2032-11-05,46-55,2032-11
3963,48,Male,Beauty,Debit Card,972.01,7,1.7,,2032-11-06,46-55,2032-11
3964,32,Other,Beauty,Debit Card,1044.15,10,4.4,,2032-11-07,26-35,2032-11
3965,68,Male,Electronics,UPI,346.35,14,2.8,,2032-11-08,56+,2032-11
3966,27,Female,Beauty,Cash on Delivery,721.35,9,1.8,,2032-11-09,26-35,2032-11
3967,37,Male,Sports,Debit Card,885.36,3,2.0,,2032-11-10,36-45,2032-11
3968,36,Other,Sports,Wallet,574.38,12,3.4,,2032-11-11,36-45,2032-11
3969,31,Other,Home & Living,Cash on Delivery,985.23,10,2.1,,2032-11-12,26-35,2032-11
3970,34,Female,Groceries,Wallet,170.35,12,4.7,,2032-11-13,26-35,2032-11
3971,27,Other,Groceries,Cash on Delivery,1441.05,2,1.9,,2032-11-14,26-35,2032-11
3972,40,Other,Beauty,Wallet,861.82,11,4.8,,2032-11-15,36-45,2032-11
3973,34,Female,Beauty,Debit Card,913.1,9,1.2,,2032-11-16,26-35,2032-11
3974,59,Male,Fashion,Debit Card,553.53,6,1.2,,2032-11-17,56+,2032-11
3975,47,Other,Electronics,UPI,1063.31,13,1.9,,2032-11-18,46-55,2032-11
3976,20,Male,Sports,Debit Card,1219.54,3,3.8,,2032-11-19,19-25,2032-11
3977,34,Other,Sports,Debit Card,533.84,14,1.5,,2032-11-20,26-35,2032-11
3978,64,Female,Electronics,Credit Card,201.38,2,2.7,,2032-11-21,56+,2032-11
3979,20,Other,Groceries,Debit Card,1007.51,5,3.2,,2032-11-22,19-25,2032-11
3980,50,Male,Electronics,Credit Card,1242.34,10,4.9,,2032-11-23,46-55,2032-11
3981,66,Female,Home & Living,Wallet,140.02,6,3.4,,2032-11-24,56+,2032-11
3982,29,Male,Fashion,Wallet,162.72,2,4.4,,2032-11-25,26-35,2032-11
3983,19,Male,Groceries,Credit Card,1216.03,10,1.9,,2032-11-26,19-25,2032-11
3984,32,Female,Sports,Credit Card,858.13,8,2.6,,2032-11-27,26-35,2032-11
3985,21,Other,Fashion,Debit Card,152.64,3,4.5,,2032-11-28,19-25,2032-11
3986,64,Other,Beauty,Debit Card,953.47,12,3.2,,2032-11-29,56+,2032-11
3987,23,Male,Beauty,Wallet,936.08,1,4.1,,2032-11-30,19-25,2032-11
3988,48,Other,Fashion,Wallet,1228.33,9,1.6,,2032-12-01,46-55,2032-12
3989,48,Other,Groceries,Credit Card,239.04,11,3.1,,2032-12-02,46-55,2032-12
3990,68,Male,Sports,UPI,667.92,13,3.0,,2032-12-03,56+,2032-12
3991,65,Female,Beauty,Wallet,731.75,6,2.2,,2032-12-04,56+,2032-12
3992,35,Female,Sports,Cash on Delivery,25.18,11,3.9,,2032-12-05,26-35,2032-12
3993,27,Male,Sports,Credit Card,1109.85,5,3.3,,2032-12-06,26-35,2032-12
3994,31,Female,Home & Living,UPI,813.31,4,2.4,,2032-12-07,26-35,2032-12
3995,32,Other,Groceries,Cash on Delivery,288.04,13,3.5,,2032-12-08,26-35,2032-12
3996,26,Other,Fashion,Credit Card,798.69,6,2.9,,2032-12-09,26-35,2032-12
3997,24,Female,Sports,Cash on Delivery,412.27,6,1.6,,2032-12-10,19-25,2032-12
3998,34,Other,Electronics,Wallet,555.2,13,2.9,,2032-12-11,26-35,2032-12
3999,24,Female,Groceries,Credit Card,1073.07,2,2.0,,2032-12-12,19-25,2032-12
4000,42,Other,Beauty,Cash on Delivery,1345.95,3,4.1,,2032-12-13,36-45,2032-12
4001,58,Female,Beauty,Debit Card,300.4,3,3.1,,2032-12-14,56+,2032-12
4002,30,Other,Home & Living,Credit Card,327.0,11,3.2,,2032-12-15,26-35,2032-12
4003,65,Other,Beauty,UPI,1127.85,5,1.5,,2032-12-16,56+,2032-12
4004,51,Female,Sports,Credit Card,1161.72,14,2.8,,2032-12-17,46-55,2032-12
4005,67,Other,Fashion,Credit Card,849.28,10,3.3,,2032-12-18,56+,2032-12
4006,62,Female,Groceries,Cash on Delivery,657.46,7,3.9,,2032-12-19,56+,2032-12
4007,53,Other,Beauty,Wallet,125.38,5,1.8,,2032-12-20,46-55,2032-12
4008,64,Other,Electronics,Debit Card,263.27,1,2.7,,2032-12-21,56+,2032-12
4009,31,Male,Home & Living,UPI,327.66,5,3.5,,2032-12-22,26-35,2032-12
4010,52,Female,Sports,Credit Card,11.38,10,1.3,,2032-12-23,46-55,2032-12
4011,44,Male,Groceries,Debit Card,1152.8,9,4.6,,2032-12-24,36-45,2032-12
4012,32,Male,Groceries,Credit Card,1026.29,5,4.8,,2032-12-25,26-35,2032-12
4013,33,Male,Beauty,Cash on Delivery,1383.01,11,4.3,,2032-12-26,26-35,2032-12
4014,23,Female,Fashion,Credit Card,1315.67,8,1.7,,2032-12-27,19-25,2032-12
4015,29,Male,Fashion,Wallet,1220.96,14,2.3,,2032-12-28,26-35,2032-12
4016,20,Male,Groceries,Credit Card,1213.39,3,2.5,,2032-12-29,19-25,2032-12
4017,20,Other,Sports,Cash on Delivery,482.35,11,4.2,,2032-12-30,19-25,2032-12
4018,41,Male,Electronics,Cash on Delivery,268.58,4,3.0,,2032-12-31,36-45,2032-12
4019,61,Other,Fashion,Debit Card,1264.97,11,4.7,,2033-01-01,56+,2033-01
4020,37,Other,Fashion,Debit Card,1243.06,7,4.7,,2033-01-02,36-45,2033-01
4021,54,Male,Electronics,Wallet,85.05,11,3.5,,2033-01-03,46-55,2033-01
4022,65,Other,Electronics,Credit Card,897.88,12,1.7,,2033-01-04,56+,2033-01
4023,68,Other,Beauty,Cash on Delivery,935.86,4,2.8,,2033-01-05,56+,2033-01
4024,63,Other,Groceries,Cash on Delivery,744.92,12,2.4,,2033-01-06,56+,2033-01
4025,26,Other,Fashion,Debit Card,1424.06,8,2.4,,2033-01-07,26-35,2033-01
4026,28,Other,Fashion,Wallet,902.84,13,4.8,,2033-01-08,26-35,2033-01
4027,18,Other,Electronics,Wallet,885.1,11,4.0,,2033-01-09,0-18,2033-01
4028,60,Male,Home & Living,Credit Card,258.97,7,3.3,,2033-01-10,56+,2033-01
4029,39,Other,Beauty,UPI,1116.49,6,4.8,,2033-01-11,36-45,2033-01
4030,51,Other,Electronics,Debit Card,1183.59,2,1.2,,2033-01-12,46-55,2033-01
4031,50,Male,Fashion,Debit Card,467.39,1,2.3,,2033-01-13,46-55,2033-01
4032,40,Female,Home & Living,Cash on Delivery,1433.51,7,4.8,,2033-01-14,36-45,2033-01
4033,63,Other,Sports,Debit Card,1111.43,6,2.7,,2033-01-15,56+,2033-01
4034,30,Female,Beauty,UPI,752.75,5,2.6,,2033-01-16,26-35,2033-01
4035,42,Female,Electronics,Credit Card,1051.06,9,2.6,,2033-01-17,36-45,2033-01
4036,57,Female,Fashion,Wallet,762.87,3,3.8,,2033-01-18,56+,2033-01
4037,44,Other,Home & Living,Credit Card,1101.42,13,4.4,,2033-01-19,36-45,2033-01
4038,61,Female,Home & Living,Credit Card,1222.68,8,4.4,,2033-01-20,56+,2033-01
4039,58,Other,Groceries,Debit Card,777.84,9,1.4,,2033-01-21,56+,2033-01
4040,43,Male,Electronics,Credit Card,1075.11,9,1.4,,2033-01-22,36-45,2033-01
4041,29,Other,Fashion,UPI,47.47,8,1.7,,2033-01-23,26-35,2033-01
4042,58,Other,Electronics,Cash on Delivery,32.54,11,3.5,,2033-01-24,56+,2033-01
4043,35,Male,Beauty,UPI,1081.38,9,1.8,,2033-01-25,26-35,2033-01
4044,53,Other,Sports,Credit Card,68.34,1,3.2,,2033-01-26,46-55,2033-01
4045,45,Female,Groceries,Wallet,273.78,10,4.1,,2033-01-27,36-45,2033-01
4046,29,Female,Beauty,Wallet,1215.2,9,2.2,,2033-01-28,26-35,2033-01
4047,19,Male,Sports,Cash on Delivery,603.02,14,4.9,,2033-01-29,19-25,2033-01
4048,45,Female,Groceries,UPI,1109.2,4,4.2,,2033-01-30,36-45,2033-01
4049,62,Female,Groceries,Credit Card,1231.19,3,2.2,,2033-01-31,56+,2033-01
4050,45,Other,Home & Living,Cash on Delivery,1065.03,9,4.2,,2033-02-01,36-45,2033-02
4051,52,Male,Electronics,Credit Card,110.63,2,1.6,,2033-02-02,46-55,2033-02
4052,22,Male,Groceries,Wallet,947.29,7,4.6,,2033-02-03,19-25,2033-02
4053,52,Other,Groceries,Debit Card,1251.1,4,3.0,,2033-02-04,46-55,2033-02
4054,63,Female,Home & Living,Credit Card,259.07,2,4.3,,2033-02-05,56+,2033-02
4055,39,Male,Home & Living,Debit Card,516.53,12,2.0,,2033-02-06,36-45,2033-02
4056,58,Female,Home & Living,Cash on Delivery,283.58,11,2.7,,2033-02-07,56+,2033-02
4057,68,Female,Sports,Debit Card,678.96,8,1.4,,2033-02-08,56+,2033-02
4058,66,Male,Beauty,Wallet,1371.64,8,3.4,,2033-02-09,56+,2033-02
4059,37,Female,Sports,Cash on Delivery,852.31,4,3.9,,2033-02-10,36-45,2033-02
4060,65,Male,Sports,Wallet,861.94,2,2.2,,2033-02-11,56+,2033-02
4061,38,Other,Beauty,Credit Card,774.91,12,3.2,,2033-02-12,36-45,2033-02
4062,33,Male,Beauty,UPI,1225.45,11,1.1,,2033-02-13,26-35,2033-02
4063,42,Female,Home & Living,Wallet,1343.57,6,2.8,,2033-02-14,36-45,2033-02
4064,56,Other,Electronics,UPI,46.97,4,3.6,,2033-02-15,56+,2033-02
4065,22,Other,Beauty,Cash on Delivery,1072.02,11,4.7,,2033-02-16,19-25,2033-02
4066,65,Male,Beauty,Wallet,698.75,7,1.8,,2033-02-17,56+,2033-02
4067,38,Other,Beauty,UPI,1213.84,10,1.2,,2033-02-18,36-45,2033-02
4068,51,Male,Groceries,Debit Card,235.0,4,4.7,,2033-02-19,46-55,2033-02
4069,42,Male,Electronics,Debit Card,1452.96,1,1.4,,2033-02-20,36-45,2033-02
4070,58,Female,Beauty,Cash on Delivery,1257.11,13,4.9,,2033-02-21,56+,2033-02
4071,33,Other,Electronics,Wallet,943.99,14,3.0,,2033-02-22,26-35,2033-02
4072,51,Male,Sports,Debit Card,1018.21,8,1.2,,2033-02-23,46-55,2033-02
4073,40,Other,Home & Living,Credit Card,615.55,9,2.6,,2033-02-24,36-45,2033-02
4074,66,Female,Sports,Credit Card,1349.55,9,4.4,,2033-02-25,56+,2033-02
4075,56,Male,Groceries,Debit Card,702.84,10,3.5,,2033-02-26,56+,2033-02
4076,43,Other,Home & Living,Debit Card,55.05,13,1.4,,2033-02-27,36-45,2033-02
4077,48,Male,Sports,Debit Card,37.96,4,1.4,,2033-02-28,46-55,2033-02
4078,38,Male,Home & Living,Debit Card,53.48,3,1.9,,2033-03-01,36-45,2033-03
4079,69,Other,Electronics,Cash on Delivery,852.78,2,4.7,,2033-03-02,56+,2033-03
4080,40,Female,Electronics,Wallet,822.77,13,4.2,,2033-03-03,36-45,2033-03
4081,44,Female,Fashion,Credit Card,1412.17,6,1.7,,2033-03-04,36-45,2033-03
4082,49,Male,Beauty,Debit Card,617.52,7,1.2,,2033-03-05,46-55,2033-03
4083,34,Other,Electronics,Wallet,99.98,7,2.9,,2033-03-06,26-35,2033-03
4084,26,Other,Beauty,Credit Card,1371.94,4,3.7,,2033-03-07,26-35,2033-03
4085,29,Male,Home & Living,Debit Card,582.21,1,1.6,,2033-03-08,26-35,2033-03
4086,24,Female,Beauty,Wallet,1422.42,12,4.3,,2033-03-09,19-25,2033-03
4087,36,Female,Fashion,Credit Card,1020.42,3,2.2,,2033-03-10,36-45,2033-03
4088,58,Male,Fashion,Debit Card,706.58,11,2.5,,2033-03-11,56+,2033-03
4089,48,Female,Home & Living,Debit Card,150.03,7,4.4,,2033-03-12,46-55,2033-03
4090,18,Female,Beauty,UPI,109.21,7,1.6,,2033-03-13,0-18,2033-03
4091,37,Female,Groceries,Debit Card,1406.6,5,3.3,,2033-03-14,36-45,2033-03
4092,24,Male,Sports,Debit Card,242.8,2,4.5,,2033-03-15,19-25,2033-03
4093,19,Other,Sports,UPI,1443.33,11,3.9,,2033-03-16,19-25,2033-03
4094,60,Female,Home & Living,Cash on Delivery,45.1,5,3.1,,2033-03-17,56+,2033-03
4095,39,Other,Groceries,Credit Card,300.88,3,1.7,,2033-03-18,36-45,2033-03
4096,19,Male,Fashion,Credit Card,98.33,2,3.2,,2033-03-19,19-25,2033-03
4097,36,Female,Beauty,Wallet,1017.46,12,2.7,,2033-03-20,36-45,2033-03
4098,19,Female,Beauty,Credit Card,1166.66,3,1.7,,2033-03-21,19-25,2033-03
4099,32,Female,Beauty,Wallet,868.84,8,3.6,,2033-03-22,26-35,2033-03
4100,35,Female,Fashion,Credit Card,1078.43,8,4.5,,2033-03-23,26-35,2033-03
4101,59,Female,Fashion,Credit Card,79.87,3,3.1,,2033-03-24,56+,2033-03
4102,37,Male,Beauty,UPI,1218.16,8,1.7,,2033-03-25,36-45,2033-03
4103,68,Male,Sports,Debit Card,1429.85,3,2.6,,2033-03-26,56+,2033-03
4104,58,Female,Home & Living,Debit Card,1229.68,12,4.0,,2033-03-27,56+,2033-03
4105,57,Other,Beauty,Credit Card,695.21,7,2.9,,2033-03-28,56+,2033-03
4106,51,Male,Groceries,Debit Card,158.65,10,3.1,,2033-03-29,46-55,2033-03
4107,55,Male,Fashion,Debit Card,951.07,1,2.3,,2033-03-30,46-55,2033-03
4108,69,Male,Electronics,Cash on Delivery,693.49,7,1.7,,2033-03-31,56+,2033-03
4109,31,Female,Sports,Debit Card,349.18,13,1.6,,2033-04-01,26-35,2033-04
4110,35,Other,Home & Living,Wallet,1282.14,12,1.6,,2033-04-02,26-35,2033-04
4111,24,Female,Electronics,Wallet,1413.3,13,4.9,,2033-04-03,19-25,2033-04
4112,42,Female,Beauty,Cash on Delivery,1481.69,11,2.6,,2033-04-04,36-45,2033-04
4113,69,Male,Beauty,Cash on Delivery,1000.41,1,1.5,,2033-04-05,56+,2033-04
4114,49,Female,Groceries,Cash on Delivery,795.59,5,3.4,,2033-04-06,46-55,2033-04
4115,49,Male,Fashion,Cash on Delivery,289.02,8,4.3,,2033-04-07,46-55,2033-04
4116,48,Other,Home & Living,Wallet,1472.79,10,1.5,,2033-04-08,46-55,2033-04
4117,34,Male,Home & Living,Wallet,1101.87,10,2.8,,2033-04-09,26-35,2033-04
4118,54,Female,Fashion,Wallet,812.24,2,4.2,,2033-04-10,46-55,2033-04
4119,62,Male,Beauty,Cash on Delivery,560.82,2,3.4,,2033-04-11,56+,2033-04
4120,30,Other,Groceries,Credit Card,1408.84,13,2.6,,2033-04-12,26-35,2033-04
4121,62,Female,Fashion,Debit Card,994.41,14,2.3,,2033-04-13,56+,2033-04
4122,48,Male,Sports,Cash on Delivery,851.25,12,1.7,,2033-04-14,46-55,2033-04
4123,59,Female,Electronics,Wallet,1102.19,2,1.3,,2033-04-15,56+,2033-04
4124,37,Male,Fashion,Wallet,1445.86,6,4.8,,2033-04-16,36-45,2033-04
4125,41,Other,Fashion,UPI,579.59,14,1.8,,2033-04-17,36-45,2033-04
4126,43,Other,Fashion,UPI,79.42,12,2.3,,2033-04-18,36-45,2033-04
4127,61,Other,Fashion,Cash on Delivery,633.02,10,4.5,,2033-04-19,56+,2033-04
4128,20,Female,Fashion,Credit Card,67.94,11,1.8,,2033-04-20,19-25,2033-04
4129,29,Male,Home & Living,UPI,1167.34,10,2.7,,2033-04-21,26-35,2033-04
4130,56,Female,Fashion,Debit Card,785.3,5,2.3,,2033-04-22,56+,2033-04
4131,19,Female,Groceries,Wallet,1479.35,9,4.7,,2033-04-23,19-25,2033-04
4132,35,Other,Home & Living,UPI,169.48,2,4.9,,2033-04-24,26-35,2033-04
4133,45,Male,Home & Living,Debit Card,1107.84,3,1.6,,2033-04-25,36-45,2033-04
4134,56,Other,Sports,Credit Card,477.55,12,1.7,,2033-04-26,56+,2033-04
4135,45,Female,Home & Living,Credit Card,293.28,5,4.6,,2033-04-27,36-45,2033-04
4136,36,Male,Home & Living,Wallet,998.39,3,2.2,,2033-04-28,36-45,2033-04
4137,38,Male,Sports,Debit Card,432.6,4,1.3,,2033-04-29,36-45,2033-04
4138,38,Male,Beauty,Cash on Delivery,1285.55,2,2.9,,2033-04-30,36-45,2033-04
4139,54,Male,Fashion,Debit Card,139.59,11,3.1,,2033-05-01,46-55,2033-05
4140,60,Other,Groceries,Credit Card,1394.74,12,4.8,,2033-05-02,56+,2033-05
4141,45,Male,Electronics,Debit Card,1324.94,3,2.5,,2033-05-03,36-45,2033-05
4142,48,Male,Home & Living,Cash on Delivery,762.51,2,1.3,,2033-05-04,46-55,2033-05
4143,63,Male,Sports,Credit Card,1267.12,1,2.6,,2033-05-05,56+,2033-05
4144,36,Female,Beauty,Wallet,1064.12,6,3.6,,2033-05-06,36-45,2033-05
4145,39,Other,Fashion,Wallet,1116.26,10,1.5,,2033-05-07,36-45,2033-05
4146,53,Female,Electronics,Credit Card,1359.99,6,4.7,,2033-05-08,46-55,2033-05
4147,30,Male,Fashion,Wallet,39.23,5,4.0,,2033-05-09,26-35,2033-05
4148,39,Other,Electronics,Debit Card,7.06,5,1.9,,2033-05-10,36-45,2033-05
4149,48,Other,Sports,Credit Card,398.09,1,1.2,,2033-05-11,46-55,2033-05
4150,41,Female,Electronics,Debit Card,1242.58,7,2.1,,2033-05-12,36-45,2033-05
4151,59,Other,Home & Living,UPI,1038.3,1,2.4,,2033-05-13,56+,2033-05
4152,65,Female,Sports,Cash on Delivery,500.97,5,2.5,,2033-05-14,56+,2033-05
4153,37,Female,Groceries,Credit Card,349.18,10,2.2,,2033-05-15,36-45,2033-05
4154,47,Male,Home & Living,Wallet,1211.28,13,4.2,,2033-05-16,46-55,2033-05
4155,34,Other,Sports,Credit Card,666.07,5,3.4,,2033-05-17,26-35,2033-05
4156,29,Female,Fashion,UPI,1362.49,7,4.8,,2033-05-18,26-35,2033-05
4157,40,Male,Sports,Debit Card,1023.97,6,3.9,,2033-05-19,36-45,2033-05
4158,33,Male,Groceries,Cash on Delivery,1299.45,5,4.5,,2033-05-20,26-35,2033-05
4159,45,Other,Fashion,Cash on Delivery,523.19,6,1.0,,2033-05-21,36-45,2033-05
4160,48,Female,Beauty,UPI,875.7,4,2.0,,2033-05-22,46-55,2033-05
4161,40,Female,Sports,Debit Card,586.52,13,3.7,,2033-05-23,36-45,2033-05
4162,35,Female,Sports,UPI,537.87,3,2.2,,2033-05-24,26-35,2033-05
4163,25,Other,Fashion,Debit Card,1233.27,4,4.9,,2033-05-25,19-25,2033-05
4164,19,Other,Home & Living,Wallet,654.21,12,1.5,,2033-05-26,19-25,2033-05
4165,45,Other,Electronics,Cash on Delivery,827.01,12,4.2,,2033-05-27,36-45,2033-05
4166,64,Female,Sports,Cash on Delivery,411.83,9,3.9,,2033-05-28,56+,2033-05
4167,28,Male,Sports,Credit Card,1157.17,3,4.6,,2033-05-29,26-35,2033-05
4168,69,Male,Beauty,Credit Card,1047.79,5,2.0,,2033-05-30,56+,2033-05
4169,48,Other,Sports,Credit Card,870.82,8,2.8,,2033-05-31,46-55,2033-05
4170,59,Male,Home & Living,Cash on Delivery,550.44,2,4.6,,2033-06-01,56+,2033-06
4171,22,Male,Sports,Debit Card,834.78,1,4.7,,2033-06-02,19-25,2033-06
4172,52,Other,Groceries,Cash on Delivery,313.41,3,2.4,,2033-06-03,46-55,2033-06
4173,42,Female,Groceries,UPI,195.82,9,3.2,,2033-06-04,36-45,2033-06
4174,18,Other,Groceries,Credit Card,1406.72,8,3.1,,2033-06-05,0-18,2033-06
4175,29,Male,Fashion,UPI,516.36,6,2.6,,2033-06-06,26-35,2033-06
4176,67,Female,Groceries,Credit Card,17.61,6,1.4,,2033-06-07,56+,2033-06
4177,23,Other,Electronics,Cash on Delivery,987.14,8,1.5,,2033-06-08,19-25,2033-06
4178,38,Male,Home & Living,UPI,921.71,5,4.3,,2033-06-09,36-45,2033-06
4179,61,Female,Fashion,Wallet,1245.29,9,1.0,,2033-06-10,56+,2033-06
4180,44,Male,Groceries,Debit Card,955.09,9,3.7,,2033-06-11,36-45,2033-06
4181,39,Male,Electronics,Debit Card,431.87,6,4.5,,2033-06-12,36-45,2033-06
4182,29,Male,Fashion,UPI,1290.82,2,2.7,,2033-06-13,26-35,2033-06
4183,62,Other,Sports,Cash on Delivery,381.17,12,2.2,,2033-06-14,56+,2033-06
4184,43,Female,Sports,Debit Card,567.39,11,4.9,,2033-06-15,36-45,2033-06
4185,54,Male,Electronics,Wallet,384.76,11,4.6,,2033-06-16,46-55,2033-06
4186,53,Other,Sports,Credit Card,669.01,11,1.4,,2033-06-17,46-55,2033-06
4187,39,Other,Beauty,Wallet,440.05,12,3.6,,2033-06-18,36-45,2033-06
4188,32,Male,Groceries,Wallet,713.3,1,1.2,,2033-06-19,26-35,2033-06
4189,57,Female,Sports,Credit Card,1253.11,12,2.9,,2033-06-20,56+,2033-06
4190,69,Female,Sports,Debit Card,1021.1,5,3.8,,2033-06-21,56+,2033-06
4191,39,Male,Beauty,Wallet,1079.53,8,4.2,,2033-06-22,36-45,2033-06
4192,23,Male,Groceries,Wallet,946.19,11,4.2,,2033-06-23,19-25,2033-06
4193,42,Female,Home & Living,Credit Card,1095.15,13,1.7,,2033-06-24,36-45,2033-06
4194,21,Female,Groceries,Credit Card,1384.88,11,3.5,,2033-06-25,19-25,2033-06
4195,61,Other,Electronics,Debit Card,676.71,9,1.3,,2033-06-26,56+,2033-06
4196,25,Other,Home & Living,UPI,933.17,14,2.4,,2033-06-27,19-25,2033-06
4197,19,Other,Home & Living,Credit Card,1360.31,2,2.7,,2033-06-28,19-25,2033-06
4198,51,Female,Groceries,Credit Card,793.51,3,4.7,,2033-06-29,46-55,2033-06
4199,29,Male,Beauty,UPI,1114.35,14,1.7,,2033-06-30,26-35,2033-06
4200,52,Other,Electronics,UPI,900.6,1,3.0,,2033-07-01,46-55,2033-07
4201,52,Male,Sports,Wallet,1344.18,8,1.8,,2033-07-02,46-55,2033-07
4202,22,Female,Groceries,Credit Card,1113.52,14,2.7,,2033-07-03,19-25,2033-07
4203,35,Male,Beauty,Credit Card,1184.96,1,2.1,,2033-07-04,26-35,2033-07
4204,36,Other,Beauty,Cash on Delivery,1379.84,14,1.7,,2033-07-05,36-45,2033-07
4205,48,Female,Sports,UPI,1477.0,3,4.4,,2033-07-06,46-55,2033-07
4206,25,Other,Home & Living,Cash on Delivery,774.65,11,2.9,,2033-07-07,19-25,2033-07
4207,23,Male,Electronics,Wallet,1338.01,14,4.1,,2033-07-08,19-25,2033-07
4208,51,Male,Electronics,Wallet,1243.71,12,2.1,,2033-07-09,46-55,2033-07
4209,55,Male,Fashion,Cash on Delivery,1340.54,12,3.9,,2033-07-10,46-55,2033-07
4210,49,Female,Beauty,Credit Card,986.01,11,3.2,,2033-07-11,46-55,2033-07
4211,45,Female,Electronics,Debit Card,897.68,7,2.8,,2033-07-12,36-45,2033-07
4212,64,Female,Electronics,UPI,898.95,3,2.4,,2033-07-13,56+,2033-07
4213,46,Male,Sports,Credit Card,620.33,1,3.7,,2033-07-14,46-55,2033-07
4214,59,Male,Electronics,Wallet,410.69,13,1.1,,2033-07-15,56+,2033-07
4215,34,Female,Groceries,Cash on Delivery,679.55,12,2.8,,2033-07-16,26-35,2033-07
4216,41,Female,Fashion,Cash on Delivery,145.7,11,2.5,,2033-07-17,36-45,2033-07
4217,43,Female,Sports,Wallet,715.03,12,2.9,,2033-07-18,36-45,2033-07
4218,36,Other,Fashion,Cash on Delivery,504.71,8,4.0,,2033-07-19,36-45,2033-07
4219,69,Female,Sports,UPI,30.4,3,3.3,,2033-07-20,56+,2033-07
4220,35,Other,Electronics,Wallet,1253.1,10,1.6,,2033-07-21,26-35,2033-07
4221,66,Female,Beauty,Cash on Delivery,68.27,13,4.3,,2033-07-22,56+,2033-07
4222,39,Other,Sports,UPI,793.04,4,2.9,,2033-07-23,36-45,2033-07
4223,63,Other,Fashion,UPI,1306.85,4,4.7,,2033-07-24,56+,2033-07
4224,63,Female,Beauty,Cash on Delivery,1154.34,11,2.4,,2033-07-25,56+,2033-07
4225,30,Male,Beauty,Credit Card,1076.55,3,3.9,,2033-07-26,26-35,2033-07
4226,39,Female,Home & Living,Credit Card,649.08,14,3.6,,2033-07-27,36-45,2033-07
4227,30,Female,Beauty,Credit Card,780.64,9,4.6,,2033-07-28,26-35,2033-07
4228,53,Female,Beauty,Cash on Delivery,13.95,9,2.7,,2033-07-29,46-55,2033-07
4229,63,Other,Groceries,UPI,1104.29,3,3.2,,2033-07-30,56+,2033-07
4230,47,Other,Fashion,Credit Card,1415.79,9,1.5,,2033-07-31,46-55,2033-07
4231,51,Other,Groceries,Wallet,1299.78,5,1.7,,2033-08-01,46-55,2033-08
4232,63,Female,Groceries,Credit Card,1280.56,10,2.4,,2033-08-02,56+,2033-08
4233,50,Male,Home & Living,Cash on Delivery,149.88,9,4.5,,2033-08-03,46-55,2033-08
4234,54,Male,Sports,Debit Card,1190.63,5,1.6,,2033-08-04,46-55,2033-08
4235,36,Female,Sports,UPI,1296.31,2,1.7,,2033-08-05,36-45,2033-08
4236,26,Male,Electronics,Wallet,1181.55,3,3.0,,2033-08-06,26-35,2033-08
4237,54,Female,Electronics,UPI,489.29,12,1.4,,2033-08-07,46-55,2033-08
4238,56,Female,Home & Living,UPI,136.68,14,1.7,,2033-08-08,56+,2033-08
4239,69,Male,Groceries,Wallet,1473.01,14,4.1,,2033-08-09,56+,2033-08
4240,27,Female,Beauty,Wallet,1096.53,9,1.9,,2033-08-10,26-35,2033-08
4241,46,Male,Sports,Wallet,81.14,1,3.1,,2033-08-11,46-55,2033-08
4242,45,Other,Electronics,Cash on Delivery,232.22,4,3.6,,2033-08-12,36-45,2033-08
4243,28,Other,Fashion,Wallet,123.91,13,1.4,,2033-08-13,26-35,2033-08
4244,36,Male,Groceries,Credit Card,854.87,6,3.4,,2033-08-14,36-45,2033-08
4245,69,Female,Fashion,UPI,392.11,5,3.6,,2033-08-15,56+,2033-08
4246,46,Male,Home & Living,Debit Card,527.76,9,4.2,,2033-08-16,46-55,2033-08
4247,41,Male,Groceries,Credit Card,555.44,9,2.2,,2033-08-17,36-45,2033-08
4248,40,Female,Home & Living,Cash on Delivery,917.56,9,1.5,,2033-08-18,36-45,2033-08
4249,52,Male,Beauty,Debit Card,194.38,8,3.0,,2033-08-19,46-55,2033-08
4250,19,Male,Electronics,UPI,13.72,4,3.6,,2033-08-20,19-25,2033-08
4251,43,Male,Home & Living,Wallet,1321.37,1,3.8,,2033-08-21,36-45,2033-08
4252,56,Other,Beauty,Debit Card,187.94,3,2.2,,2033-08-22,56+,2033-08
4253,63,Male,Fashion,Wallet,1376.06,5,1.7,,2033-08-23,56+,2033-08
4254,66,Other,Sports,Wallet,1435.43,9,4.8,,2033-08-24,56+,2033-08
4255,37,Female,Sports,Debit Card,430.91,10,4.2,,2033-08-25,36-45,2033-08
4256,62,Other,Sports,Credit Card,1279.9,7,1.5,,2033-08-26,56+,2033-08
4257,55,Female,Fashion,UPI,1177.22,10,1.8,,2033-08-27,46-55,2033-08
4258,38,Male,Electronics,Debit Card,484.9,11,2.6,,2033-08-28,36-45,2033-08
4259,39,Male,Fashion,Wallet,994.48,8,2.7,,2033-08-29,36-45,2033-08
4260,58,Male,Groceries,UPI,874.45,14,3.5,,2033-08-30,56+,2033-08
4261,62,Male,Groceries,Wallet,187.27,12,4.1,,2033-08-31,56+,2033-08
4262,36,Other,Home & Living,Cash on Delivery,109.56,3,3.8,,2033-09-01,36-45,2033-09
4263,51,Female,Beauty,Wallet,360.47,12,2.3,,2033-09-02,46-55,2033-09
4264,45,Other,Beauty,Credit Card,850.84,2,1.8,,2033-09-03,36-45,2033-09
4265,26,Other,Groceries,UPI,1152.75,6,4.0,,2033-09-04,26-35,2033-09
4266,58,Female,Sports,Cash on Delivery,1238.37,11,1.5,,2033-09-05,56+,2033-09
4267,42,Female,Fashion,Cash on Delivery,1466.46,7,2.8,,2033-09-06,36-45,2033-09
4268,21,Female,Fashion,Cash on Delivery,648.8,9,2.5,,2033-09-07,19-25,2033-09
4269,60,Male,Electronics,UPI,1404.54,10,3.3,,2033-09-08,56+,2033-09
4270,53,Male,Electronics,Credit Card,279.64,13,4.1,,2033-09-09,46-55,2033-09
4271,67,Other,Sports,Debit Card,205.0,14,4.7,,2033-09-10,56+,2033-09
4272,37,Other,Beauty,Cash on Delivery,275.75,11,3.6,,2033-09-11,36-45,2033-09
4273,18,Other,Electronics,UPI,344.78,7,2.8,,2033-09-12,0-18,2033-09
4274,55,Female,Home & Living,Wallet,261.89,12,2.6,,2033-09-13,46-55,2033-09
4275,46,Female,Beauty,Wallet,805.24,4,2.3,,2033-09-14,46-55,2033-09
4276,21,Other,Electronics,Credit Card,686.77,11,1.6,,2033-09-15,19-25,2033-09
4277,24,Other,Sports,Cash on Delivery,357.81,10,4.4,,2033-09-16,19-25,2033-09
4278,38,Other,Electronics,Cash on Delivery,742.77,13,2.2,,2033-09-17,36-45,2033-09
4279,32,Other,Sports,Credit Card,1019.91,8,4.9,,2033-09-18,26-35,2033-09
4280,30,Female,Sports,UPI,1446.13,3,4.3,,2033-09-19,26-35,2033-09
4281,68,Male,Fashion,Credit Card,763.23,8,2.4,,2033-09-20,56+,2033-09
4282,46,Male,Electronics,Credit Card,648.8,10,2.1,,2033-09-21,46-55,2033-09
4283,32,Other,Groceries,UPI,1082.57,11,4.4,,2033-09-22,26-35,2033-09
4284,64,Female,Sports,Cash on Delivery,227.51,3,4.0,,2033-09-23,56+,2033-09
4285,57,Male,Groceries,UPI,1172.22,3,3.5,,2033-09-24,56+,2033-09
4286,48,Other,Home & Living,UPI,877.77,8,1.2,,2033-09-25,46-55,2033-09
4287,22,Female,Electronics,Debit Card,28.72,14,4.3,,2033-09-26,19-25,2033-09
4288,42,Female,Fashion,Credit Card,909.42,2,2.8,,2033-09-27,36-45,2033-09
4289,22,Male,Fashion,Credit Card,219.59,14,3.7,,2033-09-28,19-25,2033-09
4290,65,Male,Beauty,Debit Card,688.05,6,2.5,,2033-09-29,56+,2033-09
4291,27,Female,Beauty,Credit Card,204.99,12,2.1,,2033-09-30,26-35,2033-09
4292,33,Other,Electronics,Credit Card,228.46,7,5.0,,2033-10-01,26-35,2033-10
4293,58,Male,Fashion,Debit Card,1239.45,12,2.0,,2033-10-02,56+,2033-10
4294,20,Female,Sports,Wallet,1374.07,10,4.6,,2033-10-03,19-25,2033-10
4295,44,Other,Groceries,Cash on Delivery,342.01,2,4.5,,2033-10-04,36-45,2033-10
4296,68,Female,Fashion,Cash on Delivery,582.28,9,1.4,,2033-10-05,56+,2033-10
4297,63,Female,Groceries,Debit Card,1356.56,11,2.3,,2033-10-06,56+,2033-10
4298,60,Male,Groceries,Wallet,1169.39,8,2.5,,2033-10-07,56+,2033-10
4299,22,Female,Sports,Wallet,1315.53,7,3.2,,2033-10-08,19-25,2033-10
4300,51,Other,Sports,Wallet,251.0,4,4.7,,2033-10-09,46-55,2033-10
4301,49,Male,Beauty,Wallet,1244.49,13,1.8,,2033-10-10,46-55,2033-10
4302,32,Other,Electronics,Cash on Delivery,1205.27,6,2.3,,2033-10-11,26-35,2033-10
4303,33,Female,Home & Living,Debit Card,20.78,14,4.8,,2033-10-12,26-35,2033-10
4304,54,Female,Groceries,UPI,476.57,14,3.2,,2033-10-13,46-55,2033-10
4305,64,Other,Sports,Credit Card,950.53,8,2.6,,2033-10-14,56+,2033-10
4306,42,Female,Groceries,Credit Card,1075.38,10,2.9,,2033-10-15,36-45,2033-10
4307,65,Female,Electronics,Cash on Delivery,629.72,10,3.2,,2033-10-16,56+,2033-10
4308,29,Other,Electronics,Credit Card,1312.19,6,4.0,,2033-10-17,26-35,2033-10
4309,46,Other,Groceries,Wallet,232.27,6,2.8,,2033-10-18,46-55,2033-10
4310,23,Female,Sports,Credit Card,601.57,5,1.7,,2033-10-19,19-25,2033-10
4311,58,Male,Groceries,Debit Card,263.16,12,3.0,,2033-10-20,56+,2033-10
4312,44,Male,Home & Living,Cash on Delivery,170.59,7,2.2,,2033-10-21,36-45,2033-10
4313,23,Other,Fashion,Wallet,672.19,4,3.8,,2033-10-22,19-25,2033-10
4314,49,Male,Groceries,Cash on Delivery,663.71,11,1.2,,2033-10-23,46-55,2033-10
4315,49,Other,Home & Living,UPI,1276.28,1,4.7,,2033-10-24,46-55,2033-10
4316,37,Other,Electronics,Debit Card,294.21,4,2.5,,2033-10-25,36-45,2033-10
4317,27,Female,Fashion,Debit Card,1039.05,8,2.4,,2033-10-26,26-35,2033-10
4318,66,Other,Home & Living,Credit Card,892.71,3,2.5,,2033-10-27,56+,2033-10
4319,43,Other,Home & Living,UPI,352.96,12,2.3,,2033-10-28,36-45,2033-10
4320,33,Female,Home & Living,Debit Card,1233.41,5,2.0,,2033-10-29,26-35,2033-10
4321,29,Male,Electronics,Cash on Delivery,1380.09,5,4.9,,2033-10-30,26-35,2033-10
4322,32,Other,Sports,Wallet,1071.45,5,2.7,,2033-10-31,26-35,2033-10
4323,29,Female,Fashion,Wallet,1164.35,11,1.2,,2033-11-01,26-35,2033-11
4324,55,Other,Beauty,Debit Card,1356.68,8,4.7,,2033-11-02,46-55,2033-11
4325,36,Other,Fashion,Credit Card,702.88,14,4.2,,2033-11-03,36-45,2033-11
4326,58,Female,Fashion,Wallet,1341.88,9,2.2,,2033-11-04,56+,2033-11
4327,19,Female,Beauty,Credit Card,621.54,6,2.5,,2033-11-05,19-25,2033-11
4328,28,Male,Electronics,UPI,703.73,3,1.2,,2033-11-06,26-35,2033-11
4329,62,Female,Beauty,Credit Card,1134.01,12,4.9,,2033-11-07,56+,2033-11
4330,34,Female,Groceries,Credit Card,315.61,12,2.6,,2033-11-08,26-35,2033-11
4331,23,Male,Electronics,Credit Card,365.5,7,1.1,,2033-11-09,19-25,2033-11
4332,36,Male,Sports,Credit Card,1048.37,13,2.2,,2033-11-10,36-45,2033-11
4333,58,Other,Groceries,Wallet,588.09,13,2.3,,2033-11-11,56+,2033-11
4334,62,Male,Electronics,Cash on Delivery,1192.46,10,4.5,,2033-11-12,56+,2033-11
4335,31,Female,Groceries,Debit Card,326.69,6,1.4,,2033-11-13,26-35,2033-11
4336,61,Female,Groceries,Cash on Delivery,977.71,4,3.3,,2033-11-14,56+,2033-11
4337,25,Female,Electronics,Wallet,1312.75,1,1.4,,2033-11-15,19-25,2033-11
4338,54,Female,Beauty,Debit Card,1137.88,7,1.5,,2033-11-16,46-55,2033-11
4339,68,Other,Sports,Cash on Delivery,42.98,10,2.2,,2033-11-17,56+,2033-11
4340,48,Female,Fashion,UPI,1156.28,14,2.8,,2033-11-18,46-55,2033-11
4341,53,Female,Electronics,UPI,100.12,3,1.0,,2033-11-19,46-55,2033-11
4342,42,Other,Sports,Wallet,312.54,4,3.7,,2033-11-20,36-45,2033-11
4343,37,Male,Groceries,Wallet,1181.62,2,2.8,,2033-11-21,36-45,2033-11
4344,53,Male,Home & Living,Debit Card,594.81,7,2.7,,2033-11-22,46-55,2033-11
4345,27,Other,Sports,Credit Card,937.47,12,3.1,,2033-11-23,26-35,2033-11
4346,24,Other,Fashion,Wallet,189.65,6,1.9,,2033-11-24,19-25,2033-11
4347,57,Female,Fashion,Debit Card,339.0,10,3.4,,2033-11-25,56+,2033-11
4348,38,Female,Beauty,UPI,1484.04,8,3.3,,2033-11-26,36-45,2033-11
4349,28,Female,Electronics,Credit Card,231.21,2,1.0,,2033-11-27,26-35,2033-11
4350,33,Male,Home & Living,UPI,606.46,2,1.4,,2033-11-28,26-35,2033-11
4351,52,Male,Beauty,UPI,693.59,14,3.1,,2033-11-29,46-55,2033-11
4352,35,Male,Groceries,Cash on Delivery,350.72,11,3.9,,2033-11-30,26-35,2033-11
4353,51,Male,Sports,UPI,1284.98,11,3.2,,2033-12-01,46-55,2033-12
4354,23,Male,Beauty,Credit Card,64.37,11,2.3,,2033-12-02,19-25,2033-12
4355,39,Male,Beauty,Credit Card,389.5,6,2.9,,2033-12-03,36-45,2033-12
4356,47,Male,Fashion,Wallet,294.26,5,2.7,,2033-12-04,46-55,2033-12
4357,41,Female,Fashion,Cash on Delivery,402.18,9,2.2,,2033-12-05,36-45,2033-12
4358,64,Male,Fashion,Wallet,144.86,8,1.0,,2033-12-06,56+,2033-12
4359,21,Female,Sports,UPI,237.97,10,2.9,,2033-12-07,19-25,2033-12
4360,51,Male,Beauty,Wallet,1468.45,1,3.7,,2033-12-08,46-55,2033-12
4361,25,Other,Fashion,Cash on Delivery,609.16,13,4.6,,2033-12-09,19-25,2033-12
4362,43,Female,Home & Living,Cash on Delivery,168.24,13,4.7,,2033-12-10,36-45,2033-12
4363,31,Female,Electronics,Credit Card,773.28,14,2.5,,2033-12-11,26-35,2033-12
4364,38,Female,Sports,Wallet,1111.76,6,1.8,,2033-12-12,36-45,2033-12
4365,20,Male,Sports,Debit Card,1051.84,6,4.2,,2033-12-13,19-25,2033-12
4366,25,Male,Electronics,Wallet,1091.54,1,2.0,,2033-12-14,19-25,2033-12
4367,67,Other,Sports,Cash on Delivery,420.59,6,3.4,,2033-12-15,56+,2033-12
4368,69,Male,Beauty,Wallet,242.21,1,2.0,,2033-12-16,56+,2033-12
4369,21,Female,Groceries,Credit Card,1177.89,2,4.7,,2033-12-17,19-25,2033-12
4370,32,Male,Fashion,Debit Card,15.78,14,1.3,,2033-12-18,26-35,2033-12
4371,30,Female,Fashion,UPI,167.86,10,2.8,,2033-12-19,26-35,2033-12
4372,57,Male,Fashion,Credit Card,594.75,12,2.8,,2033-12-20,56+,2033-12
4373,68,Other,Beauty,Credit Card,577.87,3,3.6,,2033-12-21,56+,2033-12
4374,35,Female,Groceries,Debit Card,178.37,11,5.0,,2033-12-22,26-35,2033-12
4375,55,Female,Groceries,UPI,1338.94,13,2.7,,2033-12-23,46-55,2033-12
4376,36,Female,Beauty,UPI,717.43,12,4.1,,2033-12-24,36-45,2033-12
4377,28,Other,Electronics,Cash on Delivery,1216.0,6,2.1,,2033-12-25,26-35,2033-12
4378,41,Female,Fashion,Wallet,615.14,11,4.1,,2033-12-26,36-45,2033-12
4379,24,Female,Fashion,Wallet,612.98,2,4.9,,2033-12-27,19-25,2033-12
4380,23,Female,Electronics,Debit Card,670.9,14,2.7,,2033-12-28,19-25,2033-12
4381,58,Other,Electronics,Debit Card,1319.02,12,4.1,,2033-12-29,56+,2033-12
4382,68,Other,Home & Living,Debit Card,131.32,2,4.8,,2033-12-30,56+,2033-12
4383,58,Male,Beauty,UPI,325.5,13,2.9,,2033-12-31,56+,2033-12
4384,36,Female,Electronics,Wallet,122.88,6,1.4,,2034-01-01,36-45,2034-01
4385,28,Female,Sports,Debit Card,1374.83,2,1.6,,2034-01-02,26-35,2034-01
4386,69,Male,Beauty,Cash on Delivery,547.53,5,2.9,,2034-01-03,56+,2034-01
4387,36,Other,Fashion,Cash on Delivery,922.9,9,4.4,,2034-01-04,36-45,2034-01
4388,62,Other,Electronics,Credit Card,370.47,7,4.1,,2034-01-05,56+,2034-01
4389,58,Male,Fashion,Debit Card,1412.86,14,1.1,,2034-01-06,56+,2034-01
4390,43,Male,Groceries,Cash on Delivery,1402.11,9,2.6,,2034-01-07,36-45,2034-01
4391,31,Female,Home & Living,Cash on Delivery,1447.78,13,4.3,,2034-01-08,26-35,2034-01
4392,40,Male,Home & Living,Credit Card,1271.42,7,4.3,,2034-01-09,36-45,2034-01
4393,52,Male,Beauty,Wallet,1094.79,12,3.0,,2034-01-10,46-55,2034-01
4394,34,Female,Sports,Wallet,347.25,10,1.5,,2034-01-11,26-35,2034-01
4395,33,Male,Fashion,Debit Card,356.73,1,3.6,,2034-01-12,26-35,2034-01
4396,47,Other,Fashion,Credit Card,848.32,4,4.3,,2034-01-13,46-55,2034-01
4397,47,Female,Fashion,Cash on Delivery,1019.63,4,3.4,,2034-01-14,46-55,2034-01
4398,24,Other,Groceries,Credit Card,1443.36,14,1.5,,2034-01-15,19-25,2034-01
4399,66,Other,Fashion,Debit Card,421.8,10,4.3,,2034-01-16,56+,2034-01
4400,68,Female,Fashion,Cash on Delivery,1111.14,7,3.7,,2034-01-17,56+,2034-01
4401,39,Male,Home & Living,Cash on Delivery,231.92,1,4.5,,2034-01-18,36-45,2034-01
4402,29,Other,Electronics,Cash on Delivery,375.55,8,2.3,,2034-01-19,26-35,2034-01
4403,29,Male,Fashion,Wallet,1203.07,4,1.5,,2034-01-20,26-35,2034-01
4404,66,Other,Home & Living,Cash on Delivery,740.73,1,3.7,,2034-01-21,56+,2034-01
4405,43,Other,Beauty,UPI,637.45,9,2.4,,2034-01-22,36-45,2034-01
4406,46,Female,Electronics,Credit Card,492.81,5,4.1,,2034-01-23,46-55,2034-01
4407,45,Other,Groceries,Debit Card,588.74,11,1.7,,2034-01-24,36-45,2034-01
4408,43,Other,Electronics,UPI,869.44,6,2.9,,2034-01-25,36-45,2034-01
4409,36,Female,Groceries,Credit Card,802.37,9,1.2,,2034-01-26,36-45,2034-01
4410,32,Male,Electronics,Debit Card,874.53,7,2.8,,2034-01-27,26-35,2034-01
4411,37,Female,Home & Living,Debit Card,451.02,6,2.3,,2034-01-28,36-45,2034-01
4412,33,Other,Electronics,Debit Card,1419.81,10,2.8,,2034-01-29,26-35,2034-01
4413,28,Female,Home & Living,Debit Card,289.21,14,2.7,,2034-01-30,26-35,2034-01
4414,21,Other,Sports,Debit Card,1485.21,13,3.5,,2034-01-31,19-25,2034-01
4415,22,Other,Electronics,Wallet,1431.87,11,1.1,,2034-02-01,19-25,2034-02
4416,59,Female,Beauty,UPI,1055.35,14,3.5,,2034-02-02,56+,2034-02
4417,20,Female,Fashion,Cash on Delivery,867.41,14,2.5,,2034-02-03,19-25,2034-02
4418,38,Male,Electronics,Debit Card,1464.85,7,3.1,,2034-02-04,36-45,2034-02
4419,66,Other,Electronics,UPI,326.2,14,1.9,,2034-02-05,56+,2034-02
4420,30,Male,Electronics,Cash on Delivery,953.17,3,3.9,,2034-02-06,26-35,2034-02
4421,40,Female,Sports,UPI,1370.74,1,4.0,,2034-02-07,36-45,2034-02
4422,65,Male,Groceries,Credit Card,426.68,3,1.9,,2034-02-08,56+,2034-02
4423,56,Female,Sports,Wallet,900.41,5,4.9,,2034-02-09,56+,2034-02
4424,24,Female,Home & Living,Wallet,1283.59,3,2.5,,2034-02-10,19-25,2034-02
4425,29,Male,Sports,UPI,754.55,3,1.0,,2034-02-11,26-35,2034-02
4426,57,Male,Fashion,Credit Card,652.49,7,3.4,,2034-02-12,56+,2034-02
4427,58,Female,Fashion,Debit Card,1413.32,13,3.0,,2034-02-13,56+,2034-02
4428,41,Male,Sports,Debit Card,1085.96,13,2.0,,2034-02-14,36-45,2034-02
4429,23,Female,Groceries,Cash on Delivery,811.74,5,3.1,,2034-02-15,19-25,2034-02
4430,40,Other,Groceries,Debit Card,370.19,13,4.6,,2034-02-16,36-45,2034-02
4431,69,Male,Beauty,Credit Card,365.87,2,3.7,,2034-02-17,56+,2034-02
4432,29,Male,Fashion,Wallet,1027.39,6,3.8,,2034-02-18,26-35,2034-02
4433,28,Female,Home & Living,Debit Card,291.71,1,3.8,,2034-02-19,26-35,2034-02
4434,29,Female,Sports,Credit Card,282.19,13,2.1,,2034-02-20,26-35,2034-02
4435,55,Male,Electronics,Cash on Delivery,852.88,7,2.6,,2034-02-21,46-55,2034-02
4436,24,Other,Groceries,Wallet,1017.49,7,4.3,,2034-02-22,19-25,2034-02
4437,37,Other,Fashion,Debit Card,427.42,6,1.9,,2034-02-23,36-45,2034-02
4438,48,Other,Sports,UPI,83.37,7,1.7,,2034-02-24,46-55,2034-02
4439,51,Other,Groceries,Debit Card,122.54,5,3.2,,2034-02-25,46-55,2034-02
4440,55,Female,Sports,UPI,1136.9,11,5.0,,2034-02-26,46-55,2034-02
4441,56,Other,Fashion,UPI,411.76,2,3.6,,2034-02-27,56+,2034-02
4442,41,Female,Sports,Debit Card,98.77,3,5.0,,2034-02-28,36-45,2034-02
4443,23,Male,Beauty,Wallet,28.97,10,1.2,,2034-03-01,19-25,2034-03
4444,33,Other,Fashion,Wallet,737.24,8,3.2,,2034-03-02,26-35,2034-03
4445,48,Other,Fashion,Wallet,994.84,7,3.6,,2034-03-03,46-55,2034-03
4446,62,Female,Beauty,Credit Card,798.84,10,2.0,,2034-03-04,56+,2034-03
4447,35,Other,Home & Living,UPI,648.13,8,3.4,,2034-03-05,26-35,2034-03
4448,37,Other,Electronics,Wallet,1189.77,3,3.7,,2034-03-06,36-45,2034-03
4449,29,Male,Beauty,Debit Card,698.63,9,1.1,,2034-03-07,26-35,2034-03
4450,54,Male,Sports,Cash on Delivery,730.12,4,2.3,,2034-03-08,46-55,2034-03
4451,51,Female,Sports,Debit Card,526.73,1,4.8,,2034-03-09,46-55,2034-03
4452,69,Other,Fashion,Debit Card,355.5,1,3.7,,2034-03-10,56+,2034-03
4453,31,Male,Beauty,Cash on Delivery,214.64,4,2.6,,2034-03-11,26-35,2034-03
4454,18,Female,Beauty,Debit Card,369.5,12,5.0,,2034-03-12,0-18,2034-03
4455,64,Female,Electronics,Cash on Delivery,850.89,14,1.4,,2034-03-13,56+,2034-03
4456,56,Other,Fashion,Credit Card,294.3,14,4.9,,2034-03-14,56+,2034-03
4457,55,Female,Home & Living,Wallet,1029.51,3,1.8,,2034-03-15,46-55,2034-03
4458,47,Female,Groceries,Credit Card,811.76,12,3.4,,2034-03-16,46-55,2034-03
4459,41,Female,Electronics,Cash on Delivery,455.62,7,2.8,,2034-03-17,36-45,2034-03
4460,19,Female,Sports,Wallet,68.24,5,3.7,,2034-03-18,19-25,2034-03
4461,37,Other,Sports,UPI,878.71,9,3.4,,2034-03-19,36-45,2034-03
4462,34,Female,Beauty,Debit Card,1319.71,11,1.7,,2034-03-20,26-35,2034-03
4463,52,Female,Beauty,Cash on Delivery,13.5,13,4.5,,2034-03-21,46-55,2034-03
4464,32,Female,Groceries,UPI,395.76,1,1.5,,2034-03-22,26-35,2034-03
4465,37,Other,Electronics,Credit Card,1314.84,3,4.7,,2034-03-23,36-45,2034-03
4466,23,Male,Sports,Debit Card,1339.87,14,1.0,,2034-03-24,19-25,2034-03
4467,63,Female,Electronics,Debit Card,666.41,5,1.2,,2034-03-25,56+,2034-03
4468,59,Male,Electronics,Cash on Delivery,902.97,10,3.8,,2034-03-26,56+,2034-03
4469,69,Other,Groceries,UPI,1313.04,2,1.1,,2034-03-27,56+,2034-03
4470,53,Male,Fashion,UPI,323.73,12,1.5,,2034-03-28,46-55,2034-03
4471,22,Female,Home & Living,Credit Card,1109.6,3,2.0,,2034-03-29,19-25,2034-03
4472,39,Other,Fashion,Debit Card,1361.02,2,4.4,,2034-03-30,36-45,2034-03
4473,43,Male,Groceries,Cash on Delivery,409.79,11,2.1,,2034-03-31,36-45,2034-03
4474,61,Male,Electronics,Credit Card,960.0,5,3.4,,2034-04-01,56+,2034-04
4475,41,Female,Groceries,UPI,55.74,8,4.6,,2034-04-02,36-45,2034-04
4476,28,Female,Sports,Wallet,484.85,14,2.1,,2034-04-03,26-35,2034-04
4477,60,Male,Home & Living,Wallet,645.15,12,4.4,,2034-04-04,56+,2034-04
4478,55,Female,Fashion,Cash on Delivery,831.09,11,1.3,,2034-04-05,46-55,2034-04
4479,43,Male,Fashion,Debit Card,410.69,10,3.0,,2034-04-06,36-45,2034-04
4480,33,Male,Electronics,Wallet,163.62,1,3.2,,2034-04-07,26-35,2034-04
4481,35,Female,Sports,UPI,1045.99,8,4.7,,2034-04-08,26-35,2034-04
4482,44,Other,Sports,Debit Card,428.14,11,4.4,,2034-04-09,36-45,2034-04
4483,18,Male,Sports,Debit Card,85.57,6,4.2,,2034-04-10,0-18,2034-04
4484,21,Other,Groceries,Cash on Delivery,1093.5,7,4.0,,2034-04-11,19-25,2034-04
4485,42,Male,Sports,Credit Card,1086.71,7,4.4,,2034-04-12,36-45,2034-04
4486,30,Female,Home & Living,Debit Card,84.89,6,2.3,,2034-04-13,26-35,2034-04
4487,42,Male,Fashion,Debit Card,297.0,1,4.1,,2034-04-14,36-45,2034-04
4488,26,Female,Fashion,Credit Card,43.64,7,4.3,,2034-04-15,26-35,2034-04
4489,18,Female,Beauty,Wallet,722.13,1,2.7,,2034-04-16,0-18,2034-04
4490,59,Male,Home & Living,Credit Card,830.5,14,1.6,,2034-04-17,56+,2034-04
4491,36,Female,Electronics,UPI,1053.09,4,1.6,,2034-04-18,36-45,2034-04
4492,35,Female,Sports,Credit Card,989.09,14,4.8,,2034-04-19,26-35,2034-04
4493,50,Other,Fashion,UPI,208.2,5,4.1,,2034-04-20,46-55,2034-04
4494,18,Female,Sports,Wallet,848.95,4,4.0,,2034-04-21,0-18,2034-04
4495,26,Male,Electronics,UPI,945.76,14,2.0,,2034-04-22,26-35,2034-04
4496,33,Male,Groceries,Debit Card,13.73,13,1.8,,2034-04-23,26-35,2034-04
4497,40,Female,Beauty,Credit Card,918.41,12,3.9,,2034-04-24,36-45,2034-04
4498,37,Female,Electronics,UPI,977.86,10,4.3,,2034-04-25,36-45,2034-04
4499,27,Male,Home & Living,Cash on Delivery,560.6,1,3.5,,2034-04-26,26-35,2034-04
4500,67,Other,Electronics,Debit Card,1464.86,13,3.0,,2034-04-27,56+,2034-04
4501,63,Male,Electronics,Credit Card,871.24,11,3.0,,2034-04-28,56+,2034-04
4502,64,Other,Sports,Debit Card,138.46,7,3.6,,2034-04-29,56+,2034-04
4503,32,Female,Beauty,Credit Card,535.83,4,1.5,,2034-04-30,26-35,2034-04
4504,32,Male,Electronics,Wallet,831.55,10,3.5,,2034-05-01,26-35,2034-05
4505,23,Other,Electronics,Credit Card,1368.82,8,4.7,,2034-05-02,19-25,2034-05
4506,67,Female,Fashion,Credit Card,920.25,2,3.9,,2034-05-03,56+,2034-05
4507,21,Other,Groceries,Cash on Delivery,1221.53,5,2.8,,2034-05-04,19-25,2034-05
4508,62,Male,Home & Living,Wallet,633.33,7,3.8,,2034-05-05,56+,2034-05
4509,25,Other,Electronics,UPI,927.46,6,4.3,,2034-05-06,19-25,2034-05
4510,52,Female,Beauty,Credit Card,121.33,14,1.4,,2034-05-07,46-55,2034-05
4511,37,Female,Beauty,Debit Card,306.49,10,3.6,,2034-05-08,36-45,2034-05
4512,38,Other,Groceries,UPI,213.62,12,3.5,,2034-05-09,36-45,2034-05
4513,59,Other,Fashion,Credit Card,1448.92,10,3.2,,2034-05-10,56+,2034-05
4514,38,Other,Beauty,Debit Card,185.09,14,3.5,,2034-05-11,36-45,2034-05
4515,23,Female,Beauty,UPI,200.88,8,2.5,,2034-05-12,19-25,2034-05
4516,59,Other,Sports,Cash on Delivery,522.31,12,5.0,,2034-05-13,56+,2034-05
4517,21,Other,Electronics,Credit Card,135.29,4,2.4,,2034-05-14,19-25,2034-05
4518,55,Male,Electronics,UPI,644.39,5,2.5,,2034-05-15,46-55,2034-05
4519,40,Other,Groceries,Cash on Delivery,1429.57,5,3.0,,2034-05-16,36-45,2034-05
4520,25,Male,Home & Living,UPI,1018.67,1,1.5,,2034-05-17,19-25,2034-05
4521,19,Male,Home & Living,Cash on Delivery,1446.65,3,1.3,,2034-05-18,19-25,2034-05
4522,30,Female,Sports,Wallet,1390.37,14,3.0,,2034-05-19,26-35,2034-05
4523,61,Male,Beauty,Cash on Delivery,298.68,6,3.8,,2034-05-20,56+,2034-05
4524,68,Other,Groceries,Cash on Delivery,992.68,9,4.5,,2034-05-21,56+,2034-05
4525,35,Other,Electronics,Debit Card,634.35,4,5.0,,2034-05-22,26-35,2034-05
4526,40,Female,Sports,Debit Card,830.43,5,3.5,,2034-05-23,36-45,2034-05
4527,28,Male,Electronics,Debit Card,1002.09,1,2.7,,2034-05-24,26-35,2034-05
4528,66,Other,Electronics,Cash on Delivery,1498.19,13,3.5,,2034-05-25,56+,2034-05
4529,21,Other,Fashion,UPI,65.5,12,4.8,,2034-05-26,19-25,2034-05
4530,69,Other,Fashion,Credit Card,197.33,13,1.2,,2034-05-27,56+,2034-05
4531,39,Male,Electronics,Credit Card,360.9,9,1.5,,2034-05-28,36-45,2034-05
4532,41,Female,Home & Living,Credit Card,749.54,8,2.2,,2034-05-29,36-45,2034-05
4533,44,Male,Fashion,UPI,861.17,5,4.2,,2034-05-30,36-45,2034-05
4534,37,Female,Sports,Wallet,622.92,3,2.7,,2034-05-31,36-45,2034-05
4535,35,Other,Groceries,Cash on Delivery,687.33,3,3.5,,2034-06-01,26-35,2034-06
4536,36,Male,Home & Living,Credit Card,855.49,4,3.2,,2034-06-02,36-45,2034-06
4537,69,Male,Fashion,Debit Card,479.47,10,1.6,,2034-06-03,56+,2034-06
4538,22,Male,Home & Living,Cash on Delivery,729.25,7,4.4,,2034-06-04,19-25,2034-06
4539,20,Other,Home & Living,Cash on Delivery,1329.75,9,2.8,,2034-06-05,19-25,2034-06
4540,53,Male,Sports,Cash on Delivery,1190.86,10,1.5,,2034-06-06,46-55,2034-06
4541,35,Female,Groceries,Credit Card,208.5,4,2.1,,2034-06-07,26-35,2034-06
4542,69,Male,Fashion,Wallet,265.26,13,2.3,,2034-06-08,56+,2034-06
4543,48,Other,Electronics,Credit Card,35.36,10,1.5,,2034-06-09,46-55,2034-06
4544,56,Other,Electronics,Debit Card,726.31,12,2.1,,2034-06-10,56+,2034-06
4545,51,Female,Beauty,Debit Card,1161.79,2,3.2,,2034-06-11,46-55,2034-06
4546,62,Female,Electronics,Debit Card,192.73,10,3.0,,2034-06-12,56+,2034-06
4547,41,Other,Electronics,UPI,606.68,11,3.9,,2034-06-13,36-45,2034-06
4548,24,Other,Home & Living,Cash on Delivery,412.7,3,3.2,,2034-06-14,19-25,2034-06
4549,30,Other,Groceries,UPI,1439.57,10,4.2,,2034-06-15,26-35,2034-06
4550,19,Male,Beauty,Credit Card,192.35,2,2.2,,2034-06-16,19-25,2034-06
4551,22,Female,Home & Living,Credit Card,811.66,12,1.7,,2034-06-17,19-25,2034-06
4552,31,Other,Fashion,Credit Card,18.85,14,4.1,,2034-06-18,26-35,2034-06
4553,38,Female,Home & Living,Credit Card,481.37,3,3.1,,2034-06-19,36-45,2034-06
4554,58,Female,Electronics,Credit Card,811.05,4,3.8,,2034-06-20,56+,2034-06
4555,45,Other,Fashion,UPI,815.33,3,4.1,,2034-06-21,36-45,2034-06
4556,68,Female,Fashion,Cash on Delivery,364.66,14,1.2,,2034-06-22,56+,2034-06
4557,52,Other,Home & Living,Wallet,382.32,9,4.3,,2034-06-23,46-55,2034-06
4558,40,Male,Home & Living,Wallet,1197.51,2,1.6,,2034-06-24,36-45,2034-06
4559,64,Male,Sports,UPI,275.19,3,2.5,,2034-06-25,56+,2034-06
4560,20,Male,Electronics,Wallet,1316.54,11,4.8,,2034-06-26,19-25,2034-06
4561,19,Female,Fashion,Debit Card,1048.9,12,4.8,,2034-06-27,19-25,2034-06
4562,48,Male,Electronics,Wallet,942.59,8,2.9,,2034-06-28,46-55,2034-06
4563,21,Female,Beauty,UPI,275.37,5,1.4,,2034-06-29,19-25,2034-06
4564,56,Male,Sports,Credit Card,182.1,10,3.3,,2034-06-30,56+,2034-06
4565,52,Female,Sports,Credit Card,688.35,9,4.1,,2034-07-01,46-55,2034-07
4566,60,Female,Home & Living,UPI,128.94,11,3.0,,2034-07-02,56+,2034-07
4567,46,Male,Beauty,Credit Card,675.95,1,1.3,,2034-07-03,46-55,2034-07
4568,43,Female,Sports,Wallet,241.43,4,1.7,,2034-07-04,36-45,2034-07
4569,55,Other,Groceries,Credit Card,250.28,1,3.2,,2034-07-05,46-55,2034-07
4570,40,Other,Home & Living,Credit Card,203.25,14,2.2,,2034-07-06,36-45,2034-07
4571,61,Male,Fashion,Wallet,252.99,13,4.2,,2034-07-07,56+,2034-07
4572,66,Female,Fashion,UPI,750.82,9,1.5,,2034-07-08,56+,2034-07
4573,68,Other,Beauty,Credit Card,1371.21,7,4.4,,2034-07-09,56+,2034-07
4574,38,Male,Fashion,Credit Card,1008.65,5,3.4,,2034-07-10,36-45,2034-07
4575,37,Other,Electronics,Credit Card,569.0,6,4.4,,2034-07-11,36-45,2034-07
4576,62,Other,Electronics,Debit Card,672.57,11,4.6,,2034-07-12,56+,2034-07
4577,48,Male,Home & Living,Cash on Delivery,1171.99,1,1.3,,2034-07-13,46-55,2034-07
4578,45,Other,Sports,Debit Card,165.04,6,3.4,,2034-07-14,36-45,2034-07
4579,25,Other,Fashion,UPI,1462.32,5,2.7,,2034-07-15,19-25,2034-07
4580,60,Male,Beauty,Cash on Delivery,370.51,13,1.3,,2034-07-16,56+,2034-07
4581,64,Male,Sports,Debit Card,1325.67,7,1.5,,2034-07-17,56+,2034-07
4582,38,Other,Beauty,Credit Card,411.6,4,3.2,,2034-07-18,36-45,2034-07
4583,46,Other,Electronics,Credit Card,565.66,14,2.3,,2034-07-19,46-55,2034-07
4584,47,Male,Home & Living,Wallet,982.27,6,3.6,,2034-07-20,46-55,2034-07
4585,42,Other,Sports,Debit Card,1335.75,3,4.0,,2034-07-21,36-45,2034-07
4586,52,Male,Home & Living,Wallet,319.58,5,1.1,,2034-07-22,46-55,2034-07
4587,61,Female,Home & Living,Wallet,1333.97,6,1.4,,2034-07-23,56+,2034-07
4588,25,Male,Electronics,Credit Card,1201.12,2,4.8,,2034-07-24,19-25,2034-07
4589,48,Female,Electronics,Debit Card,1076.32,2,3.0,,2034-07-25,46-55,2034-07
4590,68,Female,Home & Living,Cash on Delivery,1029.71,1,2.0,,2034-07-26,56+,2034-07
4591,52,Female,Electronics,UPI,481.1,9,3.7,,2034-07-27,46-55,2034-07
4592,67,Female,Groceries,Wallet,616.25,6,2.4,,2034-07-28,56+,2034-07
4593,56,Female,Sports,UPI,1081.28,13,3.5,,2034-07-29,56+,2034-07
4594,60,Female,Electronics,Wallet,659.58,8,2.0,,2034-07-30,56+,2034-07
4595,53,Female,Electronics,Wallet,705.21,14,3.5,,2034-07-31,46-55,2034-07
4596,23,Female,Groceries,Credit Card,260.32,11,1.6,,2034-08-01,19-25,2034-08
4597,47,Female,Electronics,Credit Card,552.69,5,3.1,,2034-08-02,46-55,2034-08
4598,41,Other,Fashion,Cash on Delivery,156.65,10,2.4,,2034-08-03,36-45,2034-08
4599,56,Male,Fashion,UPI,833.6,7,2.3,,2034-08-04,56+,2034-08
4600,36,Female,Home & Living,Debit Card,683.1,11,3.1,,2034-08-05,36-45,2034-08
4601,59,Female,Beauty,Cash on Delivery,168.63,3,3.3,,2034-08-06,56+,2034-08
4602,20,Other,Electronics,Cash on Delivery,1142.1,6,5.0,,2034-08-07,19-25,2034-08
4603,46,Other,Beauty,Debit Card,657.5,3,2.2,,2034-08-08,46-55,2034-08
4604,57,Other,Electronics,UPI,1298.32,10,4.8,,2034-08-09,56+,2034-08
4605,23,Female,Sports,Credit Card,1224.41,3,3.2,,2034-08-10,19-25,2034-08
4606,25,Female,Fashion,Wallet,98.79,11,4.3,,2034-08-11,19-25,2034-08
4607,54,Male,Home & Living,UPI,971.69,5,1.7,,2034-08-12,46-55,2034-08
4608,53,Male,Home & Living,Credit Card,715.71,5,4.4,,2034-08-13,46-55,2034-08
4609,29,Other,Home & Living,Cash on Delivery,974.09,2,1.0,,2034-08-14,26-35,2034-08
4610,62,Male,Home & Living,Wallet,563.37,2,1.2,,2034-08-15,56+,2034-08
4611,40,Other,Beauty,Credit Card,463.81,9,4.3,,2034-08-16,36-45,2034-08
4612,54,Other,Sports,Debit Card,348.14,8,1.3,,2034-08-17,46-55,2034-08
4613,27,Female,Fashion,Debit Card,219.11,10,2.4,,2034-08-18,26-35,2034-08
4614,55,Other,Beauty,Credit Card,871.81,2,1.3,,2034-08-19,46-55,2034-08
4615,23,Other,Sports,Cash on Delivery,101.49,13,3.1,,2034-08-20,19-25,2034-08
4616,56,Male,Groceries,Credit Card,1461.92,12,3.0,,2034-08-21,56+,2034-08
4617,62,Other,Fashion,UPI,1450.69,11,4.8,,2034-08-22,56+,2034-08
4618,18,Male,Electronics,Debit Card,1063.3,4,1.3,,2034-08-23,0-18,2034-08
4619,38,Other,Beauty,Credit Card,1210.67,4,1.9,,2034-08-24,36-45,2034-08
4620,61,Other,Sports,UPI,678.13,2,3.9,,2034-08-25,56+,2034-08
4621,67,Male,Groceries,Debit Card,1394.73,4,3.2,,2034-08-26,56+,2034-08
4622,35,Other,Electronics,Debit Card,622.7,14,3.1,,2034-08-27,26-35,2034-08
4623,37,Male,Home & Living,Debit Card,570.38,4,1.9,,2034-08-28,36-45,2034-08
4624,30,Other,Groceries,UPI,1021.46,1,3.9,,2034-08-29,26-35,2034-08
4625,42,Other,Electronics,Wallet,277.55,10,3.6,,2034-08-30,36-45,2034-08
4626,55,Other,Electronics,Debit Card,405.65,3,1.1,,2034-08-31,46-55,2034-08
4627,19,Male,Sports,Debit Card,960.94,7,2.6,,2034-09-01,19-25,2034-09
4628,22,Male,Home & Living,Cash on Delivery,1245.66,14,1.2,,2034-09-02,19-25,2034-09
4629,57,Female,Electronics,Credit Card,1276.22,4,3.1,,2034-09-03,56+,2034-09
4630,18,Female,Home & Living,UPI,386.51,10,4.2,,2034-09-04,0-18,2034-09
4631,68,Female,Beauty,Debit Card,1462.32,7,1.8,,2034-09-05,56+,2034-09
4632,51,Female,Groceries,UPI,718.67,13,2.6,,2034-09-06,46-55,2034-09
4633,35,Other,Groceries,Cash on Delivery,112.53,10,1.9,,2034-09-07,26-35,2034-09
4634,34,Female,Home & Living,Cash on Delivery,132.45,5,4.7,,2034-09-08,26-35,2034-09
4635,22,Male,Beauty,UPI,660.38,5,1.6,,2034-09-09,19-25,2034-09
4636,31,Female,Sports,Debit Card,623.18,3,2.7,,2034-09-10,26-35,2034-09
4637,18,Female,Electronics,Wallet,1271.58,5,1.9,,2034-09-11,0-18,2034-09
4638,26,Female,Sports,UPI,94.18,5,3.2,,2034-09-12,26-35,2034-09
4639,68,Female,Electronics,Wallet,621.55,2,4.4,,2034-09-13,56+,2034-09
4640,60,Other,Groceries,Cash on Delivery,388.54,7,3.3,,2034-09-14,56+,2034-09
4641,69,Male,Fashion,Debit Card,635.06,2,3.2,,2034-09-15,56+,2034-09
4642,39,Female,Groceries,Credit Card,582.79,6,2.8,,2034-09-16,36-45,2034-09
4643,22,Female,Beauty,UPI,1223.15,10,4.3,,2034-09-17,19-25,2034-09
4644,30,Male,Home & Living,Debit Card,849.66,3,1.5,,2034-09-18,26-35,2034-09
4645,25,Female,Electronics,Wallet,521.66,5,4.1,,2034-09-19,19-25,2034-09
4646,68,Female,Home & Living,Cash on Delivery,150.82,6,1.5,,2034-09-20,56+,2034-09
4647,32,Female,Home & Living,UPI,62.54,2,1.2,,2034-09-21,26-35,2034-09
4648,51,Male,Home & Living,Debit Card,525.56,11,4.8,,2034-09-22,46-55,2034-09
4649,41,Female,Electronics,Wallet,559.57,3,1.8,,2034-09-23,36-45,2034-09
4650,44,Male,Fashion,Cash on Delivery,656.82,14,3.1,,2034-09-24,36-45,2034-09
4651,49,Male,Electronics,Debit Card,1074.08,10,4.6,,2034-09-25,46-55,2034-09
4652,65,Other,Home & Living,Credit Card,853.51,12,3.4,,2034-09-26,56+,2034-09
4653,69,Other,Fashion,Credit Card,659.94,2,4.9,,2034-09-27,56+,2034-09
4654,23,Female,Sports,Credit Card,1087.25,2,4.5,,2034-09-28,19-25,2034-09
4655,24,Male,Home & Living,Credit Card,1286.47,5,4.0,,2034-09-29,19-25,2034-09
4656,68,Female,Sports,Credit Card,193.42,6,1.1,,2034-09-30,56+,2034-09
4657,46,Other,Sports,Cash on Delivery,570.52,11,2.1,,2034-10-01,46-55,2034-10
4658,20,Male,Fashion,UPI,1129.37,3,1.3,,2034-10-02,19-25,2034-10
4659,69,Male,Beauty,Credit Card,1271.3,6,4.5,,2034-10-03,56+,2034-10
4660,50,Female,Sports,Cash on Delivery,405.14,8,1.3,,2034-10-04,46-55,2034-10
4661,20,Other,Fashion,Cash on Delivery,1079.9,7,1.2,,2034-10-05,19-25,2034-10
4662,49,Female,Sports,Wallet,1429.67,9,3.1,,2034-10-06,46-55,2034-10
4663,62,Female,Electronics,UPI,887.12,12,4.6,,2034-10-07,56+,2034-10
4664,65,Female,Home & Living,Cash on Delivery,993.35,9,4.7,,2034-10-08,56+,2034-10
4665,28,Female,Fashion,Credit Card,252.51,9,2.8,,2034-10-09,26-35,2034-10
4666,54,Female,Home & Living,Wallet,1257.51,8,3.2,,2034-10-10,46-55,2034-10
4667,58,Other,Sports,Credit Card,809.64,1,1.8,,2034-10-11,56+,2034-10
4668,29,Male,Beauty,Cash on Delivery,499.82,5,1.9,,2034-10-12,26-35,2034-10
4669,26,Other,Sports,Wallet,837.61,12,4.0,,2034-10-13,26-35,2034-10
4670,35,Female,Beauty,Debit Card,24.79,13,1.4,,2034-10-14,26-35,2034-10
4671,60,Female,Beauty,Debit Card,706.96,14,4.2,,2034-10-15,56+,2034-10
4672,48,Female,Sports,UPI,1213.65,7,2.1,,2034-10-16,46-55,2034-10
4673,69,Female,Fashion,Debit Card,417.08,8,3.2,,2034-10-17,56+,2034-10
4674,30,Female,Fashion,UPI,1316.03,1,3.3,,2034-10-18,26-35,2034-10
4675,35,Other,Electronics,Cash on Delivery,1380.86,6,2.3,,2034-10-19,26-35,2034-10
4676,44,Male,Sports,Debit Card,1462.03,9,4.6,,2034-10-20,36-45,2034-10
4677,31,Other,Groceries,Credit Card,43.28,6,1.4,,2034-10-21,26-35,2034-10
4678,35,Male,Sports,Wallet,206.75,10,2.2,,2034-10-22,26-35,2034-10
4679,39,Male,Groceries,UPI,378.96,5,2.8,,2034-10-23,36-45,2034-10
4680,67,Female,Fashion,Cash on Delivery,435.26,3,4.7,,2034-10-24,56+,2034-10
4681,39,Other,Groceries,Debit Card,611.16,14,2.5,,2034-10-25,36-45,2034-10
4682,36,Female,Electronics,Wallet,983.75,6,2.3,,2034-10-26,36-45,2034-10
4683,24,Other,Home & Living,Cash on Delivery,240.54,7,3.3,,2034-10-27,19-25,2034-10
4684,26,Male,Beauty,Wallet,53.97,13,3.7,,2034-10-28,26-35,2034-10
4685,33,Female,Fashion,UPI,244.76,11,3.0,,2034-10-29,26-35,2034-10
4686,48,Other,Home & Living,Debit Card,242.11,9,2.8,,2034-10-30,46-55,2034-10
4687,31,Male,Electronics,Cash on Delivery,1198.21,9,1.8,,2034-10-31,26-35,2034-10
4688,31,Female,Fashion,Credit Card,227.73,5,3.6,,2034-11-01,26-35,2034-11
4689,66,Male,Fashion,Cash on Delivery,517.92,4,1.2,,2034-11-02,56+,2034-11
4690,47,Other,Groceries,UPI,1358.08,8,1.8,,2034-11-03,46-55,2034-11
4691,47,Male,Groceries,Credit Card,1047.21,9,2.5,,2034-11-04,46-55,2034-11
4692,59,Female,Sports,UPI,1179.0,11,4.6,,2034-11-05,56+,2034-11
4693,43,Male,Beauty,Credit Card,727.08,12,2.2,,2034-11-06,36-45,2034-11
4694,47,Other,Fashion,Credit Card,485.03,7,2.3,,2034-11-07,46-55,2034-11
4695,63,Other,Home & Living,UPI,1182.96,11,4.6,,2034-11-08,56+,2034-11
4696,48,Other,Sports,UPI,1139.79,8,3.6,,2034-11-09,46-55,2034-11
4697,18,Female,Home & Living,Cash on Delivery,844.26,3,2.1,,2034-11-10,0-18,2034-11
4698,67,Male,Sports,Debit Card,271.29,9,3.7,,2034-11-11,56+,2034-11
4699,23,Female,Sports,Debit Card,737.77,1,1.6,,2034-11-12,19-25,2034-11
4700,39,Other,Home & Living,Cash on Delivery,1013.24,8,1.7,,2034-11-13,36-45,2034-11
4701,46,Male,Home & Living,Debit Card,789.92,14,2.5,,2034-11-14,46-55,2034-11
4702,52,Female,Beauty,Debit Card,1467.05,8,1.7,,2034-11-15,46-55,2034-11
4703,64,Other,Fashion,Credit Card,791.92,11,3.5,,2034-11-16,56+,2034-11
4704,52,Other,Home & Living,Credit Card,905.83,6,2.9,,2034-11-17,46-55,2034-11
4705,60,Male,Sports,Debit Card,115.19,2,4.6,,2034-11-18,56+,2034-11
4706,21,Other,Sports,UPI,92.92,6,4.1,,2034-11-19,19-25,2034-11
4707,40,Other,Fashion,Credit Card,1275.75,1,1.2,,2034-11-20,36-45,2034-11
4708,58,Female,Fashion,Debit Card,108.55,13,4.4,,2034-11-21,56+,2034-11
4709,62,Other,Electronics,Wallet,683.78,13,1.4,,2034-11-22,56+,2034-11
4710,52,Female,Beauty,Wallet,615.77,13,4.5,,2034-11-23,46-55,2034-11
4711,57,Female,Electronics,Credit Card,1464.0,7,3.4,,2034-11-24,56+,2034-11
4712,27,Male,Groceries,Cash on Delivery,1327.01,11,4.5,,2034-11-25,26-35,2034-11
4713,54,Other,Electronics,UPI,660.18,4,2.1,,2034-11-26,46-55,2034-11
4714,52,Male,Electronics,Wallet,51.55,11,3.0,,2034-11-27,46-55,2034-11
4715,51,Female,Sports,Debit Card,1001.12,14,1.8,,2034-11-28,46-55,2034-11
4716,21,Other,Fashion,Credit Card,161.1,12,2.5,,2034-11-29,19-25,2034-11
4717,46,Male,Home & Living,Credit Card,441.99,2,3.5,,2034-11-30,46-55,2034-11
4718,28,Male,Home & Living,Credit Card,733.4,1,1.7,,2034-12-01,26-35,2034-12
4719,46,Other,Electronics,Wallet,133.4,12,4.7,,2034-12-02,46-55,2034-12
4720,52,Male,Sports,Cash on Delivery,410.57,8,4.7,,2034-12-03,46-55,2034-12
4721,34,Male,Beauty,Debit Card,1102.05,5,3.8,,2034-12-04,26-35,2034-12
4722,32,Male,Home & Living,Wallet,568.51,1,3.3,,2034-12-05,26-35,2034-12
4723,51,Male,Groceries,Credit Card,927.47,11,1.7,,2034-12-06,46-55,2034-12
4724,68,Male,Sports,UPI,1102.9,5,1.2,,2034-12-07,56+,2034-12
4725,38,Other,Sports,Cash on Delivery,1013.95,7,3.3,,2034-12-08,36-45,2034-12
4726,68,Male,Electronics,UPI,1189.0,6,3.8,,2034-12-09,56+,2034-12
4727,62,Other,Home & Living,Wallet,1167.19,12,2.5,,2034-12-10,56+,2034-12
4728,56,Other,Electronics,Wallet,868.82,8,4.2,,2034-12-11,56+,2034-12
4729,60,Female,Fashion,Wallet,1085.5,10,4.3,,2034-12-12,56+,2034-12
4730,20,Other,Sports,Debit Card,451.62,6,4.2,,2034-12-13,19-25,2034-12
4731,46,Male,Beauty,Wallet,783.17,9,2.1,,2034-12-14,46-55,2034-12
4732,60,Male,Beauty,Cash on Delivery,769.35,14,1.7,,2034-12-15,56+,2034-12
4733,54,Male,Beauty,Credit Card,911.48,6,2.7,,2034-12-16,46-55,2034-12
4734,29,Male,Groceries,Cash on Delivery,681.32,2,3.3,,2034-12-17,26-35,2034-12
4735,40,Female,Home & Living,Wallet,1492.08,6,2.0,,2034-12-18,36-45,2034-12
4736,24,Other,Home & Living,Wallet,967.7,3,4.7,,2034-12-19,19-25,2034-12
4737,64,Other,Sports,Debit Card,142.28,11,3.2,,2034-12-20,56+,2034-12
4738,48,Male,Sports,UPI,1138.44,12,2.6,,2034-12-21,46-55,2034-12
4739,18,Female,Sports,Wallet,372.87,3,1.3,,2034-12-22,0-18,2034-12
4740,57,Male,Electronics,UPI,1297.18,11,3.9,,2034-12-23,56+,2034-12
4741,26,Other,Electronics,Debit Card,176.35,6,1.3,,2034-12-24,26-35,2034-12
4742,44,Male,Home & Living,Credit Card,1082.93,1,1.0,,2034-12-25,36-45,2034-12
4743,45,Male,Beauty,Cash on Delivery,1147.12,7,3.7,,2034-12-26,36-45,2034-12
4744,31,Male,Groceries,UPI,1070.44,13,1.7,,2034-12-27,26-35,2034-12
4745,34,Other,Beauty,Debit Card,64.7,11,3.0,,2034-12-28,26-35,2034-12
4746,23,Other,Beauty,Wallet,1224.1,7,2.0,,2034-12-29,19-25,2034-12
4747,56,Male,Beauty,UPI,275.13,8,3.9,,2034-12-30,56+,2034-12
4748,31,Female,Groceries,UPI,117.69,3,3.3,,2034-12-31,26-35,2034-12
4749,25,Other,Groceries,Wallet,1301.32,9,4.2,,2035-01-01,19-25,2035-01
4750,45,Female,Groceries,Debit Card,727.16,12,2.9,,2035-01-02,36-45,2035-01
4751,22,Male,Sports,Wallet,718.42,5,1.8,,2035-01-03,19-25,2035-01
4752,32,Male,Beauty,Credit Card,161.23,7,4.0,,2035-01-04,26-35,2035-01
4753,33,Male,Fashion,Credit Card,1005.06,6,5.0,,2035-01-05,26-35,2035-01
4754,58,Male,Beauty,Wallet,1149.35,11,1.9,,2035-01-06,56+,2035-01
4755,44,Male,Beauty,UPI,781.22,6,3.3,,2035-01-07,36-45,2035-01
4756,40,Other,Home & Living,Wallet,475.01,13,4.4,,2035-01-08,36-45,2035-01
4757,47,Male,Home & Living,Wallet,765.85,13,4.0,,2035-01-09,46-55,2035-01
4758,52,Male,Sports,Cash on Delivery,840.19,1,1.3,,2035-01-10,46-55,2035-01
4759,30,Other,Sports,Wallet,470.96,14,3.5,,2035-01-11,26-35,2035-01
4760,44,Female,Beauty,Cash on Delivery,926.49,11,3.3,,2035-01-12,36-45,2035-01
4761,30,Male,Sports,Debit Card,1140.5,9,2.9,,2035-01-13,26-35,2035-01
4762,27,Male,Sports,UPI,239.65,4,2.5,,2035-01-14,26-35,2035-01
4763,51,Other,Beauty,UPI,638.87,8,2.3,,2035-01-15,46-55,2035-01
4764,32,Female,Fashion,Credit Card,818.1,7,4.2,,2035-01-16,26-35,2035-01
4765,49,Other,Fashion,UPI,171.5,11,3.2,,2035-01-17,46-55,2035-01
4766,67,Female,Beauty,Credit Card,202.74,7,4.2,,2035-01-18,56+,2035-01
4767,54,Male,Groceries,UPI,1014.89,7,3.0,,2035-01-19,46-55,2035-01
4768,58,Male,Beauty,Debit Card,757.9,6,2.7,,2035-01-20,56+,2035-01
4769,59,Other,Sports,Debit Card,284.08,3,2.1,,2035-01-21,56+,2035-01
4770,69,Female,Electronics,Wallet,888.24,4,1.2,,2035-01-22,56+,2035-01
4771,65,Male,Home & Living,Debit Card,131.95,7,3.5,,2035-01-23,56+,2035-01
4772,50,Female,Beauty,Credit Card,398.95,1,2.9,,2035-01-24,46-55,2035-01
4773,44,Male,Electronics,Credit Card,940.12,4,2.7,,2035-01-25,36-45,2035-01
4774,66,Male,Sports,UPI,1081.96,9,3.2,,2035-01-26,56+,2035-01
4775,28,Other,Beauty,Credit Card,1419.6,2,4.8,,2035-01-27,26-35,2035-01
4776,42,Female,Electronics,UPI,395.33,14,1.3,,2035-01-28,36-45,2035-01
4777,51,Other,Fashion,Cash on Delivery,1187.79,9,1.9,,2035-01-29,46-55,2035-01
4778,54,Male,Home & Living,UPI,683.39,8,1.1,,2035-01-30,46-55,2035-01
4779,23,Male,Fashion,UPI,948.16,3,1.8,,2035-01-31,19-25,2035-01
4780,35,Female,Beauty,Wallet,1419.96,7,2.5,,2035-02-01,26-35,2035-02
4781,55,Male,Sports,Debit Card,1286.44,3,3.7,,2035-02-02,46-55,2035-02
4782,23,Male,Beauty,Debit Card,1185.67,5,1.1,,2035-02-03,19-25,2035-02
4783,24,Female,Electronics,Debit Card,882.45,4,4.5,,2035-02-04,19-25,2035-02
4784,49,Female,Fashion,Debit Card,111.71,3,2.3,,2035-02-05,46-55,2035-02
4785,42,Female,Groceries,Debit Card,135.92,14,3.5,,2035-02-06,36-45,2035-02
4786,63,Male,Home & Living,Cash on Delivery,652.58,12,3.2,,2035-02-07,56+,2035-02
4787,53,Female,Electronics,Wallet,487.62,7,2.6,,2035-02-08,46-55,2035-02
4788,39,Male,Sports,Debit Card,462.39,3,4.1,,2035-02-09,36-45,2035-02
4789,43,Other,Home & Living,Wallet,485.47,10,2.8,,2035-02-10,36-45,2035-02
4790,45,Other,Sports,Debit Card,83.39,11,2.3,,2035-02-11,36-45,2035-02
4791,29,Male,Home & Living,Debit Card,1339.4,2,4.5,,2035-02-12,26-35,2035-02
4792,21,Other,Beauty,Debit Card,1427.34,9,2.9,,2035-02-13,19-25,2035-02
4793,59,Other,Home & Living,Debit Card,566.22,2,2.1,,2035-02-14,56+,2035-02
4794,60,Male,Beauty,Debit Card,1019.64,9,1.2,,2035-02-15,56+,2035-02
4795,47,Male,Sports,Cash on Delivery,535.94,11,4.0,,2035-02-16,46-55,2035-02
4796,33,Female,Fashion,Credit Card,405.38,9,4.1,,2035-02-17,26-35,2035-02
4797,29,Other,Sports,Cash on Delivery,421.92,9,2.8,,2035-02-18,26-35,2035-02
4798,61,Male,Electronics,Credit Card,584.0,7,4.0,,2035-02-19,56+,2035-02
4799,28,Male,Fashion,Wallet,546.39,7,3.6,,2035-02-20,26-35,2035-02
4800,18,Male,Home & Living,Cash on Delivery,1139.07,2,2.9,,2035-02-21,0-18,2035-02
4801,34,Female,Groceries,UPI,1458.76,2,3.0,,2035-02-22,26-35,2035-02
4802,32,Female,Electronics,Wallet,849.97,1,4.8,,2035-02-23,26-35,2035-02
4803,50,Other,Groceries,UPI,377.04,8,4.0,,2035-02-24,46-55,2035-02
4804,23,Female,Sports,UPI,493.16,4,1.6,,2035-02-25,19-25,2035-02
4805,36,Male,Sports,Cash on Delivery,192.41,14,3.5,,2035-02-26,36-45,2035-02
4806,38,Female,Sports,Cash on Delivery,715.41,12,3.8,,2035-02-27,36-45,2035-02
4807,59,Male,Groceries,Wallet,964.71,12,1.8,,2035-02-28,56+,2035-02
4808,39,Other,Groceries,Credit Card,1226.41,1,4.2,,2035-03-01,36-45,2035-03
4809,35,Female,Beauty,Cash on Delivery,502.81,14,1.4,,2035-03-02,26-35,2035-03
4810,58,Other,Home & Living,Debit Card,476.72,2,4.8,,2035-03-03,56+,2035-03
4811,58,Male,Sports,UPI,77.73,11,4.9,,2035-03-04,56+,2035-03
4812,61,Male,Groceries,Debit Card,1136.19,8,2.4,,2035-03-05,56+,2035-03
4813,38,Female,Beauty,Debit Card,199.52,3,3.4,,2035-03-06,36-45,2035-03
4814,48,Male,Beauty,UPI,811.33,11,3.0,,2035-03-07,46-55,2035-03
4815,18,Other,Home & Living,Debit Card,1331.75,2,3.4,,2035-03-08,0-18,2035-03
4816,49,Other,Sports,Debit Card,69.84,5,4.5,,2035-03-09,46-55,2035-03
4817,39,Other,Beauty,Wallet,439.35,7,1.6,,2035-03-10,36-45,2035-03
4818,19,Female,Beauty,Wallet,29.6,10,3.0,,2035-03-11,19-25,2035-03
4819,35,Female,Home & Living,Cash on Delivery,201.06,12,4.0,,2035-03-12,26-35,2035-03
4820,47,Female,Sports,Debit Card,1283.88,14,1.2,,2035-03-13,46-55,2035-03
4821,55,Other,Home & Living,Credit Card,286.46,5,3.9,,2035-03-14,46-55,2035-03
4822,68,Other,Sports,UPI,435.01,10,1.1,,2035-03-15,56+,2035-03
4823,56,Other,Groceries,Credit Card,965.97,5,4.0,,2035-03-16,56+,2035-03
4824,64,Male,Fashion,UPI,238.16,11,3.7,,2035-03-17,56+,2035-03
4825,23,Male,Beauty,Wallet,262.13,12,1.8,,2035-03-18,19-25,2035-03
4826,53,Other,Electronics,Cash on Delivery,1460.11,13,2.3,,2035-03-19,46-55,2035-03
4827,44,Other,Sports,Debit Card,562.49,14,3.1,,2035-03-20,36-45,2035-03
4828,44,Other,Home & Living,Debit Card,393.66,2,4.0,,2035-03-21,36-45,2035-03
4829,48,Female,Sports,Wallet,346.7,5,4.0,,2035-03-22,46-55,2035-03
4830,39,Other,Groceries,UPI,726.54,10,3.8,,2035-03-23,36-45,2035-03
4831,46,Male,Groceries,Debit Card,489.15,12,2.7,,2035-03-24,46-55,2035-03
4832,66,Male,Electronics,Wallet,1006.54,3,3.3,,2035-03-25,56+,2035-03
4833,60,Male,Sports,Debit Card,1261.82,4,4.3,,2035-03-26,56+,2035-03
4834,39,Male,Fashion,UPI,1492.68,6,3.1,,2035-03-27,36-45,2035-03
4835,55,Other,Beauty,UPI,516.04,13,1.7,,2035-03-28,46-55,2035-03
4836,68,Other,Electronics,Debit Card,618.8,11,2.1,,2035-03-29,56+,2035-03
4837,36,Female,Sports,Cash on Delivery,1452.11,14,3.8,,2035-03-30,36-45,2035-03
4838,28,Female,Home & Living,UPI,800.27,4,3.1,,2035-03-31,26-35,2035-03
4839,25,Female,Beauty,Cash on Delivery,41.92,14,5.0,,2035-04-01,19-25,2035-04
4840,25,Male,Sports,UPI,1480.48,12,4.3,,2035-04-02,19-25,2035-04
4841,65,Female,Groceries,Debit Card,374.23,8,3.3,,2035-04-03,56+,2035-04
4842,33,Male,Electronics,Debit Card,295.64,9,3.0,,2035-04-04,26-35,2035-04
4843,69,Male,Electronics,Credit Card,517.79,1,4.5,,2035-04-05,56+,2035-04
4844,19,Other,Beauty,Debit Card,1200.43,5,2.2,,2035-04-06,19-25,2035-04
4845,32,Male,Beauty,Wallet,540.34,6,1.5,,2035-04-07,26-35,2035-04
4846,42,Other,Sports,Cash on Delivery,820.09,5,1.9,,2035-04-08,36-45,2035-04
4847,67,Male,Electronics,Wallet,1230.96,10,3.8,,2035-04-09,56+,2035-04
4848,27,Male,Sports,Wallet,1314.47,4,4.3,,2035-04-10,26-35,2035-04
4849,32,Female,Groceries,Credit Card,919.65,11,1.4,,2035-04-11,26-35,2035-04
4850,29,Other,Fashion,Cash on Delivery,943.6,6,3.0,,2035-04-12,26-35,2035-04
4851,61,Male,Electronics,Credit Card,1122.9,6,2.2,,2035-04-13,56+,2035-04
4852,24,Female,Groceries,UPI,546.33,9,4.3,,2035-04-14,19-25,2035-04
4853,59,Other,Home & Living,UPI,509.68,8,4.5,,2035-04-15,56+,2035-04
4854,63,Other,Sports,Debit Card,1429.73,4,4.6,,2035-04-16,56+,2035-04
4855,25,Other,Beauty,Wallet,543.78,9,1.4,,2035-04-17,19-25,2035-04
4856,18,Other,Fashion,Debit Card,183.12,7,1.3,,2035-04-18,0-18,2035-04
4857,33,Female,Fashion,Cash on Delivery,159.2,11,3.9,,2035-04-19,26-35,2035-04
4858,48,Male,Sports,Debit Card,790.38,7,3.5,,2035-04-20,46-55,2035-04
4859,68,Male,Fashion,Wallet,1176.59,9,1.7,,2035-04-21,56+,2035-04
4860,46,Female,Sports,Credit Card,973.16,14,3.1,,2035-04-22,46-55,2035-04
4861,64,Male,Home & Living,Debit Card,243.82,9,2.3,,2035-04-23,56+,2035-04
4862,51,Male,Home & Living,UPI,1333.75,7,4.0,,2035-04-24,46-55,2035-04
4863,67,Other,Electronics,Wallet,564.91,8,1.5,,2035-04-25,56+,2035-04
4864,54,Female,Groceries,Wallet,498.21,4,1.1,,2035-04-26,46-55,2035-04
4865,69,Other,Beauty,UPI,1272.66,5,2.5,,2035-04-27,56+,2035-04
4866,29,Female,Sports,Debit Card,1015.25,14,3.5,,2035-04-28,26-35,2035-04
4867,23,Other,Home & Living,Debit Card,1027.45,3,3.2,,2035-04-29,19-25,2035-04
4868,55,Female,Groceries,UPI,711.17,5,3.3,,2035-04-30,46-55,2035-04
4869,42,Male,Sports,Debit Card,874.78,6,1.2,,2035-05-01,36-45,2035-05
4870,55,Male,Electronics,Cash on Delivery,597.51,6,3.3,,2035-05-02,46-55,2035-05
4871,66,Female,Fashion,UPI,840.52,8,2.8,,2035-05-03,56+,2035-05
4872,62,Male,Sports,Cash on Delivery,622.18,10,1.4,,2035-05-04,56+,2035-05
4873,47,Other,Groceries,UPI,664.45,9,2.6,,2035-05-05,46-55,2035-05
4874,65,Female,Home & Living,Debit Card,491.85,10,3.7,,2035-05-06,56+,2035-05
4875,23,Male,Groceries,UPI,380.08,8,2.9,,2035-05-07,19-25,2035-05
4876,23,Male,Home & Living,Debit Card,880.97,4,2.0,,2035-05-08,19-25,2035-05
4877,19,Other,Groceries,Cash on Delivery,1149.35,1,4.9,,2035-05-09,19-25,2035-05
4878,46,Other,Groceries,Wallet,983.62,13,1.0,,2035-05-10,46-55,2035-05
4879,22,Female,Electronics,UPI,452.12,10,2.3,,2035-05-11,19-25,2035-05
4880,25,Female,Home & Living,Cash on Delivery,55.12,13,2.3,,2035-05-12,19-25,2035-05
4881,28,Other,Fashion,Cash on Delivery,312.33,12,1.9,,2035-05-13,26-35,2035-05
4882,59,Male,Electronics,Credit Card,1092.32,8,3.8,,2035-05-14,56+,2035-05
4883,36,Other,Home & Living,Wallet,1294.69,2,4.3,,2035-05-15,36-45,2035-05
4884,68,Other,Groceries,UPI,1342.08,4,3.3,,2035-05-16,56+,2035-05
4885,23,Male,Beauty,Debit Card,1255.52,2,4.8,,2035-05-17,19-25,2035-05
4886,56,Male,Electronics,Credit Card,284.63,14,2.2,,2035-05-18,56+,2035-05
4887,18,Male,Fashion,Debit Card,1212.06,12,4.7,,2035-05-19,0-18,2035-05
4888,43,Other,Fashion,Wallet,682.68,6,4.5,,2035-05-20,36-45,2035-05
4889,53,Male,Beauty,Credit Card,969.68,10,2.8,,2035-05-21,46-55,2035-05
4890,30,Female,Fashion,Debit Card,248.41,2,1.2,,2035-05-22,26-35,2035-05
4891,21,Male,Sports,UPI,668.48,5,4.9,,2035-05-23,19-25,2035-05
4892,56,Male,Electronics,Credit Card,322.09,4,4.2,,2035-05-24,56+,2035-05
4893,52,Female,Fashion,Wallet,1065.77,1,1.8,,2035-05-25,46-55,2035-05
4894,41,Other,Sports,Wallet,1265.14,1,3.6,,2035-05-26,36-45,2035-05
4895,35,Female,Fashion,Cash on Delivery,435.53,6,4.7,,2035-05-27,26-35,2035-05
4896,35,Other,Groceries,Debit Card,975.6,2,4.6,,2035-05-28,26-35,2035-05
4897,59,Male,Home & Living,Wallet,1465.78,2,1.0,,2035-05-29,56+,2035-05
4898,19,Male,Groceries,UPI,1043.13,9,3.8,,2035-05-30,19-25,2035-05
4899,58,Male,Groceries,Cash on Delivery,1037.65,7,1.9,,2035-05-31,56+,2035-05
4900,34,Other,Groceries,UPI,606.59,11,4.5,,2035-06-01,26-35,2035-06
4901,49,Other,Sports,UPI,1111.39,12,3.1,,2035-06-02,46-55,2035-06
4902,22,Other,Sports,UPI,529.47,11,4.3,,2035-06-03,19-25,2035-06
4903,66,Other,Groceries,Debit Card,1174.73,4,4.4,,2035-06-04,56+,2035-06
4904,26,Female,Sports,Credit Card,456.61,12,2.8,,2035-06-05,26-35,2035-06
4905,48,Female,Groceries,Cash on Delivery,177.57,10,2.5,,2035-06-06,46-55,2035-06
4906,33,Female,Sports,Credit Card,1043.47,1,1.8,,2035-06-07,26-35,2035-06
4907,68,Female,Groceries,Debit Card,967.96,3,4.5,,2035-06-08,56+,2035-06
4908,23,Male,Home & Living,Debit Card,868.57,8,1.2,,2035-06-09,19-25,2035-06
4909,66,Male,Electronics,Cash on Delivery,869.29,1,2.0,,2035-06-10,56+,2035-06
4910,34,Other,Sports,UPI,1425.68,9,4.4,,2035-06-11,26-35,2035-06
4911,65,Male,Fashion,Debit Card,916.3,13,2.4,,2035-06-12,56+,2035-06
4912,62,Other,Sports,Credit Card,1242.34,8,3.7,,2035-06-13,56+,2035-06
4913,58,Male,Sports,UPI,274.38,4,4.9,,2035-06-14,56+,2035-06
4914,47,Male,Sports,Debit Card,609.39,14,4.2,,2035-06-15,46-55,2035-06
4915,49,Female,Electronics,UPI,306.98,1,3.0,,2035-06-16,46-55,2035-06
4916,47,Female,Sports,Credit Card,803.73,11,2.9,,2035-06-17,46-55,2035-06
4917,31,Male,Home & Living,Cash on Delivery,1011.53,5,2.6,,2035-06-18,26-35,2035-06
4918,20,Other,Fashion,Credit Card,626.83,8,4.4,,2035-06-19,19-25,2035-06
4919,37,Female,Beauty,UPI,397.84,7,2.0,,2035-06-20,36-45,2035-06
4920,67,Other,Fashion,Cash on Delivery,1301.86,3,2.4,,2035-06-21,56+,2035-06
4921,29,Male,Home & Living,Debit Card,552.1,12,2.8,,2035-06-22,26-35,2035-06
4922,48,Male,Beauty,Credit Card,1135.69,8,3.7,,2035-06-23,46-55,2035-06
4923,32,Other,Home & Living,UPI,845.07,11,4.1,,2035-06-24,26-35,2035-06
4924,60,Female,Home & Living,Credit Card,751.51,14,1.1,,2035-06-25,56+,2035-06
4925,18,Male,Electronics,Wallet,263.33,5,3.0,,2035-06-26,0-18,2035-06
4926,66,Male,Sports,Debit Card,1240.42,7,4.1,,2035-06-27,56+,2035-06
4927,64,Male,Home & Living,Cash on Delivery,1172.92,13,1.9,,2035-06-28,56+,2035-06
4928,35,Female,Fashion,Debit Card,1418.11,12,1.3,,2035-06-29,26-35,2035-06
4929,50,Male,Electronics,UPI,989.96,3,3.8,,2035-06-30,46-55,2035-06
4930,24,Other,Beauty,UPI,58.61,11,1.4,,2035-07-01,19-25,2035-07
4931,21,Male,Groceries,Debit Card,649.63,11,2.9,,2035-07-02,19-25,2035-07
4932,69,Other,Fashion,Cash on Delivery,55.06,1,4.6,,2035-07-03,56+,2035-07
4933,64,Male,Sports,Credit Card,65.54,10,4.7,,2035-07-04,56+,2035-07
4934,54,Male,Fashion,UPI,1326.65,4,1.2,,2035-07-05,46-55,2035-07
4935,37,Female,Groceries,UPI,131.98,3,2.6,,2035-07-06,36-45,2035-07
4936,31,Male,Sports,Debit Card,972.31,12,3.8,,2035-07-07,26-35,2035-07
4937,25,Other,Sports,Wallet,1066.84,7,1.5,,2035-07-08,19-25,2035-07
4938,20,Other,Electronics,Cash on Delivery,265.34,1,3.8,,2035-07-09,19-25,2035-07
4939,63,Other,Groceries,Credit Card,12.05,10,1.1,,2035-07-10,56+,2035-07
4940,65,Male,Electronics,Credit Card,986.64,6,2.1,,2035-07-11,56+,2035-07
4941,59,Female,Home & Living,Credit Card,162.87,3,3.8,,2035-07-12,56+,2035-07
4942,52,Female,Fashion,Credit Card,441.82,13,1.9,,2035-07-13,46-55,2035-07
4943,43,Female,Fashion,Credit Card,683.3,6,4.6,,2035-07-14,36-45,2035-07
4944,46,Female,Groceries,Debit Card,615.33,6,2.4,,2035-07-15,46-55,2035-07
4945,33,Male,Groceries,Wallet,162.85,14,3.8,,2035-07-16,26-35,2035-07
4946,48,Other,Electronics,Debit Card,1325.92,14,4.5,,2035-07-17,46-55,2035-07
4947,69,Male,Beauty,Debit Card,1271.51,2,2.8,,2035-07-18,56+,2035-07
4948,68,Female,Electronics,Debit Card,992.04,12,2.3,,2035-07-19,56+,2035-07
4949,52,Female,Sports,Debit Card,114.61,10,3.2,,2035-07-20,46-55,2035-07
4950,62,Other,Fashion,Debit Card,107.57,7,2.1,,2035-07-21,56+,2035-07
4951,68,Male,Electronics,Cash on Delivery,250.14,14,2.1,,2035-07-22,56+,2035-07
4952,20,Other,Sports,Debit Card,512.86,6,3.8,,2035-07-23,19-25,2035-07
4953,62,Other,Electronics,Debit Card,1040.75,14,1.3,,2035-07-24,56+,2035-07
4954,33,Male,Fashion,Debit Card,85.6,14,1.3,,2035-07-25,26-35,2035-07
4955,25,Other,Sports,Credit Card,1408.54,5,1.6,,2035-07-26,19-25,2035-07
4956,39,Female,Beauty,UPI,220.61,14,4.7,,2035-07-27,36-45,2035-07
4957,50,Female,Electronics,UPI,439.16,12,3.9,,2035-07-28,46-55,2035-07
4958,38,Other,Fashion,Credit Card,603.26,5,2.3,,2035-07-29,36-45,2035-07
4959,58,Other,Beauty,Debit Card,1257.41,9,3.2,,2035-07-30,56+,2035-07
4960,46,Male,Home & Living,Wallet,798.8,1,2.3,,2035-07-31,46-55,2035-07
4961,34,Female,Groceries,UPI,1031.94,10,2.7,,2035-08-01,26-35,2035-08
4962,50,Male,Fashion,UPI,74.49,12,1.5,,2035-08-02,46-55,2035-08
4963,35,Male,Fashion,Credit Card,297.65,7,1.6,,2035-08-03,26-35,2035-08
4964,61,Other,Groceries,Credit Card,343.43,14,3.1,,2035-08-04,56+,2035-08
4965,28,Male,Electronics,Wallet,547.2,1,1.1,,2035-08-05,26-35,2035-08
4966,53,Female,Electronics,Wallet,709.17,1,4.3,,2035-08-06,46-55,2035-08
4967,31,Female,Home & Living,Debit Card,1066.74,7,3.0,,2035-08-07,26-35,2035-08
4968,67,Male,Home & Living,UPI,1326.61,7,3.6,,2035-08-08,56+,2035-08
4969,21,Male,Home & Living,Credit Card,1453.79,1,4.7,,2035-08-09,19-25,2035-08
4970,57,Female,Home & Living,Wallet,21.94,12,4.3,,2035-08-10,56+,2035-08
4971,19,Other,Groceries,Wallet,390.58,11,1.3,,2035-08-11,19-25,2035-08
4972,65,Other,Home & Living,Debit Card,897.22,5,1.3,,2035-08-12,56+,2035-08
4973,30,Other,Beauty,Wallet,404.08,7,1.7,,2035-08-13,26-35,2035-08
4974,18,Female,Home & Living,Credit Card,164.11,1,2.3,,2035-08-14,0-18,2035-08
4975,34,Female,Sports,Debit Card,1465.25,12,2.1,,2035-08-15,26-35,2035-08
4976,28,Male,Sports,Debit Card,1237.25,4,3.5,,2035-08-16,26-35,2035-08
4977,47,Female,Groceries,UPI,1131.27,4,1.8,,2035-08-17,46-55,2035-08
4978,34,Male,Groceries,UPI,1438.68,13,3.7,,2035-08-18,26-35,2035-08
4979,62,Other,Sports,UPI,1334.57,11,3.3,,2035-08-19,56+,2035-08
4980,24,Male,Beauty,Debit Card,1384.55,7,2.5,,2035-08-20,19-25,2035-08
4981,65,Male,Groceries,Cash on Delivery,1065.35,2,1.4,,2035-08-21,56+,2035-08
4982,24,Female,Beauty,Credit Card,117.95,9,4.5,,2035-08-22,19-25,2035-08
4983,47,Male,Beauty,Wallet,1481.6,7,3.1,,2035-08-23,46-55,2035-08
4984,25,Male,Electronics,Credit Card,1021.38,3,3.0,,2035-08-24,19-25,2035-08
4985,49,Other,Groceries,Credit Card,614.09,7,3.9,,2035-08-25,46-55,2035-08
4986,19,Other,Groceries,Debit Card,189.09,3,2.6,,2035-08-26,19-25,2035-08
4987,58,Male,Electronics,Credit Card,342.82,7,2.5,,2035-08-27,56+,2035-08
4988,49,Female,Beauty,UPI,1324.95,6,2.5,,2035-08-28,46-55,2035-08
4989,43,Other,Sports,Cash on Delivery,1222.9,7,1.5,,2035-08-29,36-45,2035-08
4990,21,Male,Electronics,Debit Card,567.53,5,3.5,,2035-08-30,19-25,2035-08
4991,54,Other,Sports,Cash on Delivery,593.84,5,4.9,,2035-08-31,46-55,2035-08
4992,46,Other,Fashion,Debit Card,184.19,8,2.8,,2035-09-01,46-55,2035-09
4993,57,Female,Sports,UPI,1238.4,9,2.3,,2035-09-02,56+,2035-09
4994,19,Other,Beauty,Credit Card,1479.71,4,4.9,,2035-09-03,19-25,2035-09
4995,46,Other,Electronics,Cash on Delivery,777.11,10,3.9,,2035-09-04,46-55,2035-09
4996,18,Female,Groceries,Credit Card,420.44,7,1.3,,2035-09-05,0-18,2035-09
4997,19,Male,Sports,UPI,1389.97,2,1.2,,2035-09-06,19-25,2035-09
4998,42,Male,Sports,Credit Card,845.66,4,1.3,,2035-09-07,36-45,2035-09
4999,46,Other,Sports,Credit Card,1077.51,3,2.6,,2035-09-08,46-55,2035-09
5000,60,Male,Sports,UPI,290.47,8,1.5,,2035-09-09,56+,2035-09
